dataset,split,filename,abs_image_path,md5
FUNDUS_SORTED,Train,584.jpg,/raid/home/students/hawky_luc/P-le-Projet-Zenkolab/datasets/sshikamaru__glaucoma-detection/Fundus_Train_Val_Data/Fundus_Scanes_Sorted/Train/Glaucoma_Positive/584.jpg,002d9a6517a284c5e6c2d5d01dc7b565
ORIGA,A,584.jpg,/raid/home/students/hawky_luc/P-le-Projet-Zenkolab/datasets/sshikamaru__glaucoma-detection/ORIGA/ORIGA/Images/584.jpg,002d9a6517a284c5e6c2d5d01dc7b565
FUNDUS_SORTED,Train,104.jpg,/raid/home/students/hawky_luc/P-le-Projet-Zenkolab/datasets/sshikamaru__glaucoma-detection/Fundus_Train_Val_Data/Fundus_Scanes_Sorted/Train/Glaucoma_Negative/104.jpg,01ef80fdb7dc4ba1c7f75b31cff06032
ORIGA,A,104.jpg,/raid/home/students/hawky_luc/P-le-Projet-Zenkolab/datasets/sshikamaru__glaucoma-detection/ORIGA/ORIGA/Images/104.jpg,01ef80fdb7dc4ba1c7f75b31cff06032
FUNDUS_SORTED,Train,341.jpg,/raid/home/students/hawky_luc/P-le-Projet-Zenkolab/datasets/sshikamaru__glaucoma-detection/Fundus_Train_Val_Data/Fundus_Scanes_Sorted/Train/Glaucoma_Negative/341.jpg,03b86dbf482f4550a33fcb23b9e0bc13
ORIGA,B,341.jpg,/raid/home/students/hawky_luc/P-le-Projet-Zenkolab/datasets/sshikamaru__glaucoma-detection/ORIGA/ORIGA/Images/341.jpg,03b86dbf482f4550a33fcb23b9e0bc13
ORIGA,B,144.jpg,/raid/home/students/hawky_luc/P-le-Projet-Zenkolab/datasets/sshikamaru__glaucoma-detection/ORIGA/ORIGA/Images/144.jpg,041085c1aaa29ff6da35b2060cc44ad9
FUNDUS_SORTED,Train,144.jpg,/raid/home/students/hawky_luc/P-le-Projet-Zenkolab/datasets/sshikamaru__glaucoma-detection/Fundus_Train_Val_Data/Fundus_Scanes_Sorted/Train/Glaucoma_Negative/144.jpg,041085c1aaa29ff6da35b2060cc44ad9
FUNDUS_SORTED,Validation,599.jpg,/raid/home/students/hawky_luc/P-le-Projet-Zenkolab/datasets/sshikamaru__glaucoma-detection/Fundus_Train_Val_Data/Fundus_Scanes_Sorted/Validation/Glaucoma_Negative/599.jpg,04114f0b2305b69c4fd6ee02c4d532af
ORIGA,B,599.jpg,/raid/home/students/hawky_luc/P-le-Projet-Zenkolab/datasets/sshikamaru__glaucoma-detection/ORIGA/ORIGA/Images/599.jpg,04114f0b2305b69c4fd6ee02c4d532af
FUNDUS_SORTED,Train,388.jpg,/raid/home/students/hawky_luc/P-le-Projet-Zenkolab/datasets/sshikamaru__glaucoma-detection/Fundus_Train_Val_Data/Fundus_Scanes_Sorted/Train/Glaucoma_Negative/388.jpg,04675a31d8659b70cecdc56bf66b0f5d
ORIGA,B,388.jpg,/raid/home/students/hawky_luc/P-le-Projet-Zenkolab/datasets/sshikamaru__glaucoma-detection/ORIGA/ORIGA/Images/388.jpg,04675a31d8659b70cecdc56bf66b0f5d
FUNDUS_SORTED,Train,009.jpg,/raid/home/students/hawky_luc/P-le-Projet-Zenkolab/datasets/sshikamaru__glaucoma-detection/Fundus_Train_Val_Data/Fundus_Scanes_Sorted/Train/Glaucoma_Negative/009.jpg,0468a79a512fcd4831d74d5a9d4def34
ORIGA,B,009.jpg,/raid/home/students/hawky_luc/P-le-Projet-Zenkolab/datasets/sshikamaru__glaucoma-detection/ORIGA/ORIGA/Images/009.jpg,0468a79a512fcd4831d74d5a9d4def34
FUNDUS_SORTED,Train,482.jpg,/raid/home/students/hawky_luc/P-le-Projet-Zenkolab/datasets/sshikamaru__glaucoma-detection/Fundus_Train_Val_Data/Fundus_Scanes_Sorted/Train/Glaucoma_Negative/482.jpg,047b504cf6fb532f3b0ad321e29a85f3
ORIGA,A,482.jpg,/raid/home/students/hawky_luc/P-le-Projet-Zenkolab/datasets/sshikamaru__glaucoma-detection/ORIGA/ORIGA/Images/482.jpg,047b504cf6fb532f3b0ad321e29a85f3
ORIGA,B,018.jpg,/raid/home/students/hawky_luc/P-le-Projet-Zenkolab/datasets/sshikamaru__glaucoma-detection/ORIGA/ORIGA/Images/018.jpg,049770afe8febb4b63745780bf4cc270
FUNDUS_SORTED,Train,018.jpg,/raid/home/students/hawky_luc/P-le-Projet-Zenkolab/datasets/sshikamaru__glaucoma-detection/Fundus_Train_Val_Data/Fundus_Scanes_Sorted/Train/Glaucoma_Negative/018.jpg,049770afe8febb4b63745780bf4cc270
ORIGA,A,426.jpg,/raid/home/students/hawky_luc/P-le-Projet-Zenkolab/datasets/sshikamaru__glaucoma-detection/ORIGA/ORIGA/Images/426.jpg,053afc884dc0ad2da36f5ff53368abce
FUNDUS_SORTED,Train,426.jpg,/raid/home/students/hawky_luc/P-le-Projet-Zenkolab/datasets/sshikamaru__glaucoma-detection/Fundus_Train_Val_Data/Fundus_Scanes_Sorted/Train/Glaucoma_Positive/426.jpg,053afc884dc0ad2da36f5ff53368abce
ORIGA,B,585.jpg,/raid/home/students/hawky_luc/P-le-Projet-Zenkolab/datasets/sshikamaru__glaucoma-detection/ORIGA/ORIGA/Images/585.jpg,059ec2c819151655d58e6329e7b45c06
FUNDUS_SORTED,Validation,585.jpg,/raid/home/students/hawky_luc/P-le-Projet-Zenkolab/datasets/sshikamaru__glaucoma-detection/Fundus_Train_Val_Data/Fundus_Scanes_Sorted/Validation/Glaucoma_Negative/585.jpg,059ec2c819151655d58e6329e7b45c06
ORIGA,B,444.jpg,/raid/home/students/hawky_luc/P-le-Projet-Zenkolab/datasets/sshikamaru__glaucoma-detection/ORIGA/ORIGA/Images/444.jpg,05a6a09eab822e90888441245a66ef27
FUNDUS_SORTED,Train,444.jpg,/raid/home/students/hawky_luc/P-le-Projet-Zenkolab/datasets/sshikamaru__glaucoma-detection/Fundus_Train_Val_Data/Fundus_Scanes_Sorted/Train/Glaucoma_Negative/444.jpg,05a6a09eab822e90888441245a66ef27
FUNDUS_SORTED,Validation,615.jpg,/raid/home/students/hawky_luc/P-le-Projet-Zenkolab/datasets/sshikamaru__glaucoma-detection/Fundus_Train_Val_Data/Fundus_Scanes_Sorted/Validation/Glaucoma_Positive/615.jpg,05bbf81122190a1f67136ece9eab9489
ORIGA,A,615.jpg,/raid/home/students/hawky_luc/P-le-Projet-Zenkolab/datasets/sshikamaru__glaucoma-detection/ORIGA/ORIGA/Images/615.jpg,05bbf81122190a1f67136ece9eab9489
FUNDUS_SORTED,Train,133.jpg,/raid/home/students/hawky_luc/P-le-Projet-Zenkolab/datasets/sshikamaru__glaucoma-detection/Fundus_Train_Val_Data/Fundus_Scanes_Sorted/Train/Glaucoma_Negative/133.jpg,061e93b670d1cf91fef7e111453aa03f
ORIGA,A,133.jpg,/raid/home/students/hawky_luc/P-le-Projet-Zenkolab/datasets/sshikamaru__glaucoma-detection/ORIGA/ORIGA/Images/133.jpg,061e93b670d1cf91fef7e111453aa03f
FUNDUS_SORTED,Train,073.jpg,/raid/home/students/hawky_luc/P-le-Projet-Zenkolab/datasets/sshikamaru__glaucoma-detection/Fundus_Train_Val_Data/Fundus_Scanes_Sorted/Train/Glaucoma_Negative/073.jpg,064a6dc517cf71244fcaffc69c735e6f
ORIGA,A,073.jpg,/raid/home/students/hawky_luc/P-le-Projet-Zenkolab/datasets/sshikamaru__glaucoma-detection/ORIGA/ORIGA/Images/073.jpg,064a6dc517cf71244fcaffc69c735e6f
FUNDUS_SORTED,Train,151.jpg,/raid/home/students/hawky_luc/P-le-Projet-Zenkolab/datasets/sshikamaru__glaucoma-detection/Fundus_Train_Val_Data/Fundus_Scanes_Sorted/Train/Glaucoma_Negative/151.jpg,064c3a10cad5aff181878a2967384a73
ORIGA,A,151.jpg,/raid/home/students/hawky_luc/P-le-Projet-Zenkolab/datasets/sshikamaru__glaucoma-detection/ORIGA/ORIGA/Images/151.jpg,064c3a10cad5aff181878a2967384a73
FUNDUS_SORTED,Validation,577.jpg,/raid/home/students/hawky_luc/P-le-Projet-Zenkolab/datasets/sshikamaru__glaucoma-detection/Fundus_Train_Val_Data/Fundus_Scanes_Sorted/Validation/Glaucoma_Negative/577.jpg,068a9d102d52f97077af26d06641b192
ORIGA,A,577.jpg,/raid/home/students/hawky_luc/P-le-Projet-Zenkolab/datasets/sshikamaru__glaucoma-detection/ORIGA/ORIGA/Images/577.jpg,068a9d102d52f97077af26d06641b192
ORIGA,B,229.jpg,/raid/home/students/hawky_luc/P-le-Projet-Zenkolab/datasets/sshikamaru__glaucoma-detection/ORIGA/ORIGA/Images/229.jpg,0726264343bc5394c13a98f19233e1f5
FUNDUS_SORTED,Train,229.jpg,/raid/home/students/hawky_luc/P-le-Projet-Zenkolab/datasets/sshikamaru__glaucoma-detection/Fundus_Train_Val_Data/Fundus_Scanes_Sorted/Train/Glaucoma_Positive/229.jpg,0726264343bc5394c13a98f19233e1f5
ORIGA,B,466.jpg,/raid/home/students/hawky_luc/P-le-Projet-Zenkolab/datasets/sshikamaru__glaucoma-detection/ORIGA/ORIGA/Images/466.jpg,08667405d206fba8d161b7c25cc145cb
FUNDUS_SORTED,Train,466.jpg,/raid/home/students/hawky_luc/P-le-Projet-Zenkolab/datasets/sshikamaru__glaucoma-detection/Fundus_Train_Val_Data/Fundus_Scanes_Sorted/Train/Glaucoma_Negative/466.jpg,08667405d206fba8d161b7c25cc145cb
ORIGA,B,166.jpg,/raid/home/students/hawky_luc/P-le-Projet-Zenkolab/datasets/sshikamaru__glaucoma-detection/ORIGA/ORIGA/Images/166.jpg,0872de03ae14b7945702784988b814c7
FUNDUS_SORTED,Train,166.jpg,/raid/home/students/hawky_luc/P-le-Projet-Zenkolab/datasets/sshikamaru__glaucoma-detection/Fundus_Train_Val_Data/Fundus_Scanes_Sorted/Train/Glaucoma_Negative/166.jpg,0872de03ae14b7945702784988b814c7
FUNDUS_SORTED,Train,445.jpg,/raid/home/students/hawky_luc/P-le-Projet-Zenkolab/datasets/sshikamaru__glaucoma-detection/Fundus_Train_Val_Data/Fundus_Scanes_Sorted/Train/Glaucoma_Negative/445.jpg,0890f61fc0015d498177b8dfb36e82f5
ORIGA,B,445.jpg,/raid/home/students/hawky_luc/P-le-Projet-Zenkolab/datasets/sshikamaru__glaucoma-detection/ORIGA/ORIGA/Images/445.jpg,0890f61fc0015d498177b8dfb36e82f5
FUNDUS_SORTED,Train,449.jpg,/raid/home/students/hawky_luc/P-le-Projet-Zenkolab/datasets/sshikamaru__glaucoma-detection/Fundus_Train_Val_Data/Fundus_Scanes_Sorted/Train/Glaucoma_Negative/449.jpg,08c8876aa4cacefd8628351fc2e248b5
ORIGA,B,449.jpg,/raid/home/students/hawky_luc/P-le-Projet-Zenkolab/datasets/sshikamaru__glaucoma-detection/ORIGA/ORIGA/Images/449.jpg,08c8876aa4cacefd8628351fc2e248b5
ORIGA,A,423.jpg,/raid/home/students/hawky_luc/P-le-Projet-Zenkolab/datasets/sshikamaru__glaucoma-detection/ORIGA/ORIGA/Images/423.jpg,09a6d90f198d77c9eac38d03d98ef2d0
FUNDUS_SORTED,Train,423.jpg,/raid/home/students/hawky_luc/P-le-Projet-Zenkolab/datasets/sshikamaru__glaucoma-detection/Fundus_Train_Val_Data/Fundus_Scanes_Sorted/Train/Glaucoma_Negative/423.jpg,09a6d90f198d77c9eac38d03d98ef2d0
FUNDUS_SORTED,Train,038.jpg,/raid/home/students/hawky_luc/P-le-Projet-Zenkolab/datasets/sshikamaru__glaucoma-detection/Fundus_Train_Val_Data/Fundus_Scanes_Sorted/Train/Glaucoma_Negative/038.jpg,09cada4ab86c54ea7e28ff53744a3eed
ORIGA,A,038.jpg,/raid/home/students/hawky_luc/P-le-Projet-Zenkolab/datasets/sshikamaru__glaucoma-detection/ORIGA/ORIGA/Images/038.jpg,09cada4ab86c54ea7e28ff53744a3eed
ORIGA,B,441.jpg,/raid/home/students/hawky_luc/P-le-Projet-Zenkolab/datasets/sshikamaru__glaucoma-detection/ORIGA/ORIGA/Images/441.jpg,0a82ae1ff3e5d2f5e6a437577cdd3ff5
FUNDUS_SORTED,Train,441.jpg,/raid/home/students/hawky_luc/P-le-Projet-Zenkolab/datasets/sshikamaru__glaucoma-detection/Fundus_Train_Val_Data/Fundus_Scanes_Sorted/Train/Glaucoma_Positive/441.jpg,0a82ae1ff3e5d2f5e6a437577cdd3ff5
ORIGA,A,222.jpg,/raid/home/students/hawky_luc/P-le-Projet-Zenkolab/datasets/sshikamaru__glaucoma-detection/ORIGA/ORIGA/Images/222.jpg,0b11900c694a9700da13783d0aa063fb
FUNDUS_SORTED,Train,222.jpg,/raid/home/students/hawky_luc/P-le-Projet-Zenkolab/datasets/sshikamaru__glaucoma-detection/Fundus_Train_Val_Data/Fundus_Scanes_Sorted/Train/Glaucoma_Negative/222.jpg,0b11900c694a9700da13783d0aa063fb
FUNDUS_SORTED,Validation,620.jpg,/raid/home/students/hawky_luc/P-le-Projet-Zenkolab/datasets/sshikamaru__glaucoma-detection/Fundus_Train_Val_Data/Fundus_Scanes_Sorted/Validation/Glaucoma_Negative/620.jpg,0b188ace6700e71f557e3fc9c74ff48c
ORIGA,B,620.jpg,/raid/home/students/hawky_luc/P-le-Projet-Zenkolab/datasets/sshikamaru__glaucoma-detection/ORIGA/ORIGA/Images/620.jpg,0b188ace6700e71f557e3fc9c74ff48c
ORIGA,B,192.jpg,/raid/home/students/hawky_luc/P-le-Projet-Zenkolab/datasets/sshikamaru__glaucoma-detection/ORIGA/ORIGA/Images/192.jpg,0bce2852e3e5ddc06e01d87ce494f20e
FUNDUS_SORTED,Train,192.jpg,/raid/home/students/hawky_luc/P-le-Projet-Zenkolab/datasets/sshikamaru__glaucoma-detection/Fundus_Train_Val_Data/Fundus_Scanes_Sorted/Train/Glaucoma_Negative/192.jpg,0bce2852e3e5ddc06e01d87ce494f20e
FUNDUS_SORTED,Train,284.jpg,/raid/home/students/hawky_luc/P-le-Projet-Zenkolab/datasets/sshikamaru__glaucoma-detection/Fundus_Train_Val_Data/Fundus_Scanes_Sorted/Train/Glaucoma_Positive/284.jpg,0be39443281be0da0b8a41cce1b870dc
ORIGA,B,284.jpg,/raid/home/students/hawky_luc/P-le-Projet-Zenkolab/datasets/sshikamaru__glaucoma-detection/ORIGA/ORIGA/Images/284.jpg,0be39443281be0da0b8a41cce1b870dc
ORIGA,B,499.jpg,/raid/home/students/hawky_luc/P-le-Projet-Zenkolab/datasets/sshikamaru__glaucoma-detection/ORIGA/ORIGA/Images/499.jpg,0c5337e0f186e2ef7b1ecd71c7307876
FUNDUS_SORTED,Validation,499.jpg,/raid/home/students/hawky_luc/P-le-Projet-Zenkolab/datasets/sshikamaru__glaucoma-detection/Fundus_Train_Val_Data/Fundus_Scanes_Sorted/Validation/Glaucoma_Negative/499.jpg,0c5337e0f186e2ef7b1ecd71c7307876
ORIGA,A,240.jpg,/raid/home/students/hawky_luc/P-le-Projet-Zenkolab/datasets/sshikamaru__glaucoma-detection/ORIGA/ORIGA/Images/240.jpg,0c660d24898ccd3f2ffba4a0729434de
FUNDUS_SORTED,Train,240.jpg,/raid/home/students/hawky_luc/P-le-Projet-Zenkolab/datasets/sshikamaru__glaucoma-detection/Fundus_Train_Val_Data/Fundus_Scanes_Sorted/Train/Glaucoma_Positive/240.jpg,0c660d24898ccd3f2ffba4a0729434de
ORIGA,A,160.jpg,/raid/home/students/hawky_luc/P-le-Projet-Zenkolab/datasets/sshikamaru__glaucoma-detection/ORIGA/ORIGA/Images/160.jpg,0cddaf9e7e534196ef9a87a3258c7d9f
FUNDUS_SORTED,Train,160.jpg,/raid/home/students/hawky_luc/P-le-Projet-Zenkolab/datasets/sshikamaru__glaucoma-detection/Fundus_Train_Val_Data/Fundus_Scanes_Sorted/Train/Glaucoma_Positive/160.jpg,0cddaf9e7e534196ef9a87a3258c7d9f
ORIGA,A,189.jpg,/raid/home/students/hawky_luc/P-le-Projet-Zenkolab/datasets/sshikamaru__glaucoma-detection/ORIGA/ORIGA/Images/189.jpg,0d3309f1982d21f25838923b72cbabe4
FUNDUS_SORTED,Train,189.jpg,/raid/home/students/hawky_luc/P-le-Projet-Zenkolab/datasets/sshikamaru__glaucoma-detection/Fundus_Train_Val_Data/Fundus_Scanes_Sorted/Train/Glaucoma_Negative/189.jpg,0d3309f1982d21f25838923b72cbabe4
FUNDUS_SORTED,Train,300.jpg,/raid/home/students/hawky_luc/P-le-Projet-Zenkolab/datasets/sshikamaru__glaucoma-detection/Fundus_Train_Val_Data/Fundus_Scanes_Sorted/Train/Glaucoma_Positive/300.jpg,0d61a2640e5e5dab65e773a3ea9284d5
ORIGA,B,300.jpg,/raid/home/students/hawky_luc/P-le-Projet-Zenkolab/datasets/sshikamaru__glaucoma-detection/ORIGA/ORIGA/Images/300.jpg,0d61a2640e5e5dab65e773a3ea9284d5
ORIGA,A,204.jpg,/raid/home/students/hawky_luc/P-le-Projet-Zenkolab/datasets/sshikamaru__glaucoma-detection/ORIGA/ORIGA/Images/204.jpg,0d7901da8811caa85494c34561c1fd53
FUNDUS_SORTED,Train,204.jpg,/raid/home/students/hawky_luc/P-le-Projet-Zenkolab/datasets/sshikamaru__glaucoma-detection/Fundus_Train_Val_Data/Fundus_Scanes_Sorted/Train/Glaucoma_Negative/204.jpg,0d7901da8811caa85494c34561c1fd53
ORIGA,B,190.jpg,/raid/home/students/hawky_luc/P-le-Projet-Zenkolab/datasets/sshikamaru__glaucoma-detection/ORIGA/ORIGA/Images/190.jpg,0dbd1f66c7abebe9ef635c38b1819987
FUNDUS_SORTED,Train,190.jpg,/raid/home/students/hawky_luc/P-le-Projet-Zenkolab/datasets/sshikamaru__glaucoma-detection/Fundus_Train_Val_Data/Fundus_Scanes_Sorted/Train/Glaucoma_Negative/190.jpg,0dbd1f66c7abebe9ef635c38b1819987
ORIGA,B,155.jpg,/raid/home/students/hawky_luc/P-le-Projet-Zenkolab/datasets/sshikamaru__glaucoma-detection/ORIGA/ORIGA/Images/155.jpg,0dbe42ed12019e345b827c5afcd7ceba
FUNDUS_SORTED,Train,155.jpg,/raid/home/students/hawky_luc/P-le-Projet-Zenkolab/datasets/sshikamaru__glaucoma-detection/Fundus_Train_Val_Data/Fundus_Scanes_Sorted/Train/Glaucoma_Negative/155.jpg,0dbe42ed12019e345b827c5afcd7ceba
FUNDUS_SORTED,Train,317.jpg,/raid/home/students/hawky_luc/P-le-Projet-Zenkolab/datasets/sshikamaru__glaucoma-detection/Fundus_Train_Val_Data/Fundus_Scanes_Sorted/Train/Glaucoma_Positive/317.jpg,0e87150299fb0668ff0e244ad9e0551e
ORIGA,A,317.jpg,/raid/home/students/hawky_luc/P-le-Projet-Zenkolab/datasets/sshikamaru__glaucoma-detection/ORIGA/ORIGA/Images/317.jpg,0e87150299fb0668ff0e244ad9e0551e
FUNDUS_SORTED,Train,218.jpg,/raid/home/students/hawky_luc/P-le-Projet-Zenkolab/datasets/sshikamaru__glaucoma-detection/Fundus_Train_Val_Data/Fundus_Scanes_Sorted/Train/Glaucoma_Negative/218.jpg,0ec08b45223f6fd199728c964bc4a31f
ORIGA,B,218.jpg,/raid/home/students/hawky_luc/P-le-Projet-Zenkolab/datasets/sshikamaru__glaucoma-detection/ORIGA/ORIGA/Images/218.jpg,0ec08b45223f6fd199728c964bc4a31f
ORIGA,A,427.jpg,/raid/home/students/hawky_luc/P-le-Projet-Zenkolab/datasets/sshikamaru__glaucoma-detection/ORIGA/ORIGA/Images/427.jpg,0efef7a1145eaa7f5c3c48001a09fe4b
FUNDUS_SORTED,Train,427.jpg,/raid/home/students/hawky_luc/P-le-Projet-Zenkolab/datasets/sshikamaru__glaucoma-detection/Fundus_Train_Val_Data/Fundus_Scanes_Sorted/Train/Glaucoma_Negative/427.jpg,0efef7a1145eaa7f5c3c48001a09fe4b
FUNDUS_SORTED,Validation,547.jpg,/raid/home/students/hawky_luc/P-le-Projet-Zenkolab/datasets/sshikamaru__glaucoma-detection/Fundus_Train_Val_Data/Fundus_Scanes_Sorted/Validation/Glaucoma_Negative/547.jpg,0fc92cdb2b188c3cdb57c797f7e870e4
ORIGA,A,547.jpg,/raid/home/students/hawky_luc/P-le-Projet-Zenkolab/datasets/sshikamaru__glaucoma-detection/ORIGA/ORIGA/Images/547.jpg,0fc92cdb2b188c3cdb57c797f7e870e4
ORIGA,B,193.jpg,/raid/home/students/hawky_luc/P-le-Projet-Zenkolab/datasets/sshikamaru__glaucoma-detection/ORIGA/ORIGA/Images/193.jpg,1013f49bb42fe91a4c584e9b460f4568
FUNDUS_SORTED,Train,193.jpg,/raid/home/students/hawky_luc/P-le-Projet-Zenkolab/datasets/sshikamaru__glaucoma-detection/Fundus_Train_Val_Data/Fundus_Scanes_Sorted/Train/Glaucoma_Negative/193.jpg,1013f49bb42fe91a4c584e9b460f4568
ORIGA,B,528.jpg,/raid/home/students/hawky_luc/P-le-Projet-Zenkolab/datasets/sshikamaru__glaucoma-detection/ORIGA/ORIGA/Images/528.jpg,1048c0e1ba9ca06f384f427e84794dfc
FUNDUS_SORTED,Train,528.jpg,/raid/home/students/hawky_luc/P-le-Projet-Zenkolab/datasets/sshikamaru__glaucoma-detection/Fundus_Train_Val_Data/Fundus_Scanes_Sorted/Train/Glaucoma_Positive/528.jpg,1048c0e1ba9ca06f384f427e84794dfc
FUNDUS_SORTED,Train,250.jpg,/raid/home/students/hawky_luc/P-le-Projet-Zenkolab/datasets/sshikamaru__glaucoma-detection/Fundus_Train_Val_Data/Fundus_Scanes_Sorted/Train/Glaucoma_Negative/250.jpg,10a0257e77403088ad6bef1464fc6199
ORIGA,A,250.jpg,/raid/home/students/hawky_luc/P-le-Projet-Zenkolab/datasets/sshikamaru__glaucoma-detection/ORIGA/ORIGA/Images/250.jpg,10a0257e77403088ad6bef1464fc6199
FUNDUS_SORTED,Validation,594.jpg,/raid/home/students/hawky_luc/P-le-Projet-Zenkolab/datasets/sshikamaru__glaucoma-detection/Fundus_Train_Val_Data/Fundus_Scanes_Sorted/Validation/Glaucoma_Negative/594.jpg,10e7019ec45dcfe1e5cce90bb24606f2
ORIGA,A,594.jpg,/raid/home/students/hawky_luc/P-le-Projet-Zenkolab/datasets/sshikamaru__glaucoma-detection/ORIGA/ORIGA/Images/594.jpg,10e7019ec45dcfe1e5cce90bb24606f2
ORIGA,A,146.jpg,/raid/home/students/hawky_luc/P-le-Projet-Zenkolab/datasets/sshikamaru__glaucoma-detection/ORIGA/ORIGA/Images/146.jpg,10e896d09e85ee0e0b91bbf94a30a6ee
FUNDUS_SORTED,Train,146.jpg,/raid/home/students/hawky_luc/P-le-Projet-Zenkolab/datasets/sshikamaru__glaucoma-detection/Fundus_Train_Val_Data/Fundus_Scanes_Sorted/Train/Glaucoma_Negative/146.jpg,10e896d09e85ee0e0b91bbf94a30a6ee
ORIGA,A,406.jpg,/raid/home/students/hawky_luc/P-le-Projet-Zenkolab/datasets/sshikamaru__glaucoma-detection/ORIGA/ORIGA/Images/406.jpg,11075231e139b455b8f59ea5079d6266
FUNDUS_SORTED,Train,406.jpg,/raid/home/students/hawky_luc/P-le-Projet-Zenkolab/datasets/sshikamaru__glaucoma-detection/Fundus_Train_Val_Data/Fundus_Scanes_Sorted/Train/Glaucoma_Negative/406.jpg,11075231e139b455b8f59ea5079d6266
FUNDUS_SORTED,Train,369.jpg,/raid/home/students/hawky_luc/P-le-Projet-Zenkolab/datasets/sshikamaru__glaucoma-detection/Fundus_Train_Val_Data/Fundus_Scanes_Sorted/Train/Glaucoma_Negative/369.jpg,114b6dae6c6f6d972c0d755a43c3a26a
ORIGA,A,369.jpg,/raid/home/students/hawky_luc/P-le-Projet-Zenkolab/datasets/sshikamaru__glaucoma-detection/ORIGA/ORIGA/Images/369.jpg,114b6dae6c6f6d972c0d755a43c3a26a
FUNDUS_SORTED,Train,242.jpg,/raid/home/students/hawky_luc/P-le-Projet-Zenkolab/datasets/sshikamaru__glaucoma-detection/Fundus_Train_Val_Data/Fundus_Scanes_Sorted/Train/Glaucoma_Negative/242.jpg,11cdba466d3d30cb55d6ed287348077f
ORIGA,B,242.jpg,/raid/home/students/hawky_luc/P-le-Projet-Zenkolab/datasets/sshikamaru__glaucoma-detection/ORIGA/ORIGA/Images/242.jpg,11cdba466d3d30cb55d6ed287348077f
ORIGA,A,287.jpg,/raid/home/students/hawky_luc/P-le-Projet-Zenkolab/datasets/sshikamaru__glaucoma-detection/ORIGA/ORIGA/Images/287.jpg,11d74f98e9a745dea2c2cb6e86f9c9ca
FUNDUS_SORTED,Train,287.jpg,/raid/home/students/hawky_luc/P-le-Projet-Zenkolab/datasets/sshikamaru__glaucoma-detection/Fundus_Train_Val_Data/Fundus_Scanes_Sorted/Train/Glaucoma_Negative/287.jpg,11d74f98e9a745dea2c2cb6e86f9c9ca
ORIGA,A,523.jpg,/raid/home/students/hawky_luc/P-le-Projet-Zenkolab/datasets/sshikamaru__glaucoma-detection/ORIGA/ORIGA/Images/523.jpg,11da17fc4ebff69b7254080eb9086222
FUNDUS_SORTED,Train,523.jpg,/raid/home/students/hawky_luc/P-le-Projet-Zenkolab/datasets/sshikamaru__glaucoma-detection/Fundus_Train_Val_Data/Fundus_Scanes_Sorted/Train/Glaucoma_Positive/523.jpg,11da17fc4ebff69b7254080eb9086222
FUNDUS_SORTED,Train,114.jpg,/raid/home/students/hawky_luc/P-le-Projet-Zenkolab/datasets/sshikamaru__glaucoma-detection/Fundus_Train_Val_Data/Fundus_Scanes_Sorted/Train/Glaucoma_Negative/114.jpg,122fb6f501fd2fd7aefd74f6a2081be1
ORIGA,A,114.jpg,/raid/home/students/hawky_luc/P-le-Projet-Zenkolab/datasets/sshikamaru__glaucoma-detection/ORIGA/ORIGA/Images/114.jpg,122fb6f501fd2fd7aefd74f6a2081be1
FUNDUS_SORTED,Train,409.jpg,/raid/home/students/hawky_luc/P-le-Projet-Zenkolab/datasets/sshikamaru__glaucoma-detection/Fundus_Train_Val_Data/Fundus_Scanes_Sorted/Train/Glaucoma_Negative/409.jpg,12699839148d33f471ddf3bd8fd6ed02
ORIGA,B,409.jpg,/raid/home/students/hawky_luc/P-le-Projet-Zenkolab/datasets/sshikamaru__glaucoma-detection/ORIGA/ORIGA/Images/409.jpg,12699839148d33f471ddf3bd8fd6ed02
FUNDUS_SORTED,Validation,529.jpg,/raid/home/students/hawky_luc/P-le-Projet-Zenkolab/datasets/sshikamaru__glaucoma-detection/Fundus_Train_Val_Data/Fundus_Scanes_Sorted/Validation/Glaucoma_Negative/529.jpg,1376d082f8e23665fb97e34ea53ec940
ORIGA,B,529.jpg,/raid/home/students/hawky_luc/P-le-Projet-Zenkolab/datasets/sshikamaru__glaucoma-detection/ORIGA/ORIGA/Images/529.jpg,1376d082f8e23665fb97e34ea53ec940
FUNDUS_SORTED,Train,435.jpg,/raid/home/students/hawky_luc/P-le-Projet-Zenkolab/datasets/sshikamaru__glaucoma-detection/Fundus_Train_Val_Data/Fundus_Scanes_Sorted/Train/Glaucoma_Negative/435.jpg,138f7d3ba1f880b7ed98b4729758f67b
ORIGA,A,435.jpg,/raid/home/students/hawky_luc/P-le-Projet-Zenkolab/datasets/sshikamaru__glaucoma-detection/ORIGA/ORIGA/Images/435.jpg,138f7d3ba1f880b7ed98b4729758f67b
FUNDUS_SORTED,Train,359.jpg,/raid/home/students/hawky_luc/P-le-Projet-Zenkolab/datasets/sshikamaru__glaucoma-detection/Fundus_Train_Val_Data/Fundus_Scanes_Sorted/Train/Glaucoma_Positive/359.jpg,1398521af5e896b15d63a2ae7746efce
ORIGA,A,359.jpg,/raid/home/students/hawky_luc/P-le-Projet-Zenkolab/datasets/sshikamaru__glaucoma-detection/ORIGA/ORIGA/Images/359.jpg,1398521af5e896b15d63a2ae7746efce
ORIGA,B,560.jpg,/raid/home/students/hawky_luc/P-le-Projet-Zenkolab/datasets/sshikamaru__glaucoma-detection/ORIGA/ORIGA/Images/560.jpg,1401c16eefbb4d7f6e815c6a9b5071fa
FUNDUS_SORTED,Train,560.jpg,/raid/home/students/hawky_luc/P-le-Projet-Zenkolab/datasets/sshikamaru__glaucoma-detection/Fundus_Train_Val_Data/Fundus_Scanes_Sorted/Train/Glaucoma_Positive/560.jpg,1401c16eefbb4d7f6e815c6a9b5071fa
ORIGA,B,438.jpg,/raid/home/students/hawky_luc/P-le-Projet-Zenkolab/datasets/sshikamaru__glaucoma-detection/ORIGA/ORIGA/Images/438.jpg,14881f7ea699884931210ab18e98fa24
FUNDUS_SORTED,Train,438.jpg,/raid/home/students/hawky_luc/P-le-Projet-Zenkolab/datasets/sshikamaru__glaucoma-detection/Fundus_Train_Val_Data/Fundus_Scanes_Sorted/Train/Glaucoma_Negative/438.jpg,14881f7ea699884931210ab18e98fa24
ORIGA,A,472.jpg,/raid/home/students/hawky_luc/P-le-Projet-Zenkolab/datasets/sshikamaru__glaucoma-detection/ORIGA/ORIGA/Images/472.jpg,15e3a5b7160e661534d630caa7756a52
FUNDUS_SORTED,Train,472.jpg,/raid/home/students/hawky_luc/P-le-Projet-Zenkolab/datasets/sshikamaru__glaucoma-detection/Fundus_Train_Val_Data/Fundus_Scanes_Sorted/Train/Glaucoma_Negative/472.jpg,15e3a5b7160e661534d630caa7756a52
FUNDUS_SORTED,Train,578.jpg,/raid/home/students/hawky_luc/P-le-Projet-Zenkolab/datasets/sshikamaru__glaucoma-detection/Fundus_Train_Val_Data/Fundus_Scanes_Sorted/Train/Glaucoma_Positive/578.jpg,160f0a18cbc6df89bd13327f657e2c46
ORIGA,A,578.jpg,/raid/home/students/hawky_luc/P-le-Projet-Zenkolab/datasets/sshikamaru__glaucoma-detection/ORIGA/ORIGA/Images/578.jpg,160f0a18cbc6df89bd13327f657e2c46
FUNDUS_SORTED,Train,188.jpg,/raid/home/students/hawky_luc/P-le-Projet-Zenkolab/datasets/sshikamaru__glaucoma-detection/Fundus_Train_Val_Data/Fundus_Scanes_Sorted/Train/Glaucoma_Negative/188.jpg,16b45394e7ad65b1ed0bc6ebdff47814
ORIGA,B,188.jpg,/raid/home/students/hawky_luc/P-le-Projet-Zenkolab/datasets/sshikamaru__glaucoma-detection/ORIGA/ORIGA/Images/188.jpg,16b45394e7ad65b1ed0bc6ebdff47814
ORIGA,B,010.jpg,/raid/home/students/hawky_luc/P-le-Projet-Zenkolab/datasets/sshikamaru__glaucoma-detection/ORIGA/ORIGA/Images/010.jpg,16cc1fa53eb1a20880098cd789597260
FUNDUS_SORTED,Train,010.jpg,/raid/home/students/hawky_luc/P-le-Projet-Zenkolab/datasets/sshikamaru__glaucoma-detection/Fundus_Train_Val_Data/Fundus_Scanes_Sorted/Train/Glaucoma_Negative/010.jpg,16cc1fa53eb1a20880098cd789597260
FUNDUS_SORTED,Train,031.jpg,/raid/home/students/hawky_luc/P-le-Projet-Zenkolab/datasets/sshikamaru__glaucoma-detection/Fundus_Train_Val_Data/Fundus_Scanes_Sorted/Train/Glaucoma_Negative/031.jpg,175aa20de732b0fee550f420a2c7daf5
ORIGA,B,031.jpg,/raid/home/students/hawky_luc/P-le-Projet-Zenkolab/datasets/sshikamaru__glaucoma-detection/ORIGA/ORIGA/Images/031.jpg,175aa20de732b0fee550f420a2c7daf5
ORIGA,B,641.jpg,/raid/home/students/hawky_luc/P-le-Projet-Zenkolab/datasets/sshikamaru__glaucoma-detection/ORIGA/ORIGA/Images/641.jpg,17a848d7049c71727d8c20f0bf45c3f1
FUNDUS_SORTED,Validation,641.jpg,/raid/home/students/hawky_luc/P-le-Projet-Zenkolab/datasets/sshikamaru__glaucoma-detection/Fundus_Train_Val_Data/Fundus_Scanes_Sorted/Validation/Glaucoma_Positive/641.jpg,17a848d7049c71727d8c20f0bf45c3f1
FUNDUS_SORTED,Train,107.jpg,/raid/home/students/hawky_luc/P-le-Projet-Zenkolab/datasets/sshikamaru__glaucoma-detection/Fundus_Train_Val_Data/Fundus_Scanes_Sorted/Train/Glaucoma_Negative/107.jpg,180b3cecda43cbef0d531186219297d4
ORIGA,B,107.jpg,/raid/home/students/hawky_luc/P-le-Projet-Zenkolab/datasets/sshikamaru__glaucoma-detection/ORIGA/ORIGA/Images/107.jpg,180b3cecda43cbef0d531186219297d4
FUNDUS_SORTED,Train,120.jpg,/raid/home/students/hawky_luc/P-le-Projet-Zenkolab/datasets/sshikamaru__glaucoma-detection/Fundus_Train_Val_Data/Fundus_Scanes_Sorted/Train/Glaucoma_Negative/120.jpg,185613448992eb40c779e899252f02dc
ORIGA,B,120.jpg,/raid/home/students/hawky_luc/P-le-Projet-Zenkolab/datasets/sshikamaru__glaucoma-detection/ORIGA/ORIGA/Images/120.jpg,185613448992eb40c779e899252f02dc
ORIGA,B,408.jpg,/raid/home/students/hawky_luc/P-le-Projet-Zenkolab/datasets/sshikamaru__glaucoma-detection/ORIGA/ORIGA/Images/408.jpg,1883ab3ace63148076715bd25c7fbe17
FUNDUS_SORTED,Train,408.jpg,/raid/home/students/hawky_luc/P-le-Projet-Zenkolab/datasets/sshikamaru__glaucoma-detection/Fundus_Train_Val_Data/Fundus_Scanes_Sorted/Train/Glaucoma_Negative/408.jpg,1883ab3ace63148076715bd25c7fbe17
ORIGA,B,035.jpg,/raid/home/students/hawky_luc/P-le-Projet-Zenkolab/datasets/sshikamaru__glaucoma-detection/ORIGA/ORIGA/Images/035.jpg,18a4bd6108861cb290d4c22d8a8a3604
FUNDUS_SORTED,Train,035.jpg,/raid/home/students/hawky_luc/P-le-Projet-Zenkolab/datasets/sshikamaru__glaucoma-detection/Fundus_Train_Val_Data/Fundus_Scanes_Sorted/Train/Glaucoma_Negative/035.jpg,18a4bd6108861cb290d4c22d8a8a3604
ORIGA,A,434.jpg,/raid/home/students/hawky_luc/P-le-Projet-Zenkolab/datasets/sshikamaru__glaucoma-detection/ORIGA/ORIGA/Images/434.jpg,1926c8d64707df84f068d36d060f2943
FUNDUS_SORTED,Train,434.jpg,/raid/home/students/hawky_luc/P-le-Projet-Zenkolab/datasets/sshikamaru__glaucoma-detection/Fundus_Train_Val_Data/Fundus_Scanes_Sorted/Train/Glaucoma_Negative/434.jpg,1926c8d64707df84f068d36d060f2943
FUNDUS_SORTED,Train,086.jpg,/raid/home/students/hawky_luc/P-le-Projet-Zenkolab/datasets/sshikamaru__glaucoma-detection/Fundus_Train_Val_Data/Fundus_Scanes_Sorted/Train/Glaucoma_Positive/086.jpg,1937f69c6bb637b8f4b4c011a13bfab3
ORIGA,A,086.jpg,/raid/home/students/hawky_luc/P-le-Projet-Zenkolab/datasets/sshikamaru__glaucoma-detection/ORIGA/ORIGA/Images/086.jpg,1937f69c6bb637b8f4b4c011a13bfab3
ORIGA,A,455.jpg,/raid/home/students/hawky_luc/P-le-Projet-Zenkolab/datasets/sshikamaru__glaucoma-detection/ORIGA/ORIGA/Images/455.jpg,193dc36e5582e6425a48b868f986f591
FUNDUS_SORTED,Train,455.jpg,/raid/home/students/hawky_luc/P-le-Projet-Zenkolab/datasets/sshikamaru__glaucoma-detection/Fundus_Train_Val_Data/Fundus_Scanes_Sorted/Train/Glaucoma_Negative/455.jpg,193dc36e5582e6425a48b868f986f591
FUNDUS_SORTED,Validation,602.jpg,/raid/home/students/hawky_luc/P-le-Projet-Zenkolab/datasets/sshikamaru__glaucoma-detection/Fundus_Train_Val_Data/Fundus_Scanes_Sorted/Validation/Glaucoma_Negative/602.jpg,19ecbb83bf3b62d4617c1f2d52c9d2da
ORIGA,B,602.jpg,/raid/home/students/hawky_luc/P-le-Projet-Zenkolab/datasets/sshikamaru__glaucoma-detection/ORIGA/ORIGA/Images/602.jpg,19ecbb83bf3b62d4617c1f2d52c9d2da
ORIGA,B,373.jpg,/raid/home/students/hawky_luc/P-le-Projet-Zenkolab/datasets/sshikamaru__glaucoma-detection/ORIGA/ORIGA/Images/373.jpg,1a5c1b107856b10c51a4bb05bf087c73
FUNDUS_SORTED,Train,373.jpg,/raid/home/students/hawky_luc/P-le-Projet-Zenkolab/datasets/sshikamaru__glaucoma-detection/Fundus_Train_Val_Data/Fundus_Scanes_Sorted/Train/Glaucoma_Negative/373.jpg,1a5c1b107856b10c51a4bb05bf087c73
ORIGA,B,520.jpg,/raid/home/students/hawky_luc/P-le-Projet-Zenkolab/datasets/sshikamaru__glaucoma-detection/ORIGA/ORIGA/Images/520.jpg,1a7db9fd9a2dc5df48f013c9683eef94
FUNDUS_SORTED,Validation,520.jpg,/raid/home/students/hawky_luc/P-le-Projet-Zenkolab/datasets/sshikamaru__glaucoma-detection/Fundus_Train_Val_Data/Fundus_Scanes_Sorted/Validation/Glaucoma_Negative/520.jpg,1a7db9fd9a2dc5df48f013c9683eef94
FUNDUS_SORTED,Train,020.jpg,/raid/home/students/hawky_luc/P-le-Projet-Zenkolab/datasets/sshikamaru__glaucoma-detection/Fundus_Train_Val_Data/Fundus_Scanes_Sorted/Train/Glaucoma_Negative/020.jpg,1aeebac32b8f06b4823fed3ba7eee904
ORIGA,A,020.jpg,/raid/home/students/hawky_luc/P-le-Projet-Zenkolab/datasets/sshikamaru__glaucoma-detection/ORIGA/ORIGA/Images/020.jpg,1aeebac32b8f06b4823fed3ba7eee904
FUNDUS_SORTED,Train,055.jpg,/raid/home/students/hawky_luc/P-le-Projet-Zenkolab/datasets/sshikamaru__glaucoma-detection/Fundus_Train_Val_Data/Fundus_Scanes_Sorted/Train/Glaucoma_Negative/055.jpg,1b152f54a6ab2ff1dd5f83a7594d5d3a
ORIGA,A,055.jpg,/raid/home/students/hawky_luc/P-le-Projet-Zenkolab/datasets/sshikamaru__glaucoma-detection/ORIGA/ORIGA/Images/055.jpg,1b152f54a6ab2ff1dd5f83a7594d5d3a
FUNDUS_SORTED,Train,103.jpg,/raid/home/students/hawky_luc/P-le-Projet-Zenkolab/datasets/sshikamaru__glaucoma-detection/Fundus_Train_Val_Data/Fundus_Scanes_Sorted/Train/Glaucoma_Negative/103.jpg,1b69c775b181a9524b3c43dab4d47f6e
ORIGA,A,103.jpg,/raid/home/students/hawky_luc/P-le-Projet-Zenkolab/datasets/sshikamaru__glaucoma-detection/ORIGA/ORIGA/Images/103.jpg,1b69c775b181a9524b3c43dab4d47f6e
ORIGA,A,416.jpg,/raid/home/students/hawky_luc/P-le-Projet-Zenkolab/datasets/sshikamaru__glaucoma-detection/ORIGA/ORIGA/Images/416.jpg,1bf1426946ee41a26daafdc86d955fad
FUNDUS_SORTED,Train,416.jpg,/raid/home/students/hawky_luc/P-le-Projet-Zenkolab/datasets/sshikamaru__glaucoma-detection/Fundus_Train_Val_Data/Fundus_Scanes_Sorted/Train/Glaucoma_Negative/416.jpg,1bf1426946ee41a26daafdc86d955fad
FUNDUS_SORTED,Train,374.jpg,/raid/home/students/hawky_luc/P-le-Projet-Zenkolab/datasets/sshikamaru__glaucoma-detection/Fundus_Train_Val_Data/Fundus_Scanes_Sorted/Train/Glaucoma_Negative/374.jpg,1c12f545f2de9ae3c069d727faeea5f9
ORIGA,B,374.jpg,/raid/home/students/hawky_luc/P-le-Projet-Zenkolab/datasets/sshikamaru__glaucoma-detection/ORIGA/ORIGA/Images/374.jpg,1c12f545f2de9ae3c069d727faeea5f9
ORIGA,B,522.jpg,/raid/home/students/hawky_luc/P-le-Projet-Zenkolab/datasets/sshikamaru__glaucoma-detection/ORIGA/ORIGA/Images/522.jpg,1cd30f7a9b291b0ef5a9f1e2db3f30b2
FUNDUS_SORTED,Validation,522.jpg,/raid/home/students/hawky_luc/P-le-Projet-Zenkolab/datasets/sshikamaru__glaucoma-detection/Fundus_Train_Val_Data/Fundus_Scanes_Sorted/Validation/Glaucoma_Negative/522.jpg,1cd30f7a9b291b0ef5a9f1e2db3f30b2
ORIGA,A,172.jpg,/raid/home/students/hawky_luc/P-le-Projet-Zenkolab/datasets/sshikamaru__glaucoma-detection/ORIGA/ORIGA/Images/172.jpg,1d98dc61ddb70191016c5e7a51a324be
FUNDUS_SORTED,Train,172.jpg,/raid/home/students/hawky_luc/P-le-Projet-Zenkolab/datasets/sshikamaru__glaucoma-detection/Fundus_Train_Val_Data/Fundus_Scanes_Sorted/Train/Glaucoma_Negative/172.jpg,1d98dc61ddb70191016c5e7a51a324be
ORIGA,B,194.jpg,/raid/home/students/hawky_luc/P-le-Projet-Zenkolab/datasets/sshikamaru__glaucoma-detection/ORIGA/ORIGA/Images/194.jpg,1db9d57358be1d784ccc3d633e5842b6
FUNDUS_SORTED,Train,194.jpg,/raid/home/students/hawky_luc/P-le-Projet-Zenkolab/datasets/sshikamaru__glaucoma-detection/Fundus_Train_Val_Data/Fundus_Scanes_Sorted/Train/Glaucoma_Negative/194.jpg,1db9d57358be1d784ccc3d633e5842b6
ORIGA,B,097.jpg,/raid/home/students/hawky_luc/P-le-Projet-Zenkolab/datasets/sshikamaru__glaucoma-detection/ORIGA/ORIGA/Images/097.jpg,1ea6df8ca7e4239a735f3694773a1654
FUNDUS_SORTED,Train,097.jpg,/raid/home/students/hawky_luc/P-le-Projet-Zenkolab/datasets/sshikamaru__glaucoma-detection/Fundus_Train_Val_Data/Fundus_Scanes_Sorted/Train/Glaucoma_Positive/097.jpg,1ea6df8ca7e4239a735f3694773a1654
FUNDUS_SORTED,Train,219.jpg,/raid/home/students/hawky_luc/P-le-Projet-Zenkolab/datasets/sshikamaru__glaucoma-detection/Fundus_Train_Val_Data/Fundus_Scanes_Sorted/Train/Glaucoma_Negative/219.jpg,1fbf1eebdde37492c11bf0eb93947f82
ORIGA,B,219.jpg,/raid/home/students/hawky_luc/P-le-Projet-Zenkolab/datasets/sshikamaru__glaucoma-detection/ORIGA/ORIGA/Images/219.jpg,1fbf1eebdde37492c11bf0eb93947f82
ORIGA,A,593.jpg,/raid/home/students/hawky_luc/P-le-Projet-Zenkolab/datasets/sshikamaru__glaucoma-detection/ORIGA/ORIGA/Images/593.jpg,208d86df968245c8c4869fd460728b17
FUNDUS_SORTED,Train,593.jpg,/raid/home/students/hawky_luc/P-le-Projet-Zenkolab/datasets/sshikamaru__glaucoma-detection/Fundus_Train_Val_Data/Fundus_Scanes_Sorted/Train/Glaucoma_Positive/593.jpg,208d86df968245c8c4869fd460728b17
ORIGA,B,387.jpg,/raid/home/students/hawky_luc/P-le-Projet-Zenkolab/datasets/sshikamaru__glaucoma-detection/ORIGA/ORIGA/Images/387.jpg,20bbfb3e999057a50b8fe2ae8a4ac874
FUNDUS_SORTED,Train,387.jpg,/raid/home/students/hawky_luc/P-le-Projet-Zenkolab/datasets/sshikamaru__glaucoma-detection/Fundus_Train_Val_Data/Fundus_Scanes_Sorted/Train/Glaucoma_Negative/387.jpg,20bbfb3e999057a50b8fe2ae8a4ac874
FUNDUS_SORTED,Train,299.jpg,/raid/home/students/hawky_luc/P-le-Projet-Zenkolab/datasets/sshikamaru__glaucoma-detection/Fundus_Train_Val_Data/Fundus_Scanes_Sorted/Train/Glaucoma_Negative/299.jpg,210030378028c4db82a2195caf2aaddf
ORIGA,A,299.jpg,/raid/home/students/hawky_luc/P-le-Projet-Zenkolab/datasets/sshikamaru__glaucoma-detection/ORIGA/ORIGA/Images/299.jpg,210030378028c4db82a2195caf2aaddf
ORIGA,B,045.jpg,/raid/home/students/hawky_luc/P-le-Projet-Zenkolab/datasets/sshikamaru__glaucoma-detection/ORIGA/ORIGA/Images/045.jpg,2129f65de082ed30af3817296f8cd716
FUNDUS_SORTED,Train,045.jpg,/raid/home/students/hawky_luc/P-le-Projet-Zenkolab/datasets/sshikamaru__glaucoma-detection/Fundus_Train_Val_Data/Fundus_Scanes_Sorted/Train/Glaucoma_Negative/045.jpg,2129f65de082ed30af3817296f8cd716
FUNDUS_SORTED,Train,186.jpg,/raid/home/students/hawky_luc/P-le-Projet-Zenkolab/datasets/sshikamaru__glaucoma-detection/Fundus_Train_Val_Data/Fundus_Scanes_Sorted/Train/Glaucoma_Negative/186.jpg,2132b96c0d7848d4e2b9bdb0ee882c04
ORIGA,B,186.jpg,/raid/home/students/hawky_luc/P-le-Projet-Zenkolab/datasets/sshikamaru__glaucoma-detection/ORIGA/ORIGA/Images/186.jpg,2132b96c0d7848d4e2b9bdb0ee882c04
FUNDUS_SORTED,Validation,650.jpg,/raid/home/students/hawky_luc/P-le-Projet-Zenkolab/datasets/sshikamaru__glaucoma-detection/Fundus_Train_Val_Data/Fundus_Scanes_Sorted/Validation/Glaucoma_Positive/650.jpg,22a5f103df7feae25838531c7a9d8aa5
ORIGA,B,650.jpg,/raid/home/students/hawky_luc/P-le-Projet-Zenkolab/datasets/sshikamaru__glaucoma-detection/ORIGA/ORIGA/Images/650.jpg,22a5f103df7feae25838531c7a9d8aa5
FUNDUS_SORTED,Train,508.jpg,/raid/home/students/hawky_luc/P-le-Projet-Zenkolab/datasets/sshikamaru__glaucoma-detection/Fundus_Train_Val_Data/Fundus_Scanes_Sorted/Train/Glaucoma_Positive/508.jpg,22acc957c00bd39574b172bba0229441
ORIGA,A,508.jpg,/raid/home/students/hawky_luc/P-le-Projet-Zenkolab/datasets/sshikamaru__glaucoma-detection/ORIGA/ORIGA/Images/508.jpg,22acc957c00bd39574b172bba0229441
ORIGA,A,356.jpg,/raid/home/students/hawky_luc/P-le-Projet-Zenkolab/datasets/sshikamaru__glaucoma-detection/ORIGA/ORIGA/Images/356.jpg,22ffc7942a05489acad97351eeed757b
FUNDUS_SORTED,Train,356.jpg,/raid/home/students/hawky_luc/P-le-Projet-Zenkolab/datasets/sshikamaru__glaucoma-detection/Fundus_Train_Val_Data/Fundus_Scanes_Sorted/Train/Glaucoma_Negative/356.jpg,22ffc7942a05489acad97351eeed757b
FUNDUS_SORTED,Train,386.jpg,/raid/home/students/hawky_luc/P-le-Projet-Zenkolab/datasets/sshikamaru__glaucoma-detection/Fundus_Train_Val_Data/Fundus_Scanes_Sorted/Train/Glaucoma_Positive/386.jpg,2345ecf2d106996b645e324ebf41f3b8
ORIGA,A,386.jpg,/raid/home/students/hawky_luc/P-le-Projet-Zenkolab/datasets/sshikamaru__glaucoma-detection/ORIGA/ORIGA/Images/386.jpg,2345ecf2d106996b645e324ebf41f3b8
FUNDUS_SORTED,Train,032.jpg,/raid/home/students/hawky_luc/P-le-Projet-Zenkolab/datasets/sshikamaru__glaucoma-detection/Fundus_Train_Val_Data/Fundus_Scanes_Sorted/Train/Glaucoma_Negative/032.jpg,2361d355cd17e3b1c2ad42ff695a5718
ORIGA,A,032.jpg,/raid/home/students/hawky_luc/P-le-Projet-Zenkolab/datasets/sshikamaru__glaucoma-detection/ORIGA/ORIGA/Images/032.jpg,2361d355cd17e3b1c2ad42ff695a5718
ORIGA,B,277.jpg,/raid/home/students/hawky_luc/P-le-Projet-Zenkolab/datasets/sshikamaru__glaucoma-detection/ORIGA/ORIGA/Images/277.jpg,23c76c209d7f58cdac47c5eb6fb51d83
FUNDUS_SORTED,Train,277.jpg,/raid/home/students/hawky_luc/P-le-Projet-Zenkolab/datasets/sshikamaru__glaucoma-detection/Fundus_Train_Val_Data/Fundus_Scanes_Sorted/Train/Glaucoma_Positive/277.jpg,23c76c209d7f58cdac47c5eb6fb51d83
FUNDUS_SORTED,Train,350.jpg,/raid/home/students/hawky_luc/P-le-Projet-Zenkolab/datasets/sshikamaru__glaucoma-detection/Fundus_Train_Val_Data/Fundus_Scanes_Sorted/Train/Glaucoma_Negative/350.jpg,240e54b05b3178da9b891f3b0e6a6b9c
ORIGA,A,350.jpg,/raid/home/students/hawky_luc/P-le-Projet-Zenkolab/datasets/sshikamaru__glaucoma-detection/ORIGA/ORIGA/Images/350.jpg,240e54b05b3178da9b891f3b0e6a6b9c
FUNDUS_SORTED,Validation,487.jpg,/raid/home/students/hawky_luc/P-le-Projet-Zenkolab/datasets/sshikamaru__glaucoma-detection/Fundus_Train_Val_Data/Fundus_Scanes_Sorted/Validation/Glaucoma_Negative/487.jpg,243f39822f6cc644b1eaf5eb54a4374d
ORIGA,B,487.jpg,/raid/home/students/hawky_luc/P-le-Projet-Zenkolab/datasets/sshikamaru__glaucoma-detection/ORIGA/ORIGA/Images/487.jpg,243f39822f6cc644b1eaf5eb54a4374d
ORIGA,B,110.jpg,/raid/home/students/hawky_luc/P-le-Projet-Zenkolab/datasets/sshikamaru__glaucoma-detection/ORIGA/ORIGA/Images/110.jpg,250dcf0e2856daecc60c7464a3178822
FUNDUS_SORTED,Train,110.jpg,/raid/home/students/hawky_luc/P-le-Projet-Zenkolab/datasets/sshikamaru__glaucoma-detection/Fundus_Train_Val_Data/Fundus_Scanes_Sorted/Train/Glaucoma_Positive/110.jpg,250dcf0e2856daecc60c7464a3178822
FUNDUS_SORTED,Train,400.jpg,/raid/home/students/hawky_luc/P-le-Projet-Zenkolab/datasets/sshikamaru__glaucoma-detection/Fundus_Train_Val_Data/Fundus_Scanes_Sorted/Train/Glaucoma_Negative/400.jpg,25461a0b83826829f8fd9261c5c6633f
ORIGA,B,400.jpg,/raid/home/students/hawky_luc/P-le-Projet-Zenkolab/datasets/sshikamaru__glaucoma-detection/ORIGA/ORIGA/Images/400.jpg,25461a0b83826829f8fd9261c5c6633f
FUNDUS_SORTED,Train,252.jpg,/raid/home/students/hawky_luc/P-le-Projet-Zenkolab/datasets/sshikamaru__glaucoma-detection/Fundus_Train_Val_Data/Fundus_Scanes_Sorted/Train/Glaucoma_Negative/252.jpg,257933ce44f43a6bd3ea37b22c34804b
ORIGA,B,252.jpg,/raid/home/students/hawky_luc/P-le-Projet-Zenkolab/datasets/sshikamaru__glaucoma-detection/ORIGA/ORIGA/Images/252.jpg,257933ce44f43a6bd3ea37b22c34804b
FUNDUS_SORTED,Train,524.jpg,/raid/home/students/hawky_luc/P-le-Projet-Zenkolab/datasets/sshikamaru__glaucoma-detection/Fundus_Train_Val_Data/Fundus_Scanes_Sorted/Train/Glaucoma_Positive/524.jpg,2590016f63125fa81fd11f80f6e20836
ORIGA,A,524.jpg,/raid/home/students/hawky_luc/P-le-Projet-Zenkolab/datasets/sshikamaru__glaucoma-detection/ORIGA/ORIGA/Images/524.jpg,2590016f63125fa81fd11f80f6e20836
FUNDUS_SORTED,Train,080.jpg,/raid/home/students/hawky_luc/P-le-Projet-Zenkolab/datasets/sshikamaru__glaucoma-detection/Fundus_Train_Val_Data/Fundus_Scanes_Sorted/Train/Glaucoma_Negative/080.jpg,25d03229b6e9a5ee8da5cfcf47f25027
ORIGA,A,080.jpg,/raid/home/students/hawky_luc/P-le-Projet-Zenkolab/datasets/sshikamaru__glaucoma-detection/ORIGA/ORIGA/Images/080.jpg,25d03229b6e9a5ee8da5cfcf47f25027
ORIGA,A,370.jpg,/raid/home/students/hawky_luc/P-le-Projet-Zenkolab/datasets/sshikamaru__glaucoma-detection/ORIGA/ORIGA/Images/370.jpg,26924f9496fd4af2897170bbd5900a2c
FUNDUS_SORTED,Train,370.jpg,/raid/home/students/hawky_luc/P-le-Projet-Zenkolab/datasets/sshikamaru__glaucoma-detection/Fundus_Train_Val_Data/Fundus_Scanes_Sorted/Train/Glaucoma_Negative/370.jpg,26924f9496fd4af2897170bbd5900a2c
ORIGA,B,403.jpg,/raid/home/students/hawky_luc/P-le-Projet-Zenkolab/datasets/sshikamaru__glaucoma-detection/ORIGA/ORIGA/Images/403.jpg,26e93001ab0c068525a7217d90506a74
FUNDUS_SORTED,Train,403.jpg,/raid/home/students/hawky_luc/P-le-Projet-Zenkolab/datasets/sshikamaru__glaucoma-detection/Fundus_Train_Val_Data/Fundus_Scanes_Sorted/Train/Glaucoma_Negative/403.jpg,26e93001ab0c068525a7217d90506a74
FUNDUS_SORTED,Train,306.jpg,/raid/home/students/hawky_luc/P-le-Projet-Zenkolab/datasets/sshikamaru__glaucoma-detection/Fundus_Train_Val_Data/Fundus_Scanes_Sorted/Train/Glaucoma_Positive/306.jpg,26eeb76e541ba4680233477ef9cc78f0
ORIGA,A,306.jpg,/raid/home/students/hawky_luc/P-le-Projet-Zenkolab/datasets/sshikamaru__glaucoma-detection/ORIGA/ORIGA/Images/306.jpg,26eeb76e541ba4680233477ef9cc78f0
FUNDUS_SORTED,Validation,504.jpg,/raid/home/students/hawky_luc/P-le-Projet-Zenkolab/datasets/sshikamaru__glaucoma-detection/Fundus_Train_Val_Data/Fundus_Scanes_Sorted/Validation/Glaucoma_Negative/504.jpg,270da117d9001f10b01de1a4c8332923
ORIGA,B,504.jpg,/raid/home/students/hawky_luc/P-le-Projet-Zenkolab/datasets/sshikamaru__glaucoma-detection/ORIGA/ORIGA/Images/504.jpg,270da117d9001f10b01de1a4c8332923
FUNDUS_SORTED,Train,215.jpg,/raid/home/students/hawky_luc/P-le-Projet-Zenkolab/datasets/sshikamaru__glaucoma-detection/Fundus_Train_Val_Data/Fundus_Scanes_Sorted/Train/Glaucoma_Negative/215.jpg,2770cad6a3b24af3e88682b6da866f05
ORIGA,A,215.jpg,/raid/home/students/hawky_luc/P-le-Projet-Zenkolab/datasets/sshikamaru__glaucoma-detection/ORIGA/ORIGA/Images/215.jpg,2770cad6a3b24af3e88682b6da866f05
FUNDUS_SORTED,Train,013.jpg,/raid/home/students/hawky_luc/P-le-Projet-Zenkolab/datasets/sshikamaru__glaucoma-detection/Fundus_Train_Val_Data/Fundus_Scanes_Sorted/Train/Glaucoma_Negative/013.jpg,27c3d4ca2158b95c24b698582bfa244c
ORIGA,B,013.jpg,/raid/home/students/hawky_luc/P-le-Projet-Zenkolab/datasets/sshikamaru__glaucoma-detection/ORIGA/ORIGA/Images/013.jpg,27c3d4ca2158b95c24b698582bfa244c
ORIGA,B,586.jpg,/raid/home/students/hawky_luc/P-le-Projet-Zenkolab/datasets/sshikamaru__glaucoma-detection/ORIGA/ORIGA/Images/586.jpg,281c4382994810c43893713514ae634d
FUNDUS_SORTED,Train,586.jpg,/raid/home/students/hawky_luc/P-le-Projet-Zenkolab/datasets/sshikamaru__glaucoma-detection/Fundus_Train_Val_Data/Fundus_Scanes_Sorted/Train/Glaucoma_Positive/586.jpg,281c4382994810c43893713514ae634d
ORIGA,A,079.jpg,/raid/home/students/hawky_luc/P-le-Projet-Zenkolab/datasets/sshikamaru__glaucoma-detection/ORIGA/ORIGA/Images/079.jpg,283bc89330f17d01e0aeb3c2a3fda1e1
FUNDUS_SORTED,Train,079.jpg,/raid/home/students/hawky_luc/P-le-Projet-Zenkolab/datasets/sshikamaru__glaucoma-detection/Fundus_Train_Val_Data/Fundus_Scanes_Sorted/Train/Glaucoma_Negative/079.jpg,283bc89330f17d01e0aeb3c2a3fda1e1
FUNDUS_SORTED,Train,557.jpg,/raid/home/students/hawky_luc/P-le-Projet-Zenkolab/datasets/sshikamaru__glaucoma-detection/Fundus_Train_Val_Data/Fundus_Scanes_Sorted/Train/Glaucoma_Positive/557.jpg,28656edf02ac52d0f0b4a6c238d0f93b
ORIGA,B,557.jpg,/raid/home/students/hawky_luc/P-le-Projet-Zenkolab/datasets/sshikamaru__glaucoma-detection/ORIGA/ORIGA/Images/557.jpg,28656edf02ac52d0f0b4a6c238d0f93b
ORIGA,A,616.jpg,/raid/home/students/hawky_luc/P-le-Projet-Zenkolab/datasets/sshikamaru__glaucoma-detection/ORIGA/ORIGA/Images/616.jpg,287c34bf4679a874515ab052555f8c1f
FUNDUS_SORTED,Validation,616.jpg,/raid/home/students/hawky_luc/P-le-Projet-Zenkolab/datasets/sshikamaru__glaucoma-detection/Fundus_Train_Val_Data/Fundus_Scanes_Sorted/Validation/Glaucoma_Negative/616.jpg,287c34bf4679a874515ab052555f8c1f
ORIGA,B,505.jpg,/raid/home/students/hawky_luc/P-le-Projet-Zenkolab/datasets/sshikamaru__glaucoma-detection/ORIGA/ORIGA/Images/505.jpg,2927b72975a7520c87c54a7866f92e91
FUNDUS_SORTED,Train,505.jpg,/raid/home/students/hawky_luc/P-le-Projet-Zenkolab/datasets/sshikamaru__glaucoma-detection/Fundus_Train_Val_Data/Fundus_Scanes_Sorted/Train/Glaucoma_Positive/505.jpg,2927b72975a7520c87c54a7866f92e91
FUNDUS_SORTED,Train,115.jpg,/raid/home/students/hawky_luc/P-le-Projet-Zenkolab/datasets/sshikamaru__glaucoma-detection/Fundus_Train_Val_Data/Fundus_Scanes_Sorted/Train/Glaucoma_Negative/115.jpg,293a8379a2176d43ef368c5d7c751cd6
ORIGA,A,115.jpg,/raid/home/students/hawky_luc/P-le-Projet-Zenkolab/datasets/sshikamaru__glaucoma-detection/ORIGA/ORIGA/Images/115.jpg,293a8379a2176d43ef368c5d7c751cd6
FUNDUS_SORTED,Train,353.jpg,/raid/home/students/hawky_luc/P-le-Projet-Zenkolab/datasets/sshikamaru__glaucoma-detection/Fundus_Train_Val_Data/Fundus_Scanes_Sorted/Train/Glaucoma_Positive/353.jpg,29407645d3e69377805dfaf942d973b3
ORIGA,A,353.jpg,/raid/home/students/hawky_luc/P-le-Projet-Zenkolab/datasets/sshikamaru__glaucoma-detection/ORIGA/ORIGA/Images/353.jpg,29407645d3e69377805dfaf942d973b3
FUNDUS_SORTED,Train,037.jpg,/raid/home/students/hawky_luc/P-le-Projet-Zenkolab/datasets/sshikamaru__glaucoma-detection/Fundus_Train_Val_Data/Fundus_Scanes_Sorted/Train/Glaucoma_Positive/037.jpg,2950fe194a36a3f04195e8245ec06971
ORIGA,A,037.jpg,/raid/home/students/hawky_luc/P-le-Projet-Zenkolab/datasets/sshikamaru__glaucoma-detection/ORIGA/ORIGA/Images/037.jpg,2950fe194a36a3f04195e8245ec06971
FUNDUS_SORTED,Train,132.jpg,/raid/home/students/hawky_luc/P-le-Projet-Zenkolab/datasets/sshikamaru__glaucoma-detection/Fundus_Train_Val_Data/Fundus_Scanes_Sorted/Train/Glaucoma_Negative/132.jpg,299f5a3d96779cbcbaf3b43e3eb03073
ORIGA,A,132.jpg,/raid/home/students/hawky_luc/P-le-Projet-Zenkolab/datasets/sshikamaru__glaucoma-detection/ORIGA/ORIGA/Images/132.jpg,299f5a3d96779cbcbaf3b43e3eb03073
FUNDUS_SORTED,Train,305.jpg,/raid/home/students/hawky_luc/P-le-Projet-Zenkolab/datasets/sshikamaru__glaucoma-detection/Fundus_Train_Val_Data/Fundus_Scanes_Sorted/Train/Glaucoma_Positive/305.jpg,29c3b9cb4e3bb6088064280415bd0d9b
ORIGA,A,305.jpg,/raid/home/students/hawky_luc/P-le-Projet-Zenkolab/datasets/sshikamaru__glaucoma-detection/ORIGA/ORIGA/Images/305.jpg,29c3b9cb4e3bb6088064280415bd0d9b
FUNDUS_SORTED,Train,202.jpg,/raid/home/students/hawky_luc/P-le-Projet-Zenkolab/datasets/sshikamaru__glaucoma-detection/Fundus_Train_Val_Data/Fundus_Scanes_Sorted/Train/Glaucoma_Negative/202.jpg,2aedf73b6e10f931572ed7978c6f8a70
ORIGA,A,202.jpg,/raid/home/students/hawky_luc/P-le-Projet-Zenkolab/datasets/sshikamaru__glaucoma-detection/ORIGA/ORIGA/Images/202.jpg,2aedf73b6e10f931572ed7978c6f8a70
ORIGA,B,154.jpg,/raid/home/students/hawky_luc/P-le-Projet-Zenkolab/datasets/sshikamaru__glaucoma-detection/ORIGA/ORIGA/Images/154.jpg,2afa2becb6419fdd43f1f03defdd719a
FUNDUS_SORTED,Train,154.jpg,/raid/home/students/hawky_luc/P-le-Projet-Zenkolab/datasets/sshikamaru__glaucoma-detection/Fundus_Train_Val_Data/Fundus_Scanes_Sorted/Train/Glaucoma_Negative/154.jpg,2afa2becb6419fdd43f1f03defdd719a
ORIGA,B,579.jpg,/raid/home/students/hawky_luc/P-le-Projet-Zenkolab/datasets/sshikamaru__glaucoma-detection/ORIGA/ORIGA/Images/579.jpg,2bc5062a0ce5c74cf7855f9d45a5cf4a
FUNDUS_SORTED,Validation,579.jpg,/raid/home/students/hawky_luc/P-le-Projet-Zenkolab/datasets/sshikamaru__glaucoma-detection/Fundus_Train_Val_Data/Fundus_Scanes_Sorted/Validation/Glaucoma_Negative/579.jpg,2bc5062a0ce5c74cf7855f9d45a5cf4a
ORIGA,B,122.jpg,/raid/home/students/hawky_luc/P-le-Projet-Zenkolab/datasets/sshikamaru__glaucoma-detection/ORIGA/ORIGA/Images/122.jpg,2c3c2e406263a84ff4d910dfcdc963fc
FUNDUS_SORTED,Train,122.jpg,/raid/home/students/hawky_luc/P-le-Projet-Zenkolab/datasets/sshikamaru__glaucoma-detection/Fundus_Train_Val_Data/Fundus_Scanes_Sorted/Train/Glaucoma_Negative/122.jpg,2c3c2e406263a84ff4d910dfcdc963fc
ORIGA,B,622.jpg,/raid/home/students/hawky_luc/P-le-Projet-Zenkolab/datasets/sshikamaru__glaucoma-detection/ORIGA/ORIGA/Images/622.jpg,2d2b7f3eefe6b06aa506f460500c971c
FUNDUS_SORTED,Validation,622.jpg,/raid/home/students/hawky_luc/P-le-Projet-Zenkolab/datasets/sshikamaru__glaucoma-detection/Fundus_Train_Val_Data/Fundus_Scanes_Sorted/Validation/Glaucoma_Positive/622.jpg,2d2b7f3eefe6b06aa506f460500c971c
ORIGA,B,089.jpg,/raid/home/students/hawky_luc/P-le-Projet-Zenkolab/datasets/sshikamaru__glaucoma-detection/ORIGA/ORIGA/Images/089.jpg,2d32c79aa77ce73d3f90ce9ec7fa8c7d
FUNDUS_SORTED,Train,089.jpg,/raid/home/students/hawky_luc/P-le-Projet-Zenkolab/datasets/sshikamaru__glaucoma-detection/Fundus_Train_Val_Data/Fundus_Scanes_Sorted/Train/Glaucoma_Negative/089.jpg,2d32c79aa77ce73d3f90ce9ec7fa8c7d
ORIGA,B,637.jpg,/raid/home/students/hawky_luc/P-le-Projet-Zenkolab/datasets/sshikamaru__glaucoma-detection/ORIGA/ORIGA/Images/637.jpg,2d4d88686bea42044b7de2be7359d923
FUNDUS_SORTED,Validation,637.jpg,/raid/home/students/hawky_luc/P-le-Projet-Zenkolab/datasets/sshikamaru__glaucoma-detection/Fundus_Train_Val_Data/Fundus_Scanes_Sorted/Validation/Glaucoma_Negative/637.jpg,2d4d88686bea42044b7de2be7359d923
FUNDUS_SORTED,Validation,644.jpg,/raid/home/students/hawky_luc/P-le-Projet-Zenkolab/datasets/sshikamaru__glaucoma-detection/Fundus_Train_Val_Data/Fundus_Scanes_Sorted/Validation/Glaucoma_Positive/644.jpg,2d8ff8049ddb7644cbab53e6264c5857
ORIGA,B,644.jpg,/raid/home/students/hawky_luc/P-le-Projet-Zenkolab/datasets/sshikamaru__glaucoma-detection/ORIGA/ORIGA/Images/644.jpg,2d8ff8049ddb7644cbab53e6264c5857
ORIGA,B,301.jpg,/raid/home/students/hawky_luc/P-le-Projet-Zenkolab/datasets/sshikamaru__glaucoma-detection/ORIGA/ORIGA/Images/301.jpg,2e81b2c3f2ba4958e70315e07c3b0ef8
FUNDUS_SORTED,Train,301.jpg,/raid/home/students/hawky_luc/P-le-Projet-Zenkolab/datasets/sshikamaru__glaucoma-detection/Fundus_Train_Val_Data/Fundus_Scanes_Sorted/Train/Glaucoma_Positive/301.jpg,2e81b2c3f2ba4958e70315e07c3b0ef8
ORIGA,A,588.jpg,/raid/home/students/hawky_luc/P-le-Projet-Zenkolab/datasets/sshikamaru__glaucoma-detection/ORIGA/ORIGA/Images/588.jpg,2eb023e43b88da17727a215b4122a1e4
FUNDUS_SORTED,Train,588.jpg,/raid/home/students/hawky_luc/P-le-Projet-Zenkolab/datasets/sshikamaru__glaucoma-detection/Fundus_Train_Val_Data/Fundus_Scanes_Sorted/Train/Glaucoma_Positive/588.jpg,2eb023e43b88da17727a215b4122a1e4
ORIGA,A,148.jpg,/raid/home/students/hawky_luc/P-le-Projet-Zenkolab/datasets/sshikamaru__glaucoma-detection/ORIGA/ORIGA/Images/148.jpg,2edf11d698d43d0b87de3265be97c496
FUNDUS_SORTED,Train,148.jpg,/raid/home/students/hawky_luc/P-le-Projet-Zenkolab/datasets/sshikamaru__glaucoma-detection/Fundus_Train_Val_Data/Fundus_Scanes_Sorted/Train/Glaucoma_Negative/148.jpg,2edf11d698d43d0b87de3265be97c496
FUNDUS_SORTED,Train,470.jpg,/raid/home/students/hawky_luc/P-le-Projet-Zenkolab/datasets/sshikamaru__glaucoma-detection/Fundus_Train_Val_Data/Fundus_Scanes_Sorted/Train/Glaucoma_Negative/470.jpg,2eeba052bdcbf968d736c737f24e158a
ORIGA,A,470.jpg,/raid/home/students/hawky_luc/P-le-Projet-Zenkolab/datasets/sshikamaru__glaucoma-detection/ORIGA/ORIGA/Images/470.jpg,2eeba052bdcbf968d736c737f24e158a
ORIGA,A,206.jpg,/raid/home/students/hawky_luc/P-le-Projet-Zenkolab/datasets/sshikamaru__glaucoma-detection/ORIGA/ORIGA/Images/206.jpg,2f191f2f2b69182f70845dd710eab462
FUNDUS_SORTED,Train,206.jpg,/raid/home/students/hawky_luc/P-le-Projet-Zenkolab/datasets/sshikamaru__glaucoma-detection/Fundus_Train_Val_Data/Fundus_Scanes_Sorted/Train/Glaucoma_Negative/206.jpg,2f191f2f2b69182f70845dd710eab462
ORIGA,B,636.jpg,/raid/home/students/hawky_luc/P-le-Projet-Zenkolab/datasets/sshikamaru__glaucoma-detection/ORIGA/ORIGA/Images/636.jpg,2f37393acf315015727aa5e3418ed409
FUNDUS_SORTED,Validation,636.jpg,/raid/home/students/hawky_luc/P-le-Projet-Zenkolab/datasets/sshikamaru__glaucoma-detection/Fundus_Train_Val_Data/Fundus_Scanes_Sorted/Validation/Glaucoma_Positive/636.jpg,2f37393acf315015727aa5e3418ed409
FUNDUS_SORTED,Validation,554.jpg,/raid/home/students/hawky_luc/P-le-Projet-Zenkolab/datasets/sshikamaru__glaucoma-detection/Fundus_Train_Val_Data/Fundus_Scanes_Sorted/Validation/Glaucoma_Negative/554.jpg,2f44cad1d385347d99792b2b7dc225c5
ORIGA,B,554.jpg,/raid/home/students/hawky_luc/P-le-Projet-Zenkolab/datasets/sshikamaru__glaucoma-detection/ORIGA/ORIGA/Images/554.jpg,2f44cad1d385347d99792b2b7dc225c5
FUNDUS_SORTED,Train,253.jpg,/raid/home/students/hawky_luc/P-le-Projet-Zenkolab/datasets/sshikamaru__glaucoma-detection/Fundus_Train_Val_Data/Fundus_Scanes_Sorted/Train/Glaucoma_Negative/253.jpg,2fa9a0b862ac909d4d6f40bc95d57b7b
ORIGA,B,253.jpg,/raid/home/students/hawky_luc/P-le-Projet-Zenkolab/datasets/sshikamaru__glaucoma-detection/ORIGA/ORIGA/Images/253.jpg,2fa9a0b862ac909d4d6f40bc95d57b7b
FUNDUS_SORTED,Validation,517.jpg,/raid/home/students/hawky_luc/P-le-Projet-Zenkolab/datasets/sshikamaru__glaucoma-detection/Fundus_Train_Val_Data/Fundus_Scanes_Sorted/Validation/Glaucoma_Negative/517.jpg,306ab32a921c44ac44a1723b6eac1298
ORIGA,A,517.jpg,/raid/home/students/hawky_luc/P-le-Projet-Zenkolab/datasets/sshikamaru__glaucoma-detection/ORIGA/ORIGA/Images/517.jpg,306ab32a921c44ac44a1723b6eac1298
ORIGA,A,397.jpg,/raid/home/students/hawky_luc/P-le-Projet-Zenkolab/datasets/sshikamaru__glaucoma-detection/ORIGA/ORIGA/Images/397.jpg,3077f865a94df20ced403f2439032917
FUNDUS_SORTED,Train,397.jpg,/raid/home/students/hawky_luc/P-le-Projet-Zenkolab/datasets/sshikamaru__glaucoma-detection/Fundus_Train_Val_Data/Fundus_Scanes_Sorted/Train/Glaucoma_Negative/397.jpg,3077f865a94df20ced403f2439032917
ORIGA,A,461.jpg,/raid/home/students/hawky_luc/P-le-Projet-Zenkolab/datasets/sshikamaru__glaucoma-detection/ORIGA/ORIGA/Images/461.jpg,307a604b27de3d3fd026550736d356c3
FUNDUS_SORTED,Train,461.jpg,/raid/home/students/hawky_luc/P-le-Projet-Zenkolab/datasets/sshikamaru__glaucoma-detection/Fundus_Train_Val_Data/Fundus_Scanes_Sorted/Train/Glaucoma_Negative/461.jpg,307a604b27de3d3fd026550736d356c3
ORIGA,A,348.jpg,/raid/home/students/hawky_luc/P-le-Projet-Zenkolab/datasets/sshikamaru__glaucoma-detection/ORIGA/ORIGA/Images/348.jpg,30b6a41ef02ad43d71d223e970be1be8
FUNDUS_SORTED,Train,348.jpg,/raid/home/students/hawky_luc/P-le-Projet-Zenkolab/datasets/sshikamaru__glaucoma-detection/Fundus_Train_Val_Data/Fundus_Scanes_Sorted/Train/Glaucoma_Positive/348.jpg,30b6a41ef02ad43d71d223e970be1be8
ORIGA,A,293.jpg,/raid/home/students/hawky_luc/P-le-Projet-Zenkolab/datasets/sshikamaru__glaucoma-detection/ORIGA/ORIGA/Images/293.jpg,30bab6df81386923a4cefee0f535b648
FUNDUS_SORTED,Train,293.jpg,/raid/home/students/hawky_luc/P-le-Projet-Zenkolab/datasets/sshikamaru__glaucoma-detection/Fundus_Train_Val_Data/Fundus_Scanes_Sorted/Train/Glaucoma_Positive/293.jpg,30bab6df81386923a4cefee0f535b648
ORIGA,B,142.jpg,/raid/home/students/hawky_luc/P-le-Projet-Zenkolab/datasets/sshikamaru__glaucoma-detection/ORIGA/ORIGA/Images/142.jpg,30ec03c43c1346bcf779683151ff936e
FUNDUS_SORTED,Train,142.jpg,/raid/home/students/hawky_luc/P-le-Projet-Zenkolab/datasets/sshikamaru__glaucoma-detection/Fundus_Train_Val_Data/Fundus_Scanes_Sorted/Train/Glaucoma_Negative/142.jpg,30ec03c43c1346bcf779683151ff936e
ORIGA,A,014.jpg,/raid/home/students/hawky_luc/P-le-Projet-Zenkolab/datasets/sshikamaru__glaucoma-detection/ORIGA/ORIGA/Images/014.jpg,315f03eaf65be2a41348fa92d52b774a
FUNDUS_SORTED,Train,014.jpg,/raid/home/students/hawky_luc/P-le-Projet-Zenkolab/datasets/sshikamaru__glaucoma-detection/Fundus_Train_Val_Data/Fundus_Scanes_Sorted/Train/Glaucoma_Negative/014.jpg,315f03eaf65be2a41348fa92d52b774a
ORIGA,B,012.jpg,/raid/home/students/hawky_luc/P-le-Projet-Zenkolab/datasets/sshikamaru__glaucoma-detection/ORIGA/ORIGA/Images/012.jpg,316911b63d86dde93cd5213f4092dceb
FUNDUS_SORTED,Train,012.jpg,/raid/home/students/hawky_luc/P-le-Projet-Zenkolab/datasets/sshikamaru__glaucoma-detection/Fundus_Train_Val_Data/Fundus_Scanes_Sorted/Train/Glaucoma_Negative/012.jpg,316911b63d86dde93cd5213f4092dceb
ORIGA,B,211.jpg,/raid/home/students/hawky_luc/P-le-Projet-Zenkolab/datasets/sshikamaru__glaucoma-detection/ORIGA/ORIGA/Images/211.jpg,31fe86ab01b609d6b3d55b7952bb13f0
FUNDUS_SORTED,Train,211.jpg,/raid/home/students/hawky_luc/P-le-Projet-Zenkolab/datasets/sshikamaru__glaucoma-detection/Fundus_Train_Val_Data/Fundus_Scanes_Sorted/Train/Glaucoma_Negative/211.jpg,31fe86ab01b609d6b3d55b7952bb13f0
ORIGA,B,025.jpg,/raid/home/students/hawky_luc/P-le-Projet-Zenkolab/datasets/sshikamaru__glaucoma-detection/ORIGA/ORIGA/Images/025.jpg,32040d031f0a12ece5558d3110755944
FUNDUS_SORTED,Train,025.jpg,/raid/home/students/hawky_luc/P-le-Projet-Zenkolab/datasets/sshikamaru__glaucoma-detection/Fundus_Train_Val_Data/Fundus_Scanes_Sorted/Train/Glaucoma_Negative/025.jpg,32040d031f0a12ece5558d3110755944
FUNDUS_SORTED,Validation,509.jpg,/raid/home/students/hawky_luc/P-le-Projet-Zenkolab/datasets/sshikamaru__glaucoma-detection/Fundus_Train_Val_Data/Fundus_Scanes_Sorted/Validation/Glaucoma_Negative/509.jpg,32c0b402033e31cada08c0edfed5d9ee
ORIGA,A,509.jpg,/raid/home/students/hawky_luc/P-le-Projet-Zenkolab/datasets/sshikamaru__glaucoma-detection/ORIGA/ORIGA/Images/509.jpg,32c0b402033e31cada08c0edfed5d9ee
ORIGA,B,276.jpg,/raid/home/students/hawky_luc/P-le-Projet-Zenkolab/datasets/sshikamaru__glaucoma-detection/ORIGA/ORIGA/Images/276.jpg,33268b4281269adcd458377adbd7c368
FUNDUS_SORTED,Train,276.jpg,/raid/home/students/hawky_luc/P-le-Projet-Zenkolab/datasets/sshikamaru__glaucoma-detection/Fundus_Train_Val_Data/Fundus_Scanes_Sorted/Train/Glaucoma_Negative/276.jpg,33268b4281269adcd458377adbd7c368
FUNDUS_SORTED,Train,245.jpg,/raid/home/students/hawky_luc/P-le-Projet-Zenkolab/datasets/sshikamaru__glaucoma-detection/Fundus_Train_Val_Data/Fundus_Scanes_Sorted/Train/Glaucoma_Positive/245.jpg,345bf4ca21828bdd617c1fcdafd4b379
ORIGA,B,245.jpg,/raid/home/students/hawky_luc/P-le-Projet-Zenkolab/datasets/sshikamaru__glaucoma-detection/ORIGA/ORIGA/Images/245.jpg,345bf4ca21828bdd617c1fcdafd4b379
FUNDUS_SORTED,Train,077.jpg,/raid/home/students/hawky_luc/P-le-Projet-Zenkolab/datasets/sshikamaru__glaucoma-detection/Fundus_Train_Val_Data/Fundus_Scanes_Sorted/Train/Glaucoma_Negative/077.jpg,34ea47ce8248349f8d1570214f996814
ORIGA,A,077.jpg,/raid/home/students/hawky_luc/P-le-Projet-Zenkolab/datasets/sshikamaru__glaucoma-detection/ORIGA/ORIGA/Images/077.jpg,34ea47ce8248349f8d1570214f996814
FUNDUS_SORTED,Train,177.jpg,/raid/home/students/hawky_luc/P-le-Projet-Zenkolab/datasets/sshikamaru__glaucoma-detection/Fundus_Train_Val_Data/Fundus_Scanes_Sorted/Train/Glaucoma_Negative/177.jpg,34f801838479ce7ced89026a9005a0ea
ORIGA,A,177.jpg,/raid/home/students/hawky_luc/P-le-Projet-Zenkolab/datasets/sshikamaru__glaucoma-detection/ORIGA/ORIGA/Images/177.jpg,34f801838479ce7ced89026a9005a0ea
ORIGA,A,464.jpg,/raid/home/students/hawky_luc/P-le-Projet-Zenkolab/datasets/sshikamaru__glaucoma-detection/ORIGA/ORIGA/Images/464.jpg,35892289d29a37ddb27237c6eaac4622
FUNDUS_SORTED,Train,464.jpg,/raid/home/students/hawky_luc/P-le-Projet-Zenkolab/datasets/sshikamaru__glaucoma-detection/Fundus_Train_Val_Data/Fundus_Scanes_Sorted/Train/Glaucoma_Negative/464.jpg,35892289d29a37ddb27237c6eaac4622
FUNDUS_SORTED,Train,121.jpg,/raid/home/students/hawky_luc/P-le-Projet-Zenkolab/datasets/sshikamaru__glaucoma-detection/Fundus_Train_Val_Data/Fundus_Scanes_Sorted/Train/Glaucoma_Negative/121.jpg,362123c4fd2eaaf5af0a68630b94135a
ORIGA,B,121.jpg,/raid/home/students/hawky_luc/P-le-Projet-Zenkolab/datasets/sshikamaru__glaucoma-detection/ORIGA/ORIGA/Images/121.jpg,362123c4fd2eaaf5af0a68630b94135a
ORIGA,A,161.jpg,/raid/home/students/hawky_luc/P-le-Projet-Zenkolab/datasets/sshikamaru__glaucoma-detection/ORIGA/ORIGA/Images/161.jpg,37ce423ed31d8d93d7d8dff6cc95664a
FUNDUS_SORTED,Train,161.jpg,/raid/home/students/hawky_luc/P-le-Projet-Zenkolab/datasets/sshikamaru__glaucoma-detection/Fundus_Train_Val_Data/Fundus_Scanes_Sorted/Train/Glaucoma_Negative/161.jpg,37ce423ed31d8d93d7d8dff6cc95664a
ORIGA,A,422.jpg,/raid/home/students/hawky_luc/P-le-Projet-Zenkolab/datasets/sshikamaru__glaucoma-detection/ORIGA/ORIGA/Images/422.jpg,37e8cf7e27eb1ff9348392a5d8c77600
FUNDUS_SORTED,Train,422.jpg,/raid/home/students/hawky_luc/P-le-Projet-Zenkolab/datasets/sshikamaru__glaucoma-detection/Fundus_Train_Val_Data/Fundus_Scanes_Sorted/Train/Glaucoma_Negative/422.jpg,37e8cf7e27eb1ff9348392a5d8c77600
FUNDUS_SORTED,Train,150.jpg,/raid/home/students/hawky_luc/P-le-Projet-Zenkolab/datasets/sshikamaru__glaucoma-detection/Fundus_Train_Val_Data/Fundus_Scanes_Sorted/Train/Glaucoma_Negative/150.jpg,3820a25decd51ee07bb016ac5dc7d67e
ORIGA,A,150.jpg,/raid/home/students/hawky_luc/P-le-Projet-Zenkolab/datasets/sshikamaru__glaucoma-detection/ORIGA/ORIGA/Images/150.jpg,3820a25decd51ee07bb016ac5dc7d67e
FUNDUS_SORTED,Validation,540.jpg,/raid/home/students/hawky_luc/P-le-Projet-Zenkolab/datasets/sshikamaru__glaucoma-detection/Fundus_Train_Val_Data/Fundus_Scanes_Sorted/Validation/Glaucoma_Negative/540.jpg,38636126ef3111685e5bc1994132c189
ORIGA,B,540.jpg,/raid/home/students/hawky_luc/P-le-Projet-Zenkolab/datasets/sshikamaru__glaucoma-detection/ORIGA/ORIGA/Images/540.jpg,38636126ef3111685e5bc1994132c189
ORIGA,A,525.jpg,/raid/home/students/hawky_luc/P-le-Projet-Zenkolab/datasets/sshikamaru__glaucoma-detection/ORIGA/ORIGA/Images/525.jpg,3883f177f5d0a92d33758c3e6c334e85
FUNDUS_SORTED,Validation,525.jpg,/raid/home/students/hawky_luc/P-le-Projet-Zenkolab/datasets/sshikamaru__glaucoma-detection/Fundus_Train_Val_Data/Fundus_Scanes_Sorted/Validation/Glaucoma_Negative/525.jpg,3883f177f5d0a92d33758c3e6c334e85
FUNDUS_SORTED,Train,447.jpg,/raid/home/students/hawky_luc/P-le-Projet-Zenkolab/datasets/sshikamaru__glaucoma-detection/Fundus_Train_Val_Data/Fundus_Scanes_Sorted/Train/Glaucoma_Negative/447.jpg,38b1ec47bf063ddb0cdd24ab9b17eb67
ORIGA,B,447.jpg,/raid/home/students/hawky_luc/P-le-Projet-Zenkolab/datasets/sshikamaru__glaucoma-detection/ORIGA/ORIGA/Images/447.jpg,38b1ec47bf063ddb0cdd24ab9b17eb67
ORIGA,B,358.jpg,/raid/home/students/hawky_luc/P-le-Projet-Zenkolab/datasets/sshikamaru__glaucoma-detection/ORIGA/ORIGA/Images/358.jpg,38e754f5f362c97b2deb2cd38de80f40
FUNDUS_SORTED,Train,358.jpg,/raid/home/students/hawky_luc/P-le-Projet-Zenkolab/datasets/sshikamaru__glaucoma-detection/Fundus_Train_Val_Data/Fundus_Scanes_Sorted/Train/Glaucoma_Negative/358.jpg,38e754f5f362c97b2deb2cd38de80f40
FUNDUS_SORTED,Train,145.jpg,/raid/home/students/hawky_luc/P-le-Projet-Zenkolab/datasets/sshikamaru__glaucoma-detection/Fundus_Train_Val_Data/Fundus_Scanes_Sorted/Train/Glaucoma_Negative/145.jpg,38f13e15e8f9f06bac08b5052ae2b75f
ORIGA,B,145.jpg,/raid/home/students/hawky_luc/P-le-Projet-Zenkolab/datasets/sshikamaru__glaucoma-detection/ORIGA/ORIGA/Images/145.jpg,38f13e15e8f9f06bac08b5052ae2b75f
ORIGA,B,295.jpg,/raid/home/students/hawky_luc/P-le-Projet-Zenkolab/datasets/sshikamaru__glaucoma-detection/ORIGA/ORIGA/Images/295.jpg,3a0c8fd38beb62bd0ce1ec9336137306
FUNDUS_SORTED,Train,295.jpg,/raid/home/students/hawky_luc/P-le-Projet-Zenkolab/datasets/sshikamaru__glaucoma-detection/Fundus_Train_Val_Data/Fundus_Scanes_Sorted/Train/Glaucoma_Negative/295.jpg,3a0c8fd38beb62bd0ce1ec9336137306
FUNDUS_SORTED,Validation,543.jpg,/raid/home/students/hawky_luc/P-le-Projet-Zenkolab/datasets/sshikamaru__glaucoma-detection/Fundus_Train_Val_Data/Fundus_Scanes_Sorted/Validation/Glaucoma_Negative/543.jpg,3aaa02ee806ce46fa4f9c1591d4e17fb
ORIGA,B,543.jpg,/raid/home/students/hawky_luc/P-le-Projet-Zenkolab/datasets/sshikamaru__glaucoma-detection/ORIGA/ORIGA/Images/543.jpg,3aaa02ee806ce46fa4f9c1591d4e17fb
ORIGA,B,372.jpg,/raid/home/students/hawky_luc/P-le-Projet-Zenkolab/datasets/sshikamaru__glaucoma-detection/ORIGA/ORIGA/Images/372.jpg,3ac83a374ead7bb44232f5d30046daf5
FUNDUS_SORTED,Train,372.jpg,/raid/home/students/hawky_luc/P-le-Projet-Zenkolab/datasets/sshikamaru__glaucoma-detection/Fundus_Train_Val_Data/Fundus_Scanes_Sorted/Train/Glaucoma_Negative/372.jpg,3ac83a374ead7bb44232f5d30046daf5
ORIGA,A,648.jpg,/raid/home/students/hawky_luc/P-le-Projet-Zenkolab/datasets/sshikamaru__glaucoma-detection/ORIGA/ORIGA/Images/648.jpg,3ae31e881098afd812ecc73c8b4aa479
FUNDUS_SORTED,Validation,648.jpg,/raid/home/students/hawky_luc/P-le-Projet-Zenkolab/datasets/sshikamaru__glaucoma-detection/Fundus_Train_Val_Data/Fundus_Scanes_Sorted/Validation/Glaucoma_Positive/648.jpg,3ae31e881098afd812ecc73c8b4aa479
FUNDUS_SORTED,Train,580.jpg,/raid/home/students/hawky_luc/P-le-Projet-Zenkolab/datasets/sshikamaru__glaucoma-detection/Fundus_Train_Val_Data/Fundus_Scanes_Sorted/Train/Glaucoma_Positive/580.jpg,3b1e26411b1461a79f86d228477bf5bd
ORIGA,B,580.jpg,/raid/home/students/hawky_luc/P-le-Projet-Zenkolab/datasets/sshikamaru__glaucoma-detection/ORIGA/ORIGA/Images/580.jpg,3b1e26411b1461a79f86d228477bf5bd
FUNDUS_SORTED,Train,324.jpg,/raid/home/students/hawky_luc/P-le-Projet-Zenkolab/datasets/sshikamaru__glaucoma-detection/Fundus_Train_Val_Data/Fundus_Scanes_Sorted/Train/Glaucoma_Negative/324.jpg,3b4dc4df55a52862ad2c9de3734e897f
ORIGA,B,324.jpg,/raid/home/students/hawky_luc/P-le-Projet-Zenkolab/datasets/sshikamaru__glaucoma-detection/ORIGA/ORIGA/Images/324.jpg,3b4dc4df55a52862ad2c9de3734e897f
FUNDUS_SORTED,Validation,503.jpg,/raid/home/students/hawky_luc/P-le-Projet-Zenkolab/datasets/sshikamaru__glaucoma-detection/Fundus_Train_Val_Data/Fundus_Scanes_Sorted/Validation/Glaucoma_Negative/503.jpg,3b59b9b0d7eb29ece7a6a100337c95fb
ORIGA,B,503.jpg,/raid/home/students/hawky_luc/P-le-Projet-Zenkolab/datasets/sshikamaru__glaucoma-detection/ORIGA/ORIGA/Images/503.jpg,3b59b9b0d7eb29ece7a6a100337c95fb
FUNDUS_SORTED,Train,384.jpg,/raid/home/students/hawky_luc/P-le-Projet-Zenkolab/datasets/sshikamaru__glaucoma-detection/Fundus_Train_Val_Data/Fundus_Scanes_Sorted/Train/Glaucoma_Negative/384.jpg,3b7278bc74965ff7893d0b83e86db7f2
ORIGA,B,384.jpg,/raid/home/students/hawky_luc/P-le-Projet-Zenkolab/datasets/sshikamaru__glaucoma-detection/ORIGA/ORIGA/Images/384.jpg,3b7278bc74965ff7893d0b83e86db7f2
ORIGA,A,175.jpg,/raid/home/students/hawky_luc/P-le-Projet-Zenkolab/datasets/sshikamaru__glaucoma-detection/ORIGA/ORIGA/Images/175.jpg,3bbed041ae8e8f196f2cee6026599b5e
FUNDUS_SORTED,Train,175.jpg,/raid/home/students/hawky_luc/P-le-Projet-Zenkolab/datasets/sshikamaru__glaucoma-detection/Fundus_Train_Val_Data/Fundus_Scanes_Sorted/Train/Glaucoma_Negative/175.jpg,3bbed041ae8e8f196f2cee6026599b5e
FUNDUS_SORTED,Validation,497.jpg,/raid/home/students/hawky_luc/P-le-Projet-Zenkolab/datasets/sshikamaru__glaucoma-detection/Fundus_Train_Val_Data/Fundus_Scanes_Sorted/Validation/Glaucoma_Negative/497.jpg,3bd3dd811bc7de9616884b83d07d4c13
ORIGA,B,497.jpg,/raid/home/students/hawky_luc/P-le-Projet-Zenkolab/datasets/sshikamaru__glaucoma-detection/ORIGA/ORIGA/Images/497.jpg,3bd3dd811bc7de9616884b83d07d4c13
ORIGA,A,022.jpg,/raid/home/students/hawky_luc/P-le-Projet-Zenkolab/datasets/sshikamaru__glaucoma-detection/ORIGA/ORIGA/Images/022.jpg,3becb10b44faed4ce9b0d36004c23750
FUNDUS_SORTED,Train,022.jpg,/raid/home/students/hawky_luc/P-le-Projet-Zenkolab/datasets/sshikamaru__glaucoma-detection/Fundus_Train_Val_Data/Fundus_Scanes_Sorted/Train/Glaucoma_Negative/022.jpg,3becb10b44faed4ce9b0d36004c23750
ORIGA,A,005.jpg,/raid/home/students/hawky_luc/P-le-Projet-Zenkolab/datasets/sshikamaru__glaucoma-detection/ORIGA/ORIGA/Images/005.jpg,3c2ecccfcf37d41a127e38a0ae653402
FUNDUS_SORTED,Train,005.jpg,/raid/home/students/hawky_luc/P-le-Projet-Zenkolab/datasets/sshikamaru__glaucoma-detection/Fundus_Train_Val_Data/Fundus_Scanes_Sorted/Train/Glaucoma_Negative/005.jpg,3c2ecccfcf37d41a127e38a0ae653402
FUNDUS_SORTED,Train,440.jpg,/raid/home/students/hawky_luc/P-le-Projet-Zenkolab/datasets/sshikamaru__glaucoma-detection/Fundus_Train_Val_Data/Fundus_Scanes_Sorted/Train/Glaucoma_Positive/440.jpg,3ceb85f6e55ec8701034121eeed05c8a
ORIGA,B,440.jpg,/raid/home/students/hawky_luc/P-le-Projet-Zenkolab/datasets/sshikamaru__glaucoma-detection/ORIGA/ORIGA/Images/440.jpg,3ceb85f6e55ec8701034121eeed05c8a
ORIGA,B,382.jpg,/raid/home/students/hawky_luc/P-le-Projet-Zenkolab/datasets/sshikamaru__glaucoma-detection/ORIGA/ORIGA/Images/382.jpg,3cf1208fba7bbe0d27bcf6f5a3c5b302
FUNDUS_SORTED,Train,382.jpg,/raid/home/students/hawky_luc/P-le-Projet-Zenkolab/datasets/sshikamaru__glaucoma-detection/Fundus_Train_Val_Data/Fundus_Scanes_Sorted/Train/Glaucoma_Positive/382.jpg,3cf1208fba7bbe0d27bcf6f5a3c5b302
FUNDUS_SORTED,Train,268.jpg,/raid/home/students/hawky_luc/P-le-Projet-Zenkolab/datasets/sshikamaru__glaucoma-detection/Fundus_Train_Val_Data/Fundus_Scanes_Sorted/Train/Glaucoma_Negative/268.jpg,3cf50402fccf27ef23c1091885346be0
ORIGA,B,268.jpg,/raid/home/students/hawky_luc/P-le-Projet-Zenkolab/datasets/sshikamaru__glaucoma-detection/ORIGA/ORIGA/Images/268.jpg,3cf50402fccf27ef23c1091885346be0
FUNDUS_SORTED,Train,558.jpg,/raid/home/students/hawky_luc/P-le-Projet-Zenkolab/datasets/sshikamaru__glaucoma-detection/Fundus_Train_Val_Data/Fundus_Scanes_Sorted/Train/Glaucoma_Positive/558.jpg,3d3869b25b748076c189e5dfa8389a5b
ORIGA,B,558.jpg,/raid/home/students/hawky_luc/P-le-Projet-Zenkolab/datasets/sshikamaru__glaucoma-detection/ORIGA/ORIGA/Images/558.jpg,3d3869b25b748076c189e5dfa8389a5b
FUNDUS_SORTED,Train,040.jpg,/raid/home/students/hawky_luc/P-le-Projet-Zenkolab/datasets/sshikamaru__glaucoma-detection/Fundus_Train_Val_Data/Fundus_Scanes_Sorted/Train/Glaucoma_Negative/040.jpg,3da3596f56497ce2348edcf1fa7472b1
ORIGA,A,040.jpg,/raid/home/students/hawky_luc/P-le-Projet-Zenkolab/datasets/sshikamaru__glaucoma-detection/ORIGA/ORIGA/Images/040.jpg,3da3596f56497ce2348edcf1fa7472b1
ORIGA,B,272.jpg,/raid/home/students/hawky_luc/P-le-Projet-Zenkolab/datasets/sshikamaru__glaucoma-detection/ORIGA/ORIGA/Images/272.jpg,3dacbe5976809e2102eef8ea17f8f73b
FUNDUS_SORTED,Train,272.jpg,/raid/home/students/hawky_luc/P-le-Projet-Zenkolab/datasets/sshikamaru__glaucoma-detection/Fundus_Train_Val_Data/Fundus_Scanes_Sorted/Train/Glaucoma_Negative/272.jpg,3dacbe5976809e2102eef8ea17f8f73b
ORIGA,A,345.jpg,/raid/home/students/hawky_luc/P-le-Projet-Zenkolab/datasets/sshikamaru__glaucoma-detection/ORIGA/ORIGA/Images/345.jpg,3e523bcb73b787527d6f014ef6799193
FUNDUS_SORTED,Train,345.jpg,/raid/home/students/hawky_luc/P-le-Projet-Zenkolab/datasets/sshikamaru__glaucoma-detection/Fundus_Train_Val_Data/Fundus_Scanes_Sorted/Train/Glaucoma_Positive/345.jpg,3e523bcb73b787527d6f014ef6799193
ORIGA,A,351.jpg,/raid/home/students/hawky_luc/P-le-Projet-Zenkolab/datasets/sshikamaru__glaucoma-detection/ORIGA/ORIGA/Images/351.jpg,3eb2883726a114c8957f1ff1f330ff51
FUNDUS_SORTED,Train,351.jpg,/raid/home/students/hawky_luc/P-le-Projet-Zenkolab/datasets/sshikamaru__glaucoma-detection/Fundus_Train_Val_Data/Fundus_Scanes_Sorted/Train/Glaucoma_Negative/351.jpg,3eb2883726a114c8957f1ff1f330ff51
ORIGA,B,513.jpg,/raid/home/students/hawky_luc/P-le-Projet-Zenkolab/datasets/sshikamaru__glaucoma-detection/ORIGA/ORIGA/Images/513.jpg,3f0ff93eb2a1cfaef487c6fee26525cb
FUNDUS_SORTED,Validation,513.jpg,/raid/home/students/hawky_luc/P-le-Projet-Zenkolab/datasets/sshikamaru__glaucoma-detection/Fundus_Train_Val_Data/Fundus_Scanes_Sorted/Validation/Glaucoma_Negative/513.jpg,3f0ff93eb2a1cfaef487c6fee26525cb
FUNDUS_SORTED,Train,180.jpg,/raid/home/students/hawky_luc/P-le-Projet-Zenkolab/datasets/sshikamaru__glaucoma-detection/Fundus_Train_Val_Data/Fundus_Scanes_Sorted/Train/Glaucoma_Positive/180.jpg,3f65ea0e782ca5784fed48b35a9c6aaa
ORIGA,B,180.jpg,/raid/home/students/hawky_luc/P-le-Projet-Zenkolab/datasets/sshikamaru__glaucoma-detection/ORIGA/ORIGA/Images/180.jpg,3f65ea0e782ca5784fed48b35a9c6aaa
FUNDUS_SORTED,Train,237.jpg,/raid/home/students/hawky_luc/P-le-Projet-Zenkolab/datasets/sshikamaru__glaucoma-detection/Fundus_Train_Val_Data/Fundus_Scanes_Sorted/Train/Glaucoma_Negative/237.jpg,3f8b7268acd0498730de93290a42f820
ORIGA,B,237.jpg,/raid/home/students/hawky_luc/P-le-Projet-Zenkolab/datasets/sshikamaru__glaucoma-detection/ORIGA/ORIGA/Images/237.jpg,3f8b7268acd0498730de93290a42f820
ORIGA,A,326.jpg,/raid/home/students/hawky_luc/P-le-Projet-Zenkolab/datasets/sshikamaru__glaucoma-detection/ORIGA/ORIGA/Images/326.jpg,3fe56aacfa67a6e0c39377889bd97ced
FUNDUS_SORTED,Train,326.jpg,/raid/home/students/hawky_luc/P-le-Projet-Zenkolab/datasets/sshikamaru__glaucoma-detection/Fundus_Train_Val_Data/Fundus_Scanes_Sorted/Train/Glaucoma_Negative/326.jpg,3fe56aacfa67a6e0c39377889bd97ced
ORIGA,B,314.jpg,/raid/home/students/hawky_luc/P-le-Projet-Zenkolab/datasets/sshikamaru__glaucoma-detection/ORIGA/ORIGA/Images/314.jpg,401c8ed0ac0de1c0c254a369ff0f755e
FUNDUS_SORTED,Train,314.jpg,/raid/home/students/hawky_luc/P-le-Projet-Zenkolab/datasets/sshikamaru__glaucoma-detection/Fundus_Train_Val_Data/Fundus_Scanes_Sorted/Train/Glaucoma_Negative/314.jpg,401c8ed0ac0de1c0c254a369ff0f755e
FUNDUS_SORTED,Train,417.jpg,/raid/home/students/hawky_luc/P-le-Projet-Zenkolab/datasets/sshikamaru__glaucoma-detection/Fundus_Train_Val_Data/Fundus_Scanes_Sorted/Train/Glaucoma_Negative/417.jpg,403231326011ec19972849a59775a5ec
ORIGA,A,417.jpg,/raid/home/students/hawky_luc/P-le-Projet-Zenkolab/datasets/sshikamaru__glaucoma-detection/ORIGA/ORIGA/Images/417.jpg,403231326011ec19972849a59775a5ec
ORIGA,B,181.jpg,/raid/home/students/hawky_luc/P-le-Projet-Zenkolab/datasets/sshikamaru__glaucoma-detection/ORIGA/ORIGA/Images/181.jpg,404c2dd24f19e4261289e57ba5285134
FUNDUS_SORTED,Train,181.jpg,/raid/home/students/hawky_luc/P-le-Projet-Zenkolab/datasets/sshikamaru__glaucoma-detection/Fundus_Train_Val_Data/Fundus_Scanes_Sorted/Train/Glaucoma_Positive/181.jpg,404c2dd24f19e4261289e57ba5285134
ORIGA,A,201.jpg,/raid/home/students/hawky_luc/P-le-Projet-Zenkolab/datasets/sshikamaru__glaucoma-detection/ORIGA/ORIGA/Images/201.jpg,413cc9e7c8598b6d6d58bd52e8586460
FUNDUS_SORTED,Train,201.jpg,/raid/home/students/hawky_luc/P-le-Projet-Zenkolab/datasets/sshikamaru__glaucoma-detection/Fundus_Train_Val_Data/Fundus_Scanes_Sorted/Train/Glaucoma_Negative/201.jpg,413cc9e7c8598b6d6d58bd52e8586460
FUNDUS_SORTED,Validation,489.jpg,/raid/home/students/hawky_luc/P-le-Projet-Zenkolab/datasets/sshikamaru__glaucoma-detection/Fundus_Train_Val_Data/Fundus_Scanes_Sorted/Validation/Glaucoma_Negative/489.jpg,4154e628322dbd0e38225eb0241bf9ac
ORIGA,A,489.jpg,/raid/home/students/hawky_luc/P-le-Projet-Zenkolab/datasets/sshikamaru__glaucoma-detection/ORIGA/ORIGA/Images/489.jpg,4154e628322dbd0e38225eb0241bf9ac
FUNDUS_SORTED,Train,315.jpg,/raid/home/students/hawky_luc/P-le-Projet-Zenkolab/datasets/sshikamaru__glaucoma-detection/Fundus_Train_Val_Data/Fundus_Scanes_Sorted/Train/Glaucoma_Negative/315.jpg,41f9f657710ec168135734fc327f8971
ORIGA,B,315.jpg,/raid/home/students/hawky_luc/P-le-Projet-Zenkolab/datasets/sshikamaru__glaucoma-detection/ORIGA/ORIGA/Images/315.jpg,41f9f657710ec168135734fc327f8971
FUNDUS_SORTED,Train,362.jpg,/raid/home/students/hawky_luc/P-le-Projet-Zenkolab/datasets/sshikamaru__glaucoma-detection/Fundus_Train_Val_Data/Fundus_Scanes_Sorted/Train/Glaucoma_Positive/362.jpg,41fa256eeefa8177667e35e7a51badf1
ORIGA,A,362.jpg,/raid/home/students/hawky_luc/P-le-Projet-Zenkolab/datasets/sshikamaru__glaucoma-detection/ORIGA/ORIGA/Images/362.jpg,41fa256eeefa8177667e35e7a51badf1
ORIGA,A,063.jpg,/raid/home/students/hawky_luc/P-le-Projet-Zenkolab/datasets/sshikamaru__glaucoma-detection/ORIGA/ORIGA/Images/063.jpg,423558c8c51ad7c2355d1f245a1d1cc1
FUNDUS_SORTED,Train,063.jpg,/raid/home/students/hawky_luc/P-le-Projet-Zenkolab/datasets/sshikamaru__glaucoma-detection/Fundus_Train_Val_Data/Fundus_Scanes_Sorted/Train/Glaucoma_Negative/063.jpg,423558c8c51ad7c2355d1f245a1d1cc1
FUNDUS_SORTED,Train,343.jpg,/raid/home/students/hawky_luc/P-le-Projet-Zenkolab/datasets/sshikamaru__glaucoma-detection/Fundus_Train_Val_Data/Fundus_Scanes_Sorted/Train/Glaucoma_Negative/343.jpg,42438ba52690ec1a6a935f50b4be66bd
ORIGA,A,343.jpg,/raid/home/students/hawky_luc/P-le-Projet-Zenkolab/datasets/sshikamaru__glaucoma-detection/ORIGA/ORIGA/Images/343.jpg,42438ba52690ec1a6a935f50b4be66bd
ORIGA,A,223.jpg,/raid/home/students/hawky_luc/P-le-Projet-Zenkolab/datasets/sshikamaru__glaucoma-detection/ORIGA/ORIGA/Images/223.jpg,428721c352fcb74dd532eb2f9ab7379d
FUNDUS_SORTED,Train,223.jpg,/raid/home/students/hawky_luc/P-le-Projet-Zenkolab/datasets/sshikamaru__glaucoma-detection/Fundus_Train_Val_Data/Fundus_Scanes_Sorted/Train/Glaucoma_Negative/223.jpg,428721c352fcb74dd532eb2f9ab7379d
ORIGA,A,491.jpg,/raid/home/students/hawky_luc/P-le-Projet-Zenkolab/datasets/sshikamaru__glaucoma-detection/ORIGA/ORIGA/Images/491.jpg,43650f3c0305df84220ce4dbc9bcba5d
FUNDUS_SORTED,Validation,491.jpg,/raid/home/students/hawky_luc/P-le-Projet-Zenkolab/datasets/sshikamaru__glaucoma-detection/Fundus_Train_Val_Data/Fundus_Scanes_Sorted/Validation/Glaucoma_Negative/491.jpg,43650f3c0305df84220ce4dbc9bcba5d
ORIGA,A,152.jpg,/raid/home/students/hawky_luc/P-le-Projet-Zenkolab/datasets/sshikamaru__glaucoma-detection/ORIGA/ORIGA/Images/152.jpg,44bbd2df7fcc9684ad889f5f5a517723
FUNDUS_SORTED,Train,152.jpg,/raid/home/students/hawky_luc/P-le-Projet-Zenkolab/datasets/sshikamaru__glaucoma-detection/Fundus_Train_Val_Data/Fundus_Scanes_Sorted/Train/Glaucoma_Negative/152.jpg,44bbd2df7fcc9684ad889f5f5a517723
FUNDUS_SORTED,Train,332.jpg,/raid/home/students/hawky_luc/P-le-Projet-Zenkolab/datasets/sshikamaru__glaucoma-detection/Fundus_Train_Val_Data/Fundus_Scanes_Sorted/Train/Glaucoma_Negative/332.jpg,4507b8c2e15c6d5e9602c1810f573ad9
ORIGA,B,332.jpg,/raid/home/students/hawky_luc/P-le-Projet-Zenkolab/datasets/sshikamaru__glaucoma-detection/ORIGA/ORIGA/Images/332.jpg,4507b8c2e15c6d5e9602c1810f573ad9
FUNDUS_SORTED,Validation,631.jpg,/raid/home/students/hawky_luc/P-le-Projet-Zenkolab/datasets/sshikamaru__glaucoma-detection/Fundus_Train_Val_Data/Fundus_Scanes_Sorted/Validation/Glaucoma_Positive/631.jpg,455171b172b897c866cd81c54159602d
ORIGA,A,631.jpg,/raid/home/students/hawky_luc/P-le-Projet-Zenkolab/datasets/sshikamaru__glaucoma-detection/ORIGA/ORIGA/Images/631.jpg,455171b172b897c866cd81c54159602d
ORIGA,A,185.jpg,/raid/home/students/hawky_luc/P-le-Projet-Zenkolab/datasets/sshikamaru__glaucoma-detection/ORIGA/ORIGA/Images/185.jpg,456f116c3009111ecf9c3a3c71a94a91
FUNDUS_SORTED,Train,185.jpg,/raid/home/students/hawky_luc/P-le-Projet-Zenkolab/datasets/sshikamaru__glaucoma-detection/Fundus_Train_Val_Data/Fundus_Scanes_Sorted/Train/Glaucoma_Negative/185.jpg,456f116c3009111ecf9c3a3c71a94a91
FUNDUS_SORTED,Train,084.jpg,/raid/home/students/hawky_luc/P-le-Projet-Zenkolab/datasets/sshikamaru__glaucoma-detection/Fundus_Train_Val_Data/Fundus_Scanes_Sorted/Train/Glaucoma_Negative/084.jpg,45720ec9ac49524098a089adfe0c01f4
ORIGA,A,084.jpg,/raid/home/students/hawky_luc/P-le-Projet-Zenkolab/datasets/sshikamaru__glaucoma-detection/ORIGA/ORIGA/Images/084.jpg,45720ec9ac49524098a089adfe0c01f4
ORIGA,B,176.jpg,/raid/home/students/hawky_luc/P-le-Projet-Zenkolab/datasets/sshikamaru__glaucoma-detection/ORIGA/ORIGA/Images/176.jpg,45d2408c72cb7b2faeb9b3a7515a7f40
FUNDUS_SORTED,Train,176.jpg,/raid/home/students/hawky_luc/P-le-Projet-Zenkolab/datasets/sshikamaru__glaucoma-detection/Fundus_Train_Val_Data/Fundus_Scanes_Sorted/Train/Glaucoma_Negative/176.jpg,45d2408c72cb7b2faeb9b3a7515a7f40
FUNDUS_SORTED,Validation,611.jpg,/raid/home/students/hawky_luc/P-le-Projet-Zenkolab/datasets/sshikamaru__glaucoma-detection/Fundus_Train_Val_Data/Fundus_Scanes_Sorted/Validation/Glaucoma_Negative/611.jpg,463505c59cb4879a81b2e16cd3c6bb23
ORIGA,A,611.jpg,/raid/home/students/hawky_luc/P-le-Projet-Zenkolab/datasets/sshikamaru__glaucoma-detection/ORIGA/ORIGA/Images/611.jpg,463505c59cb4879a81b2e16cd3c6bb23
FUNDUS_SORTED,Train,102.jpg,/raid/home/students/hawky_luc/P-le-Projet-Zenkolab/datasets/sshikamaru__glaucoma-detection/Fundus_Train_Val_Data/Fundus_Scanes_Sorted/Train/Glaucoma_Negative/102.jpg,46805891785cab51e7428504d83a239b
ORIGA,A,102.jpg,/raid/home/students/hawky_luc/P-le-Projet-Zenkolab/datasets/sshikamaru__glaucoma-detection/ORIGA/ORIGA/Images/102.jpg,46805891785cab51e7428504d83a239b
ORIGA,B,119.jpg,/raid/home/students/hawky_luc/P-le-Projet-Zenkolab/datasets/sshikamaru__glaucoma-detection/ORIGA/ORIGA/Images/119.jpg,475d3dda343f4218e1b02098038b7b1d
FUNDUS_SORTED,Train,119.jpg,/raid/home/students/hawky_luc/P-le-Projet-Zenkolab/datasets/sshikamaru__glaucoma-detection/Fundus_Train_Val_Data/Fundus_Scanes_Sorted/Train/Glaucoma_Negative/119.jpg,475d3dda343f4218e1b02098038b7b1d
ORIGA,B,392.jpg,/raid/home/students/hawky_luc/P-le-Projet-Zenkolab/datasets/sshikamaru__glaucoma-detection/ORIGA/ORIGA/Images/392.jpg,47a4c1b75f3aec6a332c7b82b968d328
FUNDUS_SORTED,Train,392.jpg,/raid/home/students/hawky_luc/P-le-Projet-Zenkolab/datasets/sshikamaru__glaucoma-detection/Fundus_Train_Val_Data/Fundus_Scanes_Sorted/Train/Glaucoma_Negative/392.jpg,47a4c1b75f3aec6a332c7b82b968d328
ORIGA,A,136.jpg,/raid/home/students/hawky_luc/P-le-Projet-Zenkolab/datasets/sshikamaru__glaucoma-detection/ORIGA/ORIGA/Images/136.jpg,47fe667226d7a6682f8e188e230b8ebc
FUNDUS_SORTED,Train,136.jpg,/raid/home/students/hawky_luc/P-le-Projet-Zenkolab/datasets/sshikamaru__glaucoma-detection/Fundus_Train_Val_Data/Fundus_Scanes_Sorted/Train/Glaucoma_Negative/136.jpg,47fe667226d7a6682f8e188e230b8ebc
FUNDUS_SORTED,Train,380.jpg,/raid/home/students/hawky_luc/P-le-Projet-Zenkolab/datasets/sshikamaru__glaucoma-detection/Fundus_Train_Val_Data/Fundus_Scanes_Sorted/Train/Glaucoma_Negative/380.jpg,483fbc35cc3568b24bf6c85866871182
ORIGA,B,380.jpg,/raid/home/students/hawky_luc/P-le-Projet-Zenkolab/datasets/sshikamaru__glaucoma-detection/ORIGA/ORIGA/Images/380.jpg,483fbc35cc3568b24bf6c85866871182
FUNDUS_SORTED,Validation,488.jpg,/raid/home/students/hawky_luc/P-le-Projet-Zenkolab/datasets/sshikamaru__glaucoma-detection/Fundus_Train_Val_Data/Fundus_Scanes_Sorted/Validation/Glaucoma_Negative/488.jpg,48cd64a02d7a2c28ce90421d0a3751dd
ORIGA,A,488.jpg,/raid/home/students/hawky_luc/P-le-Projet-Zenkolab/datasets/sshikamaru__glaucoma-detection/ORIGA/ORIGA/Images/488.jpg,48cd64a02d7a2c28ce90421d0a3751dd
ORIGA,B,530.jpg,/raid/home/students/hawky_luc/P-le-Projet-Zenkolab/datasets/sshikamaru__glaucoma-detection/ORIGA/ORIGA/Images/530.jpg,4949842f10b4a50cade2d42f65115677
FUNDUS_SORTED,Validation,530.jpg,/raid/home/students/hawky_luc/P-le-Projet-Zenkolab/datasets/sshikamaru__glaucoma-detection/Fundus_Train_Val_Data/Fundus_Scanes_Sorted/Validation/Glaucoma_Negative/530.jpg,4949842f10b4a50cade2d42f65115677
FUNDUS_SORTED,Train,394.jpg,/raid/home/students/hawky_luc/P-le-Projet-Zenkolab/datasets/sshikamaru__glaucoma-detection/Fundus_Train_Val_Data/Fundus_Scanes_Sorted/Train/Glaucoma_Negative/394.jpg,4958d5b0a6c749640a08e810c7e8bb8d
ORIGA,A,394.jpg,/raid/home/students/hawky_luc/P-le-Projet-Zenkolab/datasets/sshikamaru__glaucoma-detection/ORIGA/ORIGA/Images/394.jpg,4958d5b0a6c749640a08e810c7e8bb8d
ORIGA,B,052.jpg,/raid/home/students/hawky_luc/P-le-Projet-Zenkolab/datasets/sshikamaru__glaucoma-detection/ORIGA/ORIGA/Images/052.jpg,49f2ab060d8cbcfdd86ce68ec1f7abc5
FUNDUS_SORTED,Train,052.jpg,/raid/home/students/hawky_luc/P-le-Projet-Zenkolab/datasets/sshikamaru__glaucoma-detection/Fundus_Train_Val_Data/Fundus_Scanes_Sorted/Train/Glaucoma_Negative/052.jpg,49f2ab060d8cbcfdd86ce68ec1f7abc5
FUNDUS_SORTED,Validation,521.jpg,/raid/home/students/hawky_luc/P-le-Projet-Zenkolab/datasets/sshikamaru__glaucoma-detection/Fundus_Train_Val_Data/Fundus_Scanes_Sorted/Validation/Glaucoma_Negative/521.jpg,4a4956516151704b695860dbd458b84f
ORIGA,B,521.jpg,/raid/home/students/hawky_luc/P-le-Projet-Zenkolab/datasets/sshikamaru__glaucoma-detection/ORIGA/ORIGA/Images/521.jpg,4a4956516151704b695860dbd458b84f
ORIGA,A,199.jpg,/raid/home/students/hawky_luc/P-le-Projet-Zenkolab/datasets/sshikamaru__glaucoma-detection/ORIGA/ORIGA/Images/199.jpg,4aba434b7303a3b00b6cf0c305a5c2fc
FUNDUS_SORTED,Train,199.jpg,/raid/home/students/hawky_luc/P-le-Projet-Zenkolab/datasets/sshikamaru__glaucoma-detection/Fundus_Train_Val_Data/Fundus_Scanes_Sorted/Train/Glaucoma_Negative/199.jpg,4aba434b7303a3b00b6cf0c305a5c2fc
FUNDUS_SORTED,Train,085.jpg,/raid/home/students/hawky_luc/P-le-Projet-Zenkolab/datasets/sshikamaru__glaucoma-detection/Fundus_Train_Val_Data/Fundus_Scanes_Sorted/Train/Glaucoma_Negative/085.jpg,4aef2d11a8a8c4a1a792b945f8c3e4b6
ORIGA,A,085.jpg,/raid/home/students/hawky_luc/P-le-Projet-Zenkolab/datasets/sshikamaru__glaucoma-detection/ORIGA/ORIGA/Images/085.jpg,4aef2d11a8a8c4a1a792b945f8c3e4b6
FUNDUS_SORTED,Train,236.jpg,/raid/home/students/hawky_luc/P-le-Projet-Zenkolab/datasets/sshikamaru__glaucoma-detection/Fundus_Train_Val_Data/Fundus_Scanes_Sorted/Train/Glaucoma_Negative/236.jpg,4b109d9a986db6a2302a939bde87614d
ORIGA,B,236.jpg,/raid/home/students/hawky_luc/P-le-Projet-Zenkolab/datasets/sshikamaru__glaucoma-detection/ORIGA/ORIGA/Images/236.jpg,4b109d9a986db6a2302a939bde87614d
ORIGA,B,614.jpg,/raid/home/students/hawky_luc/P-le-Projet-Zenkolab/datasets/sshikamaru__glaucoma-detection/ORIGA/ORIGA/Images/614.jpg,4beb7864c05cf6a4db1381efb3960d93
FUNDUS_SORTED,Validation,614.jpg,/raid/home/students/hawky_luc/P-le-Projet-Zenkolab/datasets/sshikamaru__glaucoma-detection/Fundus_Train_Val_Data/Fundus_Scanes_Sorted/Validation/Glaucoma_Negative/614.jpg,4beb7864c05cf6a4db1381efb3960d93
ORIGA,B,108.jpg,/raid/home/students/hawky_luc/P-le-Projet-Zenkolab/datasets/sshikamaru__glaucoma-detection/ORIGA/ORIGA/Images/108.jpg,4c9ced1b1cb91f150fc7289b4f405bc5
FUNDUS_SORTED,Train,108.jpg,/raid/home/students/hawky_luc/P-le-Projet-Zenkolab/datasets/sshikamaru__glaucoma-detection/Fundus_Train_Val_Data/Fundus_Scanes_Sorted/Train/Glaucoma_Negative/108.jpg,4c9ced1b1cb91f150fc7289b4f405bc5
ORIGA,A,264.jpg,/raid/home/students/hawky_luc/P-le-Projet-Zenkolab/datasets/sshikamaru__glaucoma-detection/ORIGA/ORIGA/Images/264.jpg,4cb6dcff130dc17a9b8082b293f5e8eb
FUNDUS_SORTED,Train,264.jpg,/raid/home/students/hawky_luc/P-le-Projet-Zenkolab/datasets/sshikamaru__glaucoma-detection/Fundus_Train_Val_Data/Fundus_Scanes_Sorted/Train/Glaucoma_Negative/264.jpg,4cb6dcff130dc17a9b8082b293f5e8eb
ORIGA,A,260.jpg,/raid/home/students/hawky_luc/P-le-Projet-Zenkolab/datasets/sshikamaru__glaucoma-detection/ORIGA/ORIGA/Images/260.jpg,4cd0277ef28f005099130ab81b4e1c73
FUNDUS_SORTED,Train,260.jpg,/raid/home/students/hawky_luc/P-le-Projet-Zenkolab/datasets/sshikamaru__glaucoma-detection/Fundus_Train_Val_Data/Fundus_Scanes_Sorted/Train/Glaucoma_Negative/260.jpg,4cd0277ef28f005099130ab81b4e1c73
FUNDUS_SORTED,Train,398.jpg,/raid/home/students/hawky_luc/P-le-Projet-Zenkolab/datasets/sshikamaru__glaucoma-detection/Fundus_Train_Val_Data/Fundus_Scanes_Sorted/Train/Glaucoma_Positive/398.jpg,4cf81e4bfe58718ea108ff8f289e54f6
ORIGA,B,398.jpg,/raid/home/students/hawky_luc/P-le-Projet-Zenkolab/datasets/sshikamaru__glaucoma-detection/ORIGA/ORIGA/Images/398.jpg,4cf81e4bfe58718ea108ff8f289e54f6
FUNDUS_SORTED,Train,421.jpg,/raid/home/students/hawky_luc/P-le-Projet-Zenkolab/datasets/sshikamaru__glaucoma-detection/Fundus_Train_Val_Data/Fundus_Scanes_Sorted/Train/Glaucoma_Negative/421.jpg,4d2ec1a41dd2ce2217fd741982a31572
ORIGA,B,421.jpg,/raid/home/students/hawky_luc/P-le-Projet-Zenkolab/datasets/sshikamaru__glaucoma-detection/ORIGA/ORIGA/Images/421.jpg,4d2ec1a41dd2ce2217fd741982a31572
FUNDUS_SORTED,Train,088.jpg,/raid/home/students/hawky_luc/P-le-Projet-Zenkolab/datasets/sshikamaru__glaucoma-detection/Fundus_Train_Val_Data/Fundus_Scanes_Sorted/Train/Glaucoma_Negative/088.jpg,4e2da7ee762dbf37c04df74358061324
ORIGA,B,088.jpg,/raid/home/students/hawky_luc/P-le-Projet-Zenkolab/datasets/sshikamaru__glaucoma-detection/ORIGA/ORIGA/Images/088.jpg,4e2da7ee762dbf37c04df74358061324
ORIGA,B,465.jpg,/raid/home/students/hawky_luc/P-le-Projet-Zenkolab/datasets/sshikamaru__glaucoma-detection/ORIGA/ORIGA/Images/465.jpg,4e9debe0edc3a4128e6fa86154eee06f
FUNDUS_SORTED,Train,465.jpg,/raid/home/students/hawky_luc/P-le-Projet-Zenkolab/datasets/sshikamaru__glaucoma-detection/Fundus_Train_Val_Data/Fundus_Scanes_Sorted/Train/Glaucoma_Positive/465.jpg,4e9debe0edc3a4128e6fa86154eee06f
ORIGA,B,411.jpg,/raid/home/students/hawky_luc/P-le-Projet-Zenkolab/datasets/sshikamaru__glaucoma-detection/ORIGA/ORIGA/Images/411.jpg,4eff31e65e739f45e912a81936f2f9b5
FUNDUS_SORTED,Train,411.jpg,/raid/home/students/hawky_luc/P-le-Projet-Zenkolab/datasets/sshikamaru__glaucoma-detection/Fundus_Train_Val_Data/Fundus_Scanes_Sorted/Train/Glaucoma_Negative/411.jpg,4eff31e65e739f45e912a81936f2f9b5
FUNDUS_SORTED,Train,361.jpg,/raid/home/students/hawky_luc/P-le-Projet-Zenkolab/datasets/sshikamaru__glaucoma-detection/Fundus_Train_Val_Data/Fundus_Scanes_Sorted/Train/Glaucoma_Negative/361.jpg,4f153fc465f4afe177ad6e4fcbedf109
ORIGA,A,361.jpg,/raid/home/students/hawky_luc/P-le-Projet-Zenkolab/datasets/sshikamaru__glaucoma-detection/ORIGA/ORIGA/Images/361.jpg,4f153fc465f4afe177ad6e4fcbedf109
FUNDUS_SORTED,Train,043.jpg,/raid/home/students/hawky_luc/P-le-Projet-Zenkolab/datasets/sshikamaru__glaucoma-detection/Fundus_Train_Val_Data/Fundus_Scanes_Sorted/Train/Glaucoma_Negative/043.jpg,4f6078adef9d59665c4c2724d70fe4ba
ORIGA,B,043.jpg,/raid/home/students/hawky_luc/P-le-Projet-Zenkolab/datasets/sshikamaru__glaucoma-detection/ORIGA/ORIGA/Images/043.jpg,4f6078adef9d59665c4c2724d70fe4ba
ORIGA,B,221.jpg,/raid/home/students/hawky_luc/P-le-Projet-Zenkolab/datasets/sshikamaru__glaucoma-detection/ORIGA/ORIGA/Images/221.jpg,4fa608422abb0269a73a8ffed64f3f8a
FUNDUS_SORTED,Train,221.jpg,/raid/home/students/hawky_luc/P-le-Projet-Zenkolab/datasets/sshikamaru__glaucoma-detection/Fundus_Train_Val_Data/Fundus_Scanes_Sorted/Train/Glaucoma_Negative/221.jpg,4fa608422abb0269a73a8ffed64f3f8a
FUNDUS_SORTED,Train,396.jpg,/raid/home/students/hawky_luc/P-le-Projet-Zenkolab/datasets/sshikamaru__glaucoma-detection/Fundus_Train_Val_Data/Fundus_Scanes_Sorted/Train/Glaucoma_Negative/396.jpg,4fc1ba490923b30cd205e039da90c859
ORIGA,A,396.jpg,/raid/home/students/hawky_luc/P-le-Projet-Zenkolab/datasets/sshikamaru__glaucoma-detection/ORIGA/ORIGA/Images/396.jpg,4fc1ba490923b30cd205e039da90c859
FUNDUS_SORTED,Train,323.jpg,/raid/home/students/hawky_luc/P-le-Projet-Zenkolab/datasets/sshikamaru__glaucoma-detection/Fundus_Train_Val_Data/Fundus_Scanes_Sorted/Train/Glaucoma_Negative/323.jpg,4feb9c29b64a2515f304c53abd53ed27
ORIGA,B,323.jpg,/raid/home/students/hawky_luc/P-le-Projet-Zenkolab/datasets/sshikamaru__glaucoma-detection/ORIGA/ORIGA/Images/323.jpg,4feb9c29b64a2515f304c53abd53ed27
FUNDUS_SORTED,Train,007.jpg,/raid/home/students/hawky_luc/P-le-Projet-Zenkolab/datasets/sshikamaru__glaucoma-detection/Fundus_Train_Val_Data/Fundus_Scanes_Sorted/Train/Glaucoma_Negative/007.jpg,4fedfb85f26fe98ff344b4f71d40fd2d
ORIGA,A,007.jpg,/raid/home/students/hawky_luc/P-le-Projet-Zenkolab/datasets/sshikamaru__glaucoma-detection/ORIGA/ORIGA/Images/007.jpg,4fedfb85f26fe98ff344b4f71d40fd2d
FUNDUS_SORTED,Validation,534.jpg,/raid/home/students/hawky_luc/P-le-Projet-Zenkolab/datasets/sshikamaru__glaucoma-detection/Fundus_Train_Val_Data/Fundus_Scanes_Sorted/Validation/Glaucoma_Negative/534.jpg,50fd3d539cf440a1d1657b178362e416
ORIGA,A,534.jpg,/raid/home/students/hawky_luc/P-le-Projet-Zenkolab/datasets/sshikamaru__glaucoma-detection/ORIGA/ORIGA/Images/534.jpg,50fd3d539cf440a1d1657b178362e416
FUNDUS_SORTED,Train,004.jpg,/raid/home/students/hawky_luc/P-le-Projet-Zenkolab/datasets/sshikamaru__glaucoma-detection/Fundus_Train_Val_Data/Fundus_Scanes_Sorted/Train/Glaucoma_Negative/004.jpg,513ea6855197fbb12745cd78d02f8147
ORIGA,A,004.jpg,/raid/home/students/hawky_luc/P-le-Projet-Zenkolab/datasets/sshikamaru__glaucoma-detection/ORIGA/ORIGA/Images/004.jpg,513ea6855197fbb12745cd78d02f8147
FUNDUS_SORTED,Train,147.jpg,/raid/home/students/hawky_luc/P-le-Projet-Zenkolab/datasets/sshikamaru__glaucoma-detection/Fundus_Train_Val_Data/Fundus_Scanes_Sorted/Train/Glaucoma_Negative/147.jpg,51567be9ee3d7d9f15f1a81c0143fa3b
ORIGA,A,147.jpg,/raid/home/students/hawky_luc/P-le-Projet-Zenkolab/datasets/sshikamaru__glaucoma-detection/ORIGA/ORIGA/Images/147.jpg,51567be9ee3d7d9f15f1a81c0143fa3b
ORIGA,B,069.jpg,/raid/home/students/hawky_luc/P-le-Projet-Zenkolab/datasets/sshikamaru__glaucoma-detection/ORIGA/ORIGA/Images/069.jpg,519c5c501cdd556eb2ed52904e7345ab
FUNDUS_SORTED,Train,069.jpg,/raid/home/students/hawky_luc/P-le-Projet-Zenkolab/datasets/sshikamaru__glaucoma-detection/Fundus_Train_Val_Data/Fundus_Scanes_Sorted/Train/Glaucoma_Positive/069.jpg,519c5c501cdd556eb2ed52904e7345ab
FUNDUS_SORTED,Train,200.jpg,/raid/home/students/hawky_luc/P-le-Projet-Zenkolab/datasets/sshikamaru__glaucoma-detection/Fundus_Train_Val_Data/Fundus_Scanes_Sorted/Train/Glaucoma_Negative/200.jpg,52127aa282f58f5470b9fc926ab9f0ea
ORIGA,A,200.jpg,/raid/home/students/hawky_luc/P-le-Projet-Zenkolab/datasets/sshikamaru__glaucoma-detection/ORIGA/ORIGA/Images/200.jpg,52127aa282f58f5470b9fc926ab9f0ea
FUNDUS_SORTED,Validation,502.jpg,/raid/home/students/hawky_luc/P-le-Projet-Zenkolab/datasets/sshikamaru__glaucoma-detection/Fundus_Train_Val_Data/Fundus_Scanes_Sorted/Validation/Glaucoma_Negative/502.jpg,531781d9a462ebcf215753af63a364bb
ORIGA,B,502.jpg,/raid/home/students/hawky_luc/P-le-Projet-Zenkolab/datasets/sshikamaru__glaucoma-detection/ORIGA/ORIGA/Images/502.jpg,531781d9a462ebcf215753af63a364bb
FUNDUS_SORTED,Train,591.jpg,/raid/home/students/hawky_luc/P-le-Projet-Zenkolab/datasets/sshikamaru__glaucoma-detection/Fundus_Train_Val_Data/Fundus_Scanes_Sorted/Train/Glaucoma_Positive/591.jpg,538fc7a6dfd2e9f89abed3a96af8937f
ORIGA,B,591.jpg,/raid/home/students/hawky_luc/P-le-Projet-Zenkolab/datasets/sshikamaru__glaucoma-detection/ORIGA/ORIGA/Images/591.jpg,538fc7a6dfd2e9f89abed3a96af8937f
FUNDUS_SORTED,Validation,484.jpg,/raid/home/students/hawky_luc/P-le-Projet-Zenkolab/datasets/sshikamaru__glaucoma-detection/Fundus_Train_Val_Data/Fundus_Scanes_Sorted/Validation/Glaucoma_Negative/484.jpg,53f98e9e4c8d37575f0cc229a6cc20bb
ORIGA,B,484.jpg,/raid/home/students/hawky_luc/P-le-Projet-Zenkolab/datasets/sshikamaru__glaucoma-detection/ORIGA/ORIGA/Images/484.jpg,53f98e9e4c8d37575f0cc229a6cc20bb
ORIGA,A,170.jpg,/raid/home/students/hawky_luc/P-le-Projet-Zenkolab/datasets/sshikamaru__glaucoma-detection/ORIGA/ORIGA/Images/170.jpg,542279ee6005679ed156a17a5d9975d9
FUNDUS_SORTED,Train,170.jpg,/raid/home/students/hawky_luc/P-le-Projet-Zenkolab/datasets/sshikamaru__glaucoma-detection/Fundus_Train_Val_Data/Fundus_Scanes_Sorted/Train/Glaucoma_Negative/170.jpg,542279ee6005679ed156a17a5d9975d9
ORIGA,B,060.jpg,/raid/home/students/hawky_luc/P-le-Projet-Zenkolab/datasets/sshikamaru__glaucoma-detection/ORIGA/ORIGA/Images/060.jpg,545ca4f31fe0bdaa4907e51fdca79db0
FUNDUS_SORTED,Train,060.jpg,/raid/home/students/hawky_luc/P-le-Projet-Zenkolab/datasets/sshikamaru__glaucoma-detection/Fundus_Train_Val_Data/Fundus_Scanes_Sorted/Train/Glaucoma_Negative/060.jpg,545ca4f31fe0bdaa4907e51fdca79db0
FUNDUS_SORTED,Train,336.jpg,/raid/home/students/hawky_luc/P-le-Projet-Zenkolab/datasets/sshikamaru__glaucoma-detection/Fundus_Train_Val_Data/Fundus_Scanes_Sorted/Train/Glaucoma_Positive/336.jpg,545ef3e1682967626c1c6e9dc5fd1034
ORIGA,B,336.jpg,/raid/home/students/hawky_luc/P-le-Projet-Zenkolab/datasets/sshikamaru__glaucoma-detection/ORIGA/ORIGA/Images/336.jpg,545ef3e1682967626c1c6e9dc5fd1034
ORIGA,A,143.jpg,/raid/home/students/hawky_luc/P-le-Projet-Zenkolab/datasets/sshikamaru__glaucoma-detection/ORIGA/ORIGA/Images/143.jpg,55131d4f8cd6a78e8666a20c67b4819b
FUNDUS_SORTED,Train,143.jpg,/raid/home/students/hawky_luc/P-le-Projet-Zenkolab/datasets/sshikamaru__glaucoma-detection/Fundus_Train_Val_Data/Fundus_Scanes_Sorted/Train/Glaucoma_Negative/143.jpg,55131d4f8cd6a78e8666a20c67b4819b
FUNDUS_SORTED,Train,274.jpg,/raid/home/students/hawky_luc/P-le-Projet-Zenkolab/datasets/sshikamaru__glaucoma-detection/Fundus_Train_Val_Data/Fundus_Scanes_Sorted/Train/Glaucoma_Negative/274.jpg,552e8fd6bf68ce20411d9dd1968c41c6
ORIGA,A,274.jpg,/raid/home/students/hawky_luc/P-le-Projet-Zenkolab/datasets/sshikamaru__glaucoma-detection/ORIGA/ORIGA/Images/274.jpg,552e8fd6bf68ce20411d9dd1968c41c6
ORIGA,B,510.jpg,/raid/home/students/hawky_luc/P-le-Projet-Zenkolab/datasets/sshikamaru__glaucoma-detection/ORIGA/ORIGA/Images/510.jpg,5582dff8c24f03ac3a7a6bcd97a7817e
FUNDUS_SORTED,Validation,510.jpg,/raid/home/students/hawky_luc/P-le-Projet-Zenkolab/datasets/sshikamaru__glaucoma-detection/Fundus_Train_Val_Data/Fundus_Scanes_Sorted/Validation/Glaucoma_Negative/510.jpg,5582dff8c24f03ac3a7a6bcd97a7817e
ORIGA,B,649.jpg,/raid/home/students/hawky_luc/P-le-Projet-Zenkolab/datasets/sshikamaru__glaucoma-detection/ORIGA/ORIGA/Images/649.jpg,5680e4ec102790a7820074f5dfd79a5c
FUNDUS_SORTED,Validation,649.jpg,/raid/home/students/hawky_luc/P-le-Projet-Zenkolab/datasets/sshikamaru__glaucoma-detection/Fundus_Train_Val_Data/Fundus_Scanes_Sorted/Validation/Glaucoma_Negative/649.jpg,5680e4ec102790a7820074f5dfd79a5c
ORIGA,B,512.jpg,/raid/home/students/hawky_luc/P-le-Projet-Zenkolab/datasets/sshikamaru__glaucoma-detection/ORIGA/ORIGA/Images/512.jpg,56970bd0a193e2d67ddbc156a2d5a09e
FUNDUS_SORTED,Train,512.jpg,/raid/home/students/hawky_luc/P-le-Projet-Zenkolab/datasets/sshikamaru__glaucoma-detection/Fundus_Train_Val_Data/Fundus_Scanes_Sorted/Train/Glaucoma_Positive/512.jpg,56970bd0a193e2d67ddbc156a2d5a09e
FUNDUS_SORTED,Train,288.jpg,/raid/home/students/hawky_luc/P-le-Projet-Zenkolab/datasets/sshikamaru__glaucoma-detection/Fundus_Train_Val_Data/Fundus_Scanes_Sorted/Train/Glaucoma_Negative/288.jpg,56dba6a4b8ac3d8e9aa88936c6ca15dd
ORIGA,A,288.jpg,/raid/home/students/hawky_luc/P-le-Projet-Zenkolab/datasets/sshikamaru__glaucoma-detection/ORIGA/ORIGA/Images/288.jpg,56dba6a4b8ac3d8e9aa88936c6ca15dd
ORIGA,B,399.jpg,/raid/home/students/hawky_luc/P-le-Projet-Zenkolab/datasets/sshikamaru__glaucoma-detection/ORIGA/ORIGA/Images/399.jpg,570a8bb6a773a86f02c9ed78ee9b4d81
FUNDUS_SORTED,Train,399.jpg,/raid/home/students/hawky_luc/P-le-Projet-Zenkolab/datasets/sshikamaru__glaucoma-detection/Fundus_Train_Val_Data/Fundus_Scanes_Sorted/Train/Glaucoma_Negative/399.jpg,570a8bb6a773a86f02c9ed78ee9b4d81
FUNDUS_SORTED,Validation,538.jpg,/raid/home/students/hawky_luc/P-le-Projet-Zenkolab/datasets/sshikamaru__glaucoma-detection/Fundus_Train_Val_Data/Fundus_Scanes_Sorted/Validation/Glaucoma_Negative/538.jpg,578843be237129feb41ac2c01a6e13de
ORIGA,A,538.jpg,/raid/home/students/hawky_luc/P-le-Projet-Zenkolab/datasets/sshikamaru__glaucoma-detection/ORIGA/ORIGA/Images/538.jpg,578843be237129feb41ac2c01a6e13de
ORIGA,A,015.jpg,/raid/home/students/hawky_luc/P-le-Projet-Zenkolab/datasets/sshikamaru__glaucoma-detection/ORIGA/ORIGA/Images/015.jpg,57937db31d3b97ff1bd18c3d7ed5c5d4
FUNDUS_SORTED,Train,015.jpg,/raid/home/students/hawky_luc/P-le-Projet-Zenkolab/datasets/sshikamaru__glaucoma-detection/Fundus_Train_Val_Data/Fundus_Scanes_Sorted/Train/Glaucoma_Negative/015.jpg,57937db31d3b97ff1bd18c3d7ed5c5d4
FUNDUS_SORTED,Train,008.jpg,/raid/home/students/hawky_luc/P-le-Projet-Zenkolab/datasets/sshikamaru__glaucoma-detection/Fundus_Train_Val_Data/Fundus_Scanes_Sorted/Train/Glaucoma_Negative/008.jpg,57fba75e3f9c0571f68bcc49da9c6fb1
ORIGA,B,008.jpg,/raid/home/students/hawky_luc/P-le-Projet-Zenkolab/datasets/sshikamaru__glaucoma-detection/ORIGA/ORIGA/Images/008.jpg,57fba75e3f9c0571f68bcc49da9c6fb1
ORIGA,A,196.jpg,/raid/home/students/hawky_luc/P-le-Projet-Zenkolab/datasets/sshikamaru__glaucoma-detection/ORIGA/ORIGA/Images/196.jpg,582eab158a419cbbed3c80196b3dc68d
FUNDUS_SORTED,Train,196.jpg,/raid/home/students/hawky_luc/P-le-Projet-Zenkolab/datasets/sshikamaru__glaucoma-detection/Fundus_Train_Val_Data/Fundus_Scanes_Sorted/Train/Glaucoma_Negative/196.jpg,582eab158a419cbbed3c80196b3dc68d
ORIGA,B,609.jpg,/raid/home/students/hawky_luc/P-le-Projet-Zenkolab/datasets/sshikamaru__glaucoma-detection/ORIGA/ORIGA/Images/609.jpg,58bd10bcce48e098f26c0aa2132b2a9f
FUNDUS_SORTED,Validation,609.jpg,/raid/home/students/hawky_luc/P-le-Projet-Zenkolab/datasets/sshikamaru__glaucoma-detection/Fundus_Train_Val_Data/Fundus_Scanes_Sorted/Validation/Glaucoma_Positive/609.jpg,58bd10bcce48e098f26c0aa2132b2a9f
ORIGA,B,235.jpg,/raid/home/students/hawky_luc/P-le-Projet-Zenkolab/datasets/sshikamaru__glaucoma-detection/ORIGA/ORIGA/Images/235.jpg,593dc08e61c76e8142e73a87454970d2
FUNDUS_SORTED,Train,235.jpg,/raid/home/students/hawky_luc/P-le-Projet-Zenkolab/datasets/sshikamaru__glaucoma-detection/Fundus_Train_Val_Data/Fundus_Scanes_Sorted/Train/Glaucoma_Negative/235.jpg,593dc08e61c76e8142e73a87454970d2
ORIGA,B,479.jpg,/raid/home/students/hawky_luc/P-le-Projet-Zenkolab/datasets/sshikamaru__glaucoma-detection/ORIGA/ORIGA/Images/479.jpg,596297bba72c4f66551620fe357149c1
FUNDUS_SORTED,Train,479.jpg,/raid/home/students/hawky_luc/P-le-Projet-Zenkolab/datasets/sshikamaru__glaucoma-detection/Fundus_Train_Val_Data/Fundus_Scanes_Sorted/Train/Glaucoma_Negative/479.jpg,596297bba72c4f66551620fe357149c1
ORIGA,B,601.jpg,/raid/home/students/hawky_luc/P-le-Projet-Zenkolab/datasets/sshikamaru__glaucoma-detection/ORIGA/ORIGA/Images/601.jpg,598e889e9b265e441d1a2fcaff74834d
FUNDUS_SORTED,Validation,601.jpg,/raid/home/students/hawky_luc/P-le-Projet-Zenkolab/datasets/sshikamaru__glaucoma-detection/Fundus_Train_Val_Data/Fundus_Scanes_Sorted/Validation/Glaucoma_Positive/601.jpg,598e889e9b265e441d1a2fcaff74834d
FUNDUS_SORTED,Train,313.jpg,/raid/home/students/hawky_luc/P-le-Projet-Zenkolab/datasets/sshikamaru__glaucoma-detection/Fundus_Train_Val_Data/Fundus_Scanes_Sorted/Train/Glaucoma_Negative/313.jpg,5a2c98287804dfbe80f303e59119e7b2
ORIGA,B,313.jpg,/raid/home/students/hawky_luc/P-le-Projet-Zenkolab/datasets/sshikamaru__glaucoma-detection/ORIGA/ORIGA/Images/313.jpg,5a2c98287804dfbe80f303e59119e7b2
ORIGA,A,263.jpg,/raid/home/students/hawky_luc/P-le-Projet-Zenkolab/datasets/sshikamaru__glaucoma-detection/ORIGA/ORIGA/Images/263.jpg,5a2f60df8a642e9788eedc6fd6092dea
FUNDUS_SORTED,Train,263.jpg,/raid/home/students/hawky_luc/P-le-Projet-Zenkolab/datasets/sshikamaru__glaucoma-detection/Fundus_Train_Val_Data/Fundus_Scanes_Sorted/Train/Glaucoma_Negative/263.jpg,5a2f60df8a642e9788eedc6fd6092dea
FUNDUS_SORTED,Validation,569.jpg,/raid/home/students/hawky_luc/P-le-Projet-Zenkolab/datasets/sshikamaru__glaucoma-detection/Fundus_Train_Val_Data/Fundus_Scanes_Sorted/Validation/Glaucoma_Negative/569.jpg,5a403fd08ea893ac04be732e907c4c1c
ORIGA,B,569.jpg,/raid/home/students/hawky_luc/P-le-Projet-Zenkolab/datasets/sshikamaru__glaucoma-detection/ORIGA/ORIGA/Images/569.jpg,5a403fd08ea893ac04be732e907c4c1c
FUNDUS_SORTED,Train,467.jpg,/raid/home/students/hawky_luc/P-le-Projet-Zenkolab/datasets/sshikamaru__glaucoma-detection/Fundus_Train_Val_Data/Fundus_Scanes_Sorted/Train/Glaucoma_Negative/467.jpg,5aa0c00dc72579c35817e1d5c664444e
ORIGA,A,467.jpg,/raid/home/students/hawky_luc/P-le-Projet-Zenkolab/datasets/sshikamaru__glaucoma-detection/ORIGA/ORIGA/Images/467.jpg,5aa0c00dc72579c35817e1d5c664444e
ORIGA,B,572.jpg,/raid/home/students/hawky_luc/P-le-Projet-Zenkolab/datasets/sshikamaru__glaucoma-detection/ORIGA/ORIGA/Images/572.jpg,5c46397fd650659a2bf27dd781d2004d
FUNDUS_SORTED,Train,572.jpg,/raid/home/students/hawky_luc/P-le-Projet-Zenkolab/datasets/sshikamaru__glaucoma-detection/Fundus_Train_Val_Data/Fundus_Scanes_Sorted/Train/Glaucoma_Positive/572.jpg,5c46397fd650659a2bf27dd781d2004d
ORIGA,B,319.jpg,/raid/home/students/hawky_luc/P-le-Projet-Zenkolab/datasets/sshikamaru__glaucoma-detection/ORIGA/ORIGA/Images/319.jpg,5ca3b1e8b280d9b728c81d330326a3ed
FUNDUS_SORTED,Train,319.jpg,/raid/home/students/hawky_luc/P-le-Projet-Zenkolab/datasets/sshikamaru__glaucoma-detection/Fundus_Train_Val_Data/Fundus_Scanes_Sorted/Train/Glaucoma_Negative/319.jpg,5ca3b1e8b280d9b728c81d330326a3ed
FUNDUS_SORTED,Train,278.jpg,/raid/home/students/hawky_luc/P-le-Projet-Zenkolab/datasets/sshikamaru__glaucoma-detection/Fundus_Train_Val_Data/Fundus_Scanes_Sorted/Train/Glaucoma_Positive/278.jpg,5cb10448d54fea3e040120e5fb3fa883
ORIGA,B,278.jpg,/raid/home/students/hawky_luc/P-le-Projet-Zenkolab/datasets/sshikamaru__glaucoma-detection/ORIGA/ORIGA/Images/278.jpg,5cb10448d54fea3e040120e5fb3fa883
FUNDUS_SORTED,Train,304.jpg,/raid/home/students/hawky_luc/P-le-Projet-Zenkolab/datasets/sshikamaru__glaucoma-detection/Fundus_Train_Val_Data/Fundus_Scanes_Sorted/Train/Glaucoma_Positive/304.jpg,5cebacfc69f4264bfd583f267ab96a1b
ORIGA,A,304.jpg,/raid/home/students/hawky_luc/P-le-Projet-Zenkolab/datasets/sshikamaru__glaucoma-detection/ORIGA/ORIGA/Images/304.jpg,5cebacfc69f4264bfd583f267ab96a1b
ORIGA,B,246.jpg,/raid/home/students/hawky_luc/P-le-Projet-Zenkolab/datasets/sshikamaru__glaucoma-detection/ORIGA/ORIGA/Images/246.jpg,5d4d714f7c87afbe8c8004ce9233f808
FUNDUS_SORTED,Train,246.jpg,/raid/home/students/hawky_luc/P-le-Projet-Zenkolab/datasets/sshikamaru__glaucoma-detection/Fundus_Train_Val_Data/Fundus_Scanes_Sorted/Train/Glaucoma_Positive/246.jpg,5d4d714f7c87afbe8c8004ce9233f808
FUNDUS_SORTED,Train,191.jpg,/raid/home/students/hawky_luc/P-le-Projet-Zenkolab/datasets/sshikamaru__glaucoma-detection/Fundus_Train_Val_Data/Fundus_Scanes_Sorted/Train/Glaucoma_Negative/191.jpg,5dbb9585ddc77466a95f3cadaa0cd667
ORIGA,A,191.jpg,/raid/home/students/hawky_luc/P-le-Projet-Zenkolab/datasets/sshikamaru__glaucoma-detection/ORIGA/ORIGA/Images/191.jpg,5dbb9585ddc77466a95f3cadaa0cd667
ORIGA,A,604.jpg,/raid/home/students/hawky_luc/P-le-Projet-Zenkolab/datasets/sshikamaru__glaucoma-detection/ORIGA/ORIGA/Images/604.jpg,5dffa9bd4712072d37be4c1c5646b280
FUNDUS_SORTED,Validation,604.jpg,/raid/home/students/hawky_luc/P-le-Projet-Zenkolab/datasets/sshikamaru__glaucoma-detection/Fundus_Train_Val_Data/Fundus_Scanes_Sorted/Validation/Glaucoma_Positive/604.jpg,5dffa9bd4712072d37be4c1c5646b280
ORIGA,A,011.jpg,/raid/home/students/hawky_luc/P-le-Projet-Zenkolab/datasets/sshikamaru__glaucoma-detection/ORIGA/ORIGA/Images/011.jpg,5e2516a4392f5701560a6c5c3b825d01
FUNDUS_SORTED,Train,011.jpg,/raid/home/students/hawky_luc/P-le-Projet-Zenkolab/datasets/sshikamaru__glaucoma-detection/Fundus_Train_Val_Data/Fundus_Scanes_Sorted/Train/Glaucoma_Negative/011.jpg,5e2516a4392f5701560a6c5c3b825d01
FUNDUS_SORTED,Train,213.jpg,/raid/home/students/hawky_luc/P-le-Projet-Zenkolab/datasets/sshikamaru__glaucoma-detection/Fundus_Train_Val_Data/Fundus_Scanes_Sorted/Train/Glaucoma_Positive/213.jpg,5e4bbd99e255706b79cdd4fc6401b63f
ORIGA,B,213.jpg,/raid/home/students/hawky_luc/P-le-Projet-Zenkolab/datasets/sshikamaru__glaucoma-detection/ORIGA/ORIGA/Images/213.jpg,5e4bbd99e255706b79cdd4fc6401b63f
FUNDUS_SORTED,Train,163.jpg,/raid/home/students/hawky_luc/P-le-Projet-Zenkolab/datasets/sshikamaru__glaucoma-detection/Fundus_Train_Val_Data/Fundus_Scanes_Sorted/Train/Glaucoma_Negative/163.jpg,5f84ca6519c127c9da2158ef5a0ba24b
ORIGA,B,163.jpg,/raid/home/students/hawky_luc/P-le-Projet-Zenkolab/datasets/sshikamaru__glaucoma-detection/ORIGA/ORIGA/Images/163.jpg,5f84ca6519c127c9da2158ef5a0ba24b
FUNDUS_SORTED,Train,208.jpg,/raid/home/students/hawky_luc/P-le-Projet-Zenkolab/datasets/sshikamaru__glaucoma-detection/Fundus_Train_Val_Data/Fundus_Scanes_Sorted/Train/Glaucoma_Positive/208.jpg,5fd80e434f23b6e06d9bf2edfd5215fb
ORIGA,B,208.jpg,/raid/home/students/hawky_luc/P-le-Projet-Zenkolab/datasets/sshikamaru__glaucoma-detection/ORIGA/ORIGA/Images/208.jpg,5fd80e434f23b6e06d9bf2edfd5215fb
ORIGA,B,262.jpg,/raid/home/students/hawky_luc/P-le-Projet-Zenkolab/datasets/sshikamaru__glaucoma-detection/ORIGA/ORIGA/Images/262.jpg,60067d1d950fb5f92d8dc0078b7bb30f
FUNDUS_SORTED,Train,262.jpg,/raid/home/students/hawky_luc/P-le-Projet-Zenkolab/datasets/sshikamaru__glaucoma-detection/Fundus_Train_Val_Data/Fundus_Scanes_Sorted/Train/Glaucoma_Negative/262.jpg,60067d1d950fb5f92d8dc0078b7bb30f
FUNDUS_SORTED,Train,256.jpg,/raid/home/students/hawky_luc/P-le-Projet-Zenkolab/datasets/sshikamaru__glaucoma-detection/Fundus_Train_Val_Data/Fundus_Scanes_Sorted/Train/Glaucoma_Negative/256.jpg,613397b3f3fbba784884ae55aaf30279
ORIGA,B,256.jpg,/raid/home/students/hawky_luc/P-le-Projet-Zenkolab/datasets/sshikamaru__glaucoma-detection/ORIGA/ORIGA/Images/256.jpg,613397b3f3fbba784884ae55aaf30279
ORIGA,B,507.jpg,/raid/home/students/hawky_luc/P-le-Projet-Zenkolab/datasets/sshikamaru__glaucoma-detection/ORIGA/ORIGA/Images/507.jpg,617224d0c0c89f83ab5254b60c284bfb
FUNDUS_SORTED,Train,507.jpg,/raid/home/students/hawky_luc/P-le-Projet-Zenkolab/datasets/sshikamaru__glaucoma-detection/Fundus_Train_Val_Data/Fundus_Scanes_Sorted/Train/Glaucoma_Positive/507.jpg,617224d0c0c89f83ab5254b60c284bfb
ORIGA,B,531.jpg,/raid/home/students/hawky_luc/P-le-Projet-Zenkolab/datasets/sshikamaru__glaucoma-detection/ORIGA/ORIGA/Images/531.jpg,61eba3210a6a71686651fb572dec7ee8
FUNDUS_SORTED,Validation,531.jpg,/raid/home/students/hawky_luc/P-le-Projet-Zenkolab/datasets/sshikamaru__glaucoma-detection/Fundus_Train_Val_Data/Fundus_Scanes_Sorted/Validation/Glaucoma_Negative/531.jpg,61eba3210a6a71686651fb572dec7ee8
ORIGA,B,486.jpg,/raid/home/students/hawky_luc/P-le-Projet-Zenkolab/datasets/sshikamaru__glaucoma-detection/ORIGA/ORIGA/Images/486.jpg,62a38ac4681f995ef2b1890007dbb159
FUNDUS_SORTED,Train,486.jpg,/raid/home/students/hawky_luc/P-le-Projet-Zenkolab/datasets/sshikamaru__glaucoma-detection/Fundus_Train_Val_Data/Fundus_Scanes_Sorted/Train/Glaucoma_Positive/486.jpg,62a38ac4681f995ef2b1890007dbb159
ORIGA,A,349.jpg,/raid/home/students/hawky_luc/P-le-Projet-Zenkolab/datasets/sshikamaru__glaucoma-detection/ORIGA/ORIGA/Images/349.jpg,62c963c1a8285587dc8ff39a13b41531
FUNDUS_SORTED,Train,349.jpg,/raid/home/students/hawky_luc/P-le-Projet-Zenkolab/datasets/sshikamaru__glaucoma-detection/Fundus_Train_Val_Data/Fundus_Scanes_Sorted/Train/Glaucoma_Positive/349.jpg,62c963c1a8285587dc8ff39a13b41531
ORIGA,B,113.jpg,/raid/home/students/hawky_luc/P-le-Projet-Zenkolab/datasets/sshikamaru__glaucoma-detection/ORIGA/ORIGA/Images/113.jpg,6312e89589bf70b8152b7b49b2dfc981
FUNDUS_SORTED,Train,113.jpg,/raid/home/students/hawky_luc/P-le-Projet-Zenkolab/datasets/sshikamaru__glaucoma-detection/Fundus_Train_Val_Data/Fundus_Scanes_Sorted/Train/Glaucoma_Negative/113.jpg,6312e89589bf70b8152b7b49b2dfc981
ORIGA,B,597.jpg,/raid/home/students/hawky_luc/P-le-Projet-Zenkolab/datasets/sshikamaru__glaucoma-detection/ORIGA/ORIGA/Images/597.jpg,631d78cacfbd321eeddf75e5a37d7ce8
FUNDUS_SORTED,Validation,597.jpg,/raid/home/students/hawky_luc/P-le-Projet-Zenkolab/datasets/sshikamaru__glaucoma-detection/Fundus_Train_Val_Data/Fundus_Scanes_Sorted/Validation/Glaucoma_Negative/597.jpg,631d78cacfbd321eeddf75e5a37d7ce8
FUNDUS_SORTED,Train,134.jpg,/raid/home/students/hawky_luc/P-le-Projet-Zenkolab/datasets/sshikamaru__glaucoma-detection/Fundus_Train_Val_Data/Fundus_Scanes_Sorted/Train/Glaucoma_Negative/134.jpg,63b4607916d67a17912d279e16164217
ORIGA,A,134.jpg,/raid/home/students/hawky_luc/P-le-Projet-Zenkolab/datasets/sshikamaru__glaucoma-detection/ORIGA/ORIGA/Images/134.jpg,63b4607916d67a17912d279e16164217
ORIGA,B,383.jpg,/raid/home/students/hawky_luc/P-le-Projet-Zenkolab/datasets/sshikamaru__glaucoma-detection/ORIGA/ORIGA/Images/383.jpg,63d0af32fd510ed6a6fa987c6d274fbd
FUNDUS_SORTED,Train,383.jpg,/raid/home/students/hawky_luc/P-le-Projet-Zenkolab/datasets/sshikamaru__glaucoma-detection/Fundus_Train_Val_Data/Fundus_Scanes_Sorted/Train/Glaucoma_Positive/383.jpg,63d0af32fd510ed6a6fa987c6d274fbd
FUNDUS_SORTED,Train,220.jpg,/raid/home/students/hawky_luc/P-le-Projet-Zenkolab/datasets/sshikamaru__glaucoma-detection/Fundus_Train_Val_Data/Fundus_Scanes_Sorted/Train/Glaucoma_Negative/220.jpg,63f6deb3b9fff587b4427b28d966ffe0
ORIGA,B,220.jpg,/raid/home/students/hawky_luc/P-le-Projet-Zenkolab/datasets/sshikamaru__glaucoma-detection/ORIGA/ORIGA/Images/220.jpg,63f6deb3b9fff587b4427b28d966ffe0
FUNDUS_SORTED,Train,247.jpg,/raid/home/students/hawky_luc/P-le-Projet-Zenkolab/datasets/sshikamaru__glaucoma-detection/Fundus_Train_Val_Data/Fundus_Scanes_Sorted/Train/Glaucoma_Positive/247.jpg,641fb815a6f27a488ed97abc022bed61
ORIGA,A,247.jpg,/raid/home/students/hawky_luc/P-le-Projet-Zenkolab/datasets/sshikamaru__glaucoma-detection/ORIGA/ORIGA/Images/247.jpg,641fb815a6f27a488ed97abc022bed61
FUNDUS_SORTED,Train,054.jpg,/raid/home/students/hawky_luc/P-le-Projet-Zenkolab/datasets/sshikamaru__glaucoma-detection/Fundus_Train_Val_Data/Fundus_Scanes_Sorted/Train/Glaucoma_Negative/054.jpg,64a9c769b635aca335eb47ac65440000
ORIGA,A,054.jpg,/raid/home/students/hawky_luc/P-le-Projet-Zenkolab/datasets/sshikamaru__glaucoma-detection/ORIGA/ORIGA/Images/054.jpg,64a9c769b635aca335eb47ac65440000
ORIGA,A,123.jpg,/raid/home/students/hawky_luc/P-le-Projet-Zenkolab/datasets/sshikamaru__glaucoma-detection/ORIGA/ORIGA/Images/123.jpg,64ee9a15843ce0c59d568e432d03fbdd
FUNDUS_SORTED,Train,123.jpg,/raid/home/students/hawky_luc/P-le-Projet-Zenkolab/datasets/sshikamaru__glaucoma-detection/Fundus_Train_Val_Data/Fundus_Scanes_Sorted/Train/Glaucoma_Negative/123.jpg,64ee9a15843ce0c59d568e432d03fbdd
FUNDUS_SORTED,Train,241.jpg,/raid/home/students/hawky_luc/P-le-Projet-Zenkolab/datasets/sshikamaru__glaucoma-detection/Fundus_Train_Val_Data/Fundus_Scanes_Sorted/Train/Glaucoma_Positive/241.jpg,65bf014d449756735f81225157ba7cb4
ORIGA,B,241.jpg,/raid/home/students/hawky_luc/P-le-Projet-Zenkolab/datasets/sshikamaru__glaucoma-detection/ORIGA/ORIGA/Images/241.jpg,65bf014d449756735f81225157ba7cb4
FUNDUS_SORTED,Train,023.jpg,/raid/home/students/hawky_luc/P-le-Projet-Zenkolab/datasets/sshikamaru__glaucoma-detection/Fundus_Train_Val_Data/Fundus_Scanes_Sorted/Train/Glaucoma_Negative/023.jpg,65cc4ff3905afa5d84d285a64d58ceec
ORIGA,A,023.jpg,/raid/home/students/hawky_luc/P-le-Projet-Zenkolab/datasets/sshikamaru__glaucoma-detection/ORIGA/ORIGA/Images/023.jpg,65cc4ff3905afa5d84d285a64d58ceec
FUNDUS_SORTED,Train,099.jpg,/raid/home/students/hawky_luc/P-le-Projet-Zenkolab/datasets/sshikamaru__glaucoma-detection/Fundus_Train_Val_Data/Fundus_Scanes_Sorted/Train/Glaucoma_Negative/099.jpg,65d0b10f233ccd2e8c36469411bb561a
ORIGA,A,099.jpg,/raid/home/students/hawky_luc/P-le-Projet-Zenkolab/datasets/sshikamaru__glaucoma-detection/ORIGA/ORIGA/Images/099.jpg,65d0b10f233ccd2e8c36469411bb561a
ORIGA,A,321.jpg,/raid/home/students/hawky_luc/P-le-Projet-Zenkolab/datasets/sshikamaru__glaucoma-detection/ORIGA/ORIGA/Images/321.jpg,660d0534e5ba801734a708053db0b1a8
FUNDUS_SORTED,Train,321.jpg,/raid/home/students/hawky_luc/P-le-Projet-Zenkolab/datasets/sshikamaru__glaucoma-detection/Fundus_Train_Val_Data/Fundus_Scanes_Sorted/Train/Glaucoma_Negative/321.jpg,660d0534e5ba801734a708053db0b1a8
FUNDUS_SORTED,Train,312.jpg,/raid/home/students/hawky_luc/P-le-Projet-Zenkolab/datasets/sshikamaru__glaucoma-detection/Fundus_Train_Val_Data/Fundus_Scanes_Sorted/Train/Glaucoma_Positive/312.jpg,666154a7f5bfb927b25ff32c6173ac12
ORIGA,B,312.jpg,/raid/home/students/hawky_luc/P-le-Projet-Zenkolab/datasets/sshikamaru__glaucoma-detection/ORIGA/ORIGA/Images/312.jpg,666154a7f5bfb927b25ff32c6173ac12
ORIGA,A,516.jpg,/raid/home/students/hawky_luc/P-le-Projet-Zenkolab/datasets/sshikamaru__glaucoma-detection/ORIGA/ORIGA/Images/516.jpg,6712efb5a8429f5a0ef46cc76c22a56f
FUNDUS_SORTED,Train,516.jpg,/raid/home/students/hawky_luc/P-le-Projet-Zenkolab/datasets/sshikamaru__glaucoma-detection/Fundus_Train_Val_Data/Fundus_Scanes_Sorted/Train/Glaucoma_Positive/516.jpg,6712efb5a8429f5a0ef46cc76c22a56f
ORIGA,A,395.jpg,/raid/home/students/hawky_luc/P-le-Projet-Zenkolab/datasets/sshikamaru__glaucoma-detection/ORIGA/ORIGA/Images/395.jpg,6a322a235c991dd19ba055372bb28a91
FUNDUS_SORTED,Train,395.jpg,/raid/home/students/hawky_luc/P-le-Projet-Zenkolab/datasets/sshikamaru__glaucoma-detection/Fundus_Train_Val_Data/Fundus_Scanes_Sorted/Train/Glaucoma_Positive/395.jpg,6a322a235c991dd19ba055372bb28a91
ORIGA,A,290.jpg,/raid/home/students/hawky_luc/P-le-Projet-Zenkolab/datasets/sshikamaru__glaucoma-detection/ORIGA/ORIGA/Images/290.jpg,6a7d96d004921ecafba5e4f04992f8c0
FUNDUS_SORTED,Train,290.jpg,/raid/home/students/hawky_luc/P-le-Projet-Zenkolab/datasets/sshikamaru__glaucoma-detection/Fundus_Train_Val_Data/Fundus_Scanes_Sorted/Train/Glaucoma_Negative/290.jpg,6a7d96d004921ecafba5e4f04992f8c0
ORIGA,A,430.jpg,/raid/home/students/hawky_luc/P-le-Projet-Zenkolab/datasets/sshikamaru__glaucoma-detection/ORIGA/ORIGA/Images/430.jpg,6a84fc013c5104df31a9d43a30898fa2
FUNDUS_SORTED,Train,430.jpg,/raid/home/students/hawky_luc/P-le-Projet-Zenkolab/datasets/sshikamaru__glaucoma-detection/Fundus_Train_Val_Data/Fundus_Scanes_Sorted/Train/Glaucoma_Negative/430.jpg,6a84fc013c5104df31a9d43a30898fa2
FUNDUS_SORTED,Train,279.jpg,/raid/home/students/hawky_luc/P-le-Projet-Zenkolab/datasets/sshikamaru__glaucoma-detection/Fundus_Train_Val_Data/Fundus_Scanes_Sorted/Train/Glaucoma_Negative/279.jpg,6b16ab160c643ae384064df065bf112b
ORIGA,A,279.jpg,/raid/home/students/hawky_luc/P-le-Projet-Zenkolab/datasets/sshikamaru__glaucoma-detection/ORIGA/ORIGA/Images/279.jpg,6b16ab160c643ae384064df065bf112b
ORIGA,A,090.jpg,/raid/home/students/hawky_luc/P-le-Projet-Zenkolab/datasets/sshikamaru__glaucoma-detection/ORIGA/ORIGA/Images/090.jpg,6b1be620e577057b93283913a701f7b0
FUNDUS_SORTED,Train,090.jpg,/raid/home/students/hawky_luc/P-le-Projet-Zenkolab/datasets/sshikamaru__glaucoma-detection/Fundus_Train_Val_Data/Fundus_Scanes_Sorted/Train/Glaucoma_Negative/090.jpg,6b1be620e577057b93283913a701f7b0
FUNDUS_SORTED,Train,413.jpg,/raid/home/students/hawky_luc/P-le-Projet-Zenkolab/datasets/sshikamaru__glaucoma-detection/Fundus_Train_Val_Data/Fundus_Scanes_Sorted/Train/Glaucoma_Negative/413.jpg,6b3bfeeb3cdea1902ed7d3a88e06c24f
ORIGA,A,413.jpg,/raid/home/students/hawky_luc/P-le-Projet-Zenkolab/datasets/sshikamaru__glaucoma-detection/ORIGA/ORIGA/Images/413.jpg,6b3bfeeb3cdea1902ed7d3a88e06c24f
ORIGA,B,598.jpg,/raid/home/students/hawky_luc/P-le-Projet-Zenkolab/datasets/sshikamaru__glaucoma-detection/ORIGA/ORIGA/Images/598.jpg,6b54919d5e61d591a42cfb47d96aad1d
FUNDUS_SORTED,Validation,598.jpg,/raid/home/students/hawky_luc/P-le-Projet-Zenkolab/datasets/sshikamaru__glaucoma-detection/Fundus_Train_Val_Data/Fundus_Scanes_Sorted/Validation/Glaucoma_Positive/598.jpg,6b54919d5e61d591a42cfb47d96aad1d
FUNDUS_SORTED,Train,184.jpg,/raid/home/students/hawky_luc/P-le-Projet-Zenkolab/datasets/sshikamaru__glaucoma-detection/Fundus_Train_Val_Data/Fundus_Scanes_Sorted/Train/Glaucoma_Negative/184.jpg,6bd185b9319fd64e072126721bfd730b
ORIGA,B,184.jpg,/raid/home/students/hawky_luc/P-le-Projet-Zenkolab/datasets/sshikamaru__glaucoma-detection/ORIGA/ORIGA/Images/184.jpg,6bd185b9319fd64e072126721bfd730b
ORIGA,A,473.jpg,/raid/home/students/hawky_luc/P-le-Projet-Zenkolab/datasets/sshikamaru__glaucoma-detection/ORIGA/ORIGA/Images/473.jpg,6be31dd3c5e3341e0afc0da14c1b5e36
FUNDUS_SORTED,Train,473.jpg,/raid/home/students/hawky_luc/P-le-Projet-Zenkolab/datasets/sshikamaru__glaucoma-detection/Fundus_Train_Val_Data/Fundus_Scanes_Sorted/Train/Glaucoma_Negative/473.jpg,6be31dd3c5e3341e0afc0da14c1b5e36
ORIGA,A,138.jpg,/raid/home/students/hawky_luc/P-le-Projet-Zenkolab/datasets/sshikamaru__glaucoma-detection/ORIGA/ORIGA/Images/138.jpg,6be55de5d3ed7025456d0fad6dfdeb57
FUNDUS_SORTED,Train,138.jpg,/raid/home/students/hawky_luc/P-le-Projet-Zenkolab/datasets/sshikamaru__glaucoma-detection/Fundus_Train_Val_Data/Fundus_Scanes_Sorted/Train/Glaucoma_Positive/138.jpg,6be55de5d3ed7025456d0fad6dfdeb57
ORIGA,A,029.jpg,/raid/home/students/hawky_luc/P-le-Projet-Zenkolab/datasets/sshikamaru__glaucoma-detection/ORIGA/ORIGA/Images/029.jpg,6c0fda91e5e52def9ff6f805136c768f
FUNDUS_SORTED,Train,029.jpg,/raid/home/students/hawky_luc/P-le-Projet-Zenkolab/datasets/sshikamaru__glaucoma-detection/Fundus_Train_Val_Data/Fundus_Scanes_Sorted/Train/Glaucoma_Negative/029.jpg,6c0fda91e5e52def9ff6f805136c768f
ORIGA,A,039.jpg,/raid/home/students/hawky_luc/P-le-Projet-Zenkolab/datasets/sshikamaru__glaucoma-detection/ORIGA/ORIGA/Images/039.jpg,6cf9df2de86c077bedbbdf1dcb6274da
FUNDUS_SORTED,Train,039.jpg,/raid/home/students/hawky_luc/P-le-Projet-Zenkolab/datasets/sshikamaru__glaucoma-detection/Fundus_Train_Val_Data/Fundus_Scanes_Sorted/Train/Glaucoma_Negative/039.jpg,6cf9df2de86c077bedbbdf1dcb6274da
ORIGA,B,072.jpg,/raid/home/students/hawky_luc/P-le-Projet-Zenkolab/datasets/sshikamaru__glaucoma-detection/ORIGA/ORIGA/Images/072.jpg,6d0690fb0f9648f211231895774a04bd
FUNDUS_SORTED,Train,072.jpg,/raid/home/students/hawky_luc/P-le-Projet-Zenkolab/datasets/sshikamaru__glaucoma-detection/Fundus_Train_Val_Data/Fundus_Scanes_Sorted/Train/Glaucoma_Positive/072.jpg,6d0690fb0f9648f211231895774a04bd
ORIGA,B,271.jpg,/raid/home/students/hawky_luc/P-le-Projet-Zenkolab/datasets/sshikamaru__glaucoma-detection/ORIGA/ORIGA/Images/271.jpg,6d2d14b0067affc789da0b086a1bb4e7
FUNDUS_SORTED,Train,271.jpg,/raid/home/students/hawky_luc/P-le-Projet-Zenkolab/datasets/sshikamaru__glaucoma-detection/Fundus_Train_Val_Data/Fundus_Scanes_Sorted/Train/Glaucoma_Negative/271.jpg,6d2d14b0067affc789da0b086a1bb4e7
ORIGA,A,117.jpg,/raid/home/students/hawky_luc/P-le-Projet-Zenkolab/datasets/sshikamaru__glaucoma-detection/ORIGA/ORIGA/Images/117.jpg,6eb1cfd1d8fc13dc8d79f461d3793d16
FUNDUS_SORTED,Train,117.jpg,/raid/home/students/hawky_luc/P-le-Projet-Zenkolab/datasets/sshikamaru__glaucoma-detection/Fundus_Train_Val_Data/Fundus_Scanes_Sorted/Train/Glaucoma_Negative/117.jpg,6eb1cfd1d8fc13dc8d79f461d3793d16
ORIGA,B,527.jpg,/raid/home/students/hawky_luc/P-le-Projet-Zenkolab/datasets/sshikamaru__glaucoma-detection/ORIGA/ORIGA/Images/527.jpg,6fc6d92988cc0ccd952341525b522602
FUNDUS_SORTED,Validation,527.jpg,/raid/home/students/hawky_luc/P-le-Projet-Zenkolab/datasets/sshikamaru__glaucoma-detection/Fundus_Train_Val_Data/Fundus_Scanes_Sorted/Validation/Glaucoma_Negative/527.jpg,6fc6d92988cc0ccd952341525b522602
FUNDUS_SORTED,Train,243.jpg,/raid/home/students/hawky_luc/P-le-Projet-Zenkolab/datasets/sshikamaru__glaucoma-detection/Fundus_Train_Val_Data/Fundus_Scanes_Sorted/Train/Glaucoma_Negative/243.jpg,701146ff09280569e34ac6ff94701e48
ORIGA,B,243.jpg,/raid/home/students/hawky_luc/P-le-Projet-Zenkolab/datasets/sshikamaru__glaucoma-detection/ORIGA/ORIGA/Images/243.jpg,701146ff09280569e34ac6ff94701e48
FUNDUS_SORTED,Train,238.jpg,/raid/home/students/hawky_luc/P-le-Projet-Zenkolab/datasets/sshikamaru__glaucoma-detection/Fundus_Train_Val_Data/Fundus_Scanes_Sorted/Train/Glaucoma_Negative/238.jpg,7139a884f9ab67bfb9bf37502c874045
ORIGA,B,238.jpg,/raid/home/students/hawky_luc/P-le-Projet-Zenkolab/datasets/sshikamaru__glaucoma-detection/ORIGA/ORIGA/Images/238.jpg,7139a884f9ab67bfb9bf37502c874045
ORIGA,B,506.jpg,/raid/home/students/hawky_luc/P-le-Projet-Zenkolab/datasets/sshikamaru__glaucoma-detection/ORIGA/ORIGA/Images/506.jpg,721395bda6f2253259f73101303e66d1
FUNDUS_SORTED,Train,506.jpg,/raid/home/students/hawky_luc/P-le-Projet-Zenkolab/datasets/sshikamaru__glaucoma-detection/Fundus_Train_Val_Data/Fundus_Scanes_Sorted/Train/Glaucoma_Positive/506.jpg,721395bda6f2253259f73101303e66d1
ORIGA,A,371.jpg,/raid/home/students/hawky_luc/P-le-Projet-Zenkolab/datasets/sshikamaru__glaucoma-detection/ORIGA/ORIGA/Images/371.jpg,7294d9154e26c18591613d6e96ad4d3a
FUNDUS_SORTED,Train,371.jpg,/raid/home/students/hawky_luc/P-le-Projet-Zenkolab/datasets/sshikamaru__glaucoma-detection/Fundus_Train_Val_Data/Fundus_Scanes_Sorted/Train/Glaucoma_Negative/371.jpg,7294d9154e26c18591613d6e96ad4d3a
ORIGA,A,203.jpg,/raid/home/students/hawky_luc/P-le-Projet-Zenkolab/datasets/sshikamaru__glaucoma-detection/ORIGA/ORIGA/Images/203.jpg,72e3a9817cec507372c317eb01dc7bed
FUNDUS_SORTED,Train,203.jpg,/raid/home/students/hawky_luc/P-le-Projet-Zenkolab/datasets/sshikamaru__glaucoma-detection/Fundus_Train_Val_Data/Fundus_Scanes_Sorted/Train/Glaucoma_Negative/203.jpg,72e3a9817cec507372c317eb01dc7bed
FUNDUS_SORTED,Train,233.jpg,/raid/home/students/hawky_luc/P-le-Projet-Zenkolab/datasets/sshikamaru__glaucoma-detection/Fundus_Train_Val_Data/Fundus_Scanes_Sorted/Train/Glaucoma_Positive/233.jpg,73e78001e68792f87b888911e3f6d713
ORIGA,B,233.jpg,/raid/home/students/hawky_luc/P-le-Projet-Zenkolab/datasets/sshikamaru__glaucoma-detection/ORIGA/ORIGA/Images/233.jpg,73e78001e68792f87b888911e3f6d713
ORIGA,A,047.jpg,/raid/home/students/hawky_luc/P-le-Projet-Zenkolab/datasets/sshikamaru__glaucoma-detection/ORIGA/ORIGA/Images/047.jpg,73ffb2625aa862c4778c1c53680ae06c
FUNDUS_SORTED,Train,047.jpg,/raid/home/students/hawky_luc/P-le-Projet-Zenkolab/datasets/sshikamaru__glaucoma-detection/Fundus_Train_Val_Data/Fundus_Scanes_Sorted/Train/Glaucoma_Negative/047.jpg,73ffb2625aa862c4778c1c53680ae06c
FUNDUS_SORTED,Validation,574.jpg,/raid/home/students/hawky_luc/P-le-Projet-Zenkolab/datasets/sshikamaru__glaucoma-detection/Fundus_Train_Val_Data/Fundus_Scanes_Sorted/Validation/Glaucoma_Negative/574.jpg,74a2c4fce0c4d64e1e599d41c35e11e7
ORIGA,A,574.jpg,/raid/home/students/hawky_luc/P-le-Projet-Zenkolab/datasets/sshikamaru__glaucoma-detection/ORIGA/ORIGA/Images/574.jpg,74a2c4fce0c4d64e1e599d41c35e11e7
ORIGA,A,217.jpg,/raid/home/students/hawky_luc/P-le-Projet-Zenkolab/datasets/sshikamaru__glaucoma-detection/ORIGA/ORIGA/Images/217.jpg,74b114189d8c7e4b24aeab726d534fe2
FUNDUS_SORTED,Train,217.jpg,/raid/home/students/hawky_luc/P-le-Projet-Zenkolab/datasets/sshikamaru__glaucoma-detection/Fundus_Train_Val_Data/Fundus_Scanes_Sorted/Train/Glaucoma_Negative/217.jpg,74b114189d8c7e4b24aeab726d534fe2
ORIGA,A,494.jpg,/raid/home/students/hawky_luc/P-le-Projet-Zenkolab/datasets/sshikamaru__glaucoma-detection/ORIGA/ORIGA/Images/494.jpg,74b8782cf7c4e3a8d9e648b6438b7e85
FUNDUS_SORTED,Validation,494.jpg,/raid/home/students/hawky_luc/P-le-Projet-Zenkolab/datasets/sshikamaru__glaucoma-detection/Fundus_Train_Val_Data/Fundus_Scanes_Sorted/Validation/Glaucoma_Negative/494.jpg,74b8782cf7c4e3a8d9e648b6438b7e85
ORIGA,B,347.jpg,/raid/home/students/hawky_luc/P-le-Projet-Zenkolab/datasets/sshikamaru__glaucoma-detection/ORIGA/ORIGA/Images/347.jpg,75420d1c30e8aa7a725ae5f9467f6e6f
FUNDUS_SORTED,Train,347.jpg,/raid/home/students/hawky_luc/P-le-Projet-Zenkolab/datasets/sshikamaru__glaucoma-detection/Fundus_Train_Val_Data/Fundus_Scanes_Sorted/Train/Glaucoma_Negative/347.jpg,75420d1c30e8aa7a725ae5f9467f6e6f
ORIGA,B,168.jpg,/raid/home/students/hawky_luc/P-le-Projet-Zenkolab/datasets/sshikamaru__glaucoma-detection/ORIGA/ORIGA/Images/168.jpg,759dae55e0a3d6ee8692848397d6bd08
FUNDUS_SORTED,Train,168.jpg,/raid/home/students/hawky_luc/P-le-Projet-Zenkolab/datasets/sshikamaru__glaucoma-detection/Fundus_Train_Val_Data/Fundus_Scanes_Sorted/Train/Glaucoma_Positive/168.jpg,759dae55e0a3d6ee8692848397d6bd08
ORIGA,A,307.jpg,/raid/home/students/hawky_luc/P-le-Projet-Zenkolab/datasets/sshikamaru__glaucoma-detection/ORIGA/ORIGA/Images/307.jpg,76a8452efd4bdd85b4d5632b161866df
FUNDUS_SORTED,Train,307.jpg,/raid/home/students/hawky_luc/P-le-Projet-Zenkolab/datasets/sshikamaru__glaucoma-detection/Fundus_Train_Val_Data/Fundus_Scanes_Sorted/Train/Glaucoma_Negative/307.jpg,76a8452efd4bdd85b4d5632b161866df
ORIGA,A,463.jpg,/raid/home/students/hawky_luc/P-le-Projet-Zenkolab/datasets/sshikamaru__glaucoma-detection/ORIGA/ORIGA/Images/463.jpg,78185c6e6c2dcadf845282f16a1ade79
FUNDUS_SORTED,Train,463.jpg,/raid/home/students/hawky_luc/P-le-Projet-Zenkolab/datasets/sshikamaru__glaucoma-detection/Fundus_Train_Val_Data/Fundus_Scanes_Sorted/Train/Glaucoma_Negative/463.jpg,78185c6e6c2dcadf845282f16a1ade79
FUNDUS_SORTED,Train,066.jpg,/raid/home/students/hawky_luc/P-le-Projet-Zenkolab/datasets/sshikamaru__glaucoma-detection/Fundus_Train_Val_Data/Fundus_Scanes_Sorted/Train/Glaucoma_Negative/066.jpg,782a550caea6ed687b43729b7e87ec35
ORIGA,B,066.jpg,/raid/home/students/hawky_luc/P-le-Projet-Zenkolab/datasets/sshikamaru__glaucoma-detection/ORIGA/ORIGA/Images/066.jpg,782a550caea6ed687b43729b7e87ec35
FUNDUS_SORTED,Train,033.jpg,/raid/home/students/hawky_luc/P-le-Projet-Zenkolab/datasets/sshikamaru__glaucoma-detection/Fundus_Train_Val_Data/Fundus_Scanes_Sorted/Train/Glaucoma_Negative/033.jpg,784cd30f47a9b77b64ddd88cbe6acdf7
ORIGA,B,033.jpg,/raid/home/students/hawky_luc/P-le-Projet-Zenkolab/datasets/sshikamaru__glaucoma-detection/ORIGA/ORIGA/Images/033.jpg,784cd30f47a9b77b64ddd88cbe6acdf7
FUNDUS_SORTED,Train,165.jpg,/raid/home/students/hawky_luc/P-le-Projet-Zenkolab/datasets/sshikamaru__glaucoma-detection/Fundus_Train_Val_Data/Fundus_Scanes_Sorted/Train/Glaucoma_Positive/165.jpg,79667c3fe3bb3783ae92c6a335ae91c3
ORIGA,B,165.jpg,/raid/home/students/hawky_luc/P-le-Projet-Zenkolab/datasets/sshikamaru__glaucoma-detection/ORIGA/ORIGA/Images/165.jpg,79667c3fe3bb3783ae92c6a335ae91c3
FUNDUS_SORTED,Train,582.jpg,/raid/home/students/hawky_luc/P-le-Projet-Zenkolab/datasets/sshikamaru__glaucoma-detection/Fundus_Train_Val_Data/Fundus_Scanes_Sorted/Train/Glaucoma_Positive/582.jpg,799fb8ad1cbb43d28c9dc8551aac2e52
ORIGA,B,582.jpg,/raid/home/students/hawky_luc/P-le-Projet-Zenkolab/datasets/sshikamaru__glaucoma-detection/ORIGA/ORIGA/Images/582.jpg,799fb8ad1cbb43d28c9dc8551aac2e52
ORIGA,B,270.jpg,/raid/home/students/hawky_luc/P-le-Projet-Zenkolab/datasets/sshikamaru__glaucoma-detection/ORIGA/ORIGA/Images/270.jpg,79aa93cd842cd47f247a4a324ca1aecc
FUNDUS_SORTED,Train,270.jpg,/raid/home/students/hawky_luc/P-le-Projet-Zenkolab/datasets/sshikamaru__glaucoma-detection/Fundus_Train_Val_Data/Fundus_Scanes_Sorted/Train/Glaucoma_Positive/270.jpg,79aa93cd842cd47f247a4a324ca1aecc
FUNDUS_SORTED,Train,357.jpg,/raid/home/students/hawky_luc/P-le-Projet-Zenkolab/datasets/sshikamaru__glaucoma-detection/Fundus_Train_Val_Data/Fundus_Scanes_Sorted/Train/Glaucoma_Negative/357.jpg,79bffe3c1cff8a6e5cb066cc69fef74f
ORIGA,B,357.jpg,/raid/home/students/hawky_luc/P-le-Projet-Zenkolab/datasets/sshikamaru__glaucoma-detection/ORIGA/ORIGA/Images/357.jpg,79bffe3c1cff8a6e5cb066cc69fef74f
ORIGA,B,297.jpg,/raid/home/students/hawky_luc/P-le-Projet-Zenkolab/datasets/sshikamaru__glaucoma-detection/ORIGA/ORIGA/Images/297.jpg,79e0e94eab1753e49892a2eef1b97cab
FUNDUS_SORTED,Train,297.jpg,/raid/home/students/hawky_luc/P-le-Projet-Zenkolab/datasets/sshikamaru__glaucoma-detection/Fundus_Train_Val_Data/Fundus_Scanes_Sorted/Train/Glaucoma_Negative/297.jpg,79e0e94eab1753e49892a2eef1b97cab
ORIGA,B,316.jpg,/raid/home/students/hawky_luc/P-le-Projet-Zenkolab/datasets/sshikamaru__glaucoma-detection/ORIGA/ORIGA/Images/316.jpg,7ab1282b3101fe3b9c70dae80e898957
FUNDUS_SORTED,Train,316.jpg,/raid/home/students/hawky_luc/P-le-Projet-Zenkolab/datasets/sshikamaru__glaucoma-detection/Fundus_Train_Val_Data/Fundus_Scanes_Sorted/Train/Glaucoma_Negative/316.jpg,7ab1282b3101fe3b9c70dae80e898957
ORIGA,A,566.jpg,/raid/home/students/hawky_luc/P-le-Projet-Zenkolab/datasets/sshikamaru__glaucoma-detection/ORIGA/ORIGA/Images/566.jpg,7acc351285934c99bbb89c512034e488
FUNDUS_SORTED,Validation,566.jpg,/raid/home/students/hawky_luc/P-le-Projet-Zenkolab/datasets/sshikamaru__glaucoma-detection/Fundus_Train_Val_Data/Fundus_Scanes_Sorted/Validation/Glaucoma_Negative/566.jpg,7acc351285934c99bbb89c512034e488
ORIGA,B,164.jpg,/raid/home/students/hawky_luc/P-le-Projet-Zenkolab/datasets/sshikamaru__glaucoma-detection/ORIGA/ORIGA/Images/164.jpg,7ace97e95466bd73f3f03effd1ee69b4
FUNDUS_SORTED,Train,164.jpg,/raid/home/students/hawky_luc/P-le-Projet-Zenkolab/datasets/sshikamaru__glaucoma-detection/Fundus_Train_Val_Data/Fundus_Scanes_Sorted/Train/Glaucoma_Negative/164.jpg,7ace97e95466bd73f3f03effd1ee69b4
ORIGA,A,450.jpg,/raid/home/students/hawky_luc/P-le-Projet-Zenkolab/datasets/sshikamaru__glaucoma-detection/ORIGA/ORIGA/Images/450.jpg,7b1811875674c299027e1d47449c159f
FUNDUS_SORTED,Train,450.jpg,/raid/home/students/hawky_luc/P-le-Projet-Zenkolab/datasets/sshikamaru__glaucoma-detection/Fundus_Train_Val_Data/Fundus_Scanes_Sorted/Train/Glaucoma_Negative/450.jpg,7b1811875674c299027e1d47449c159f
ORIGA,B,626.jpg,/raid/home/students/hawky_luc/P-le-Projet-Zenkolab/datasets/sshikamaru__glaucoma-detection/ORIGA/ORIGA/Images/626.jpg,7b75e4b7fdb34e6a903d378b15a2da9c
FUNDUS_SORTED,Validation,626.jpg,/raid/home/students/hawky_luc/P-le-Projet-Zenkolab/datasets/sshikamaru__glaucoma-detection/Fundus_Train_Val_Data/Fundus_Scanes_Sorted/Validation/Glaucoma_Positive/626.jpg,7b75e4b7fdb34e6a903d378b15a2da9c
ORIGA,A,291.jpg,/raid/home/students/hawky_luc/P-le-Projet-Zenkolab/datasets/sshikamaru__glaucoma-detection/ORIGA/ORIGA/Images/291.jpg,7be77902ea604dac316097f46d668788
FUNDUS_SORTED,Train,291.jpg,/raid/home/students/hawky_luc/P-le-Projet-Zenkolab/datasets/sshikamaru__glaucoma-detection/Fundus_Train_Val_Data/Fundus_Scanes_Sorted/Train/Glaucoma_Negative/291.jpg,7be77902ea604dac316097f46d668788
ORIGA,B,627.jpg,/raid/home/students/hawky_luc/P-le-Projet-Zenkolab/datasets/sshikamaru__glaucoma-detection/ORIGA/ORIGA/Images/627.jpg,7c83b1572eeadf16181e7c947d3742da
FUNDUS_SORTED,Validation,627.jpg,/raid/home/students/hawky_luc/P-le-Projet-Zenkolab/datasets/sshikamaru__glaucoma-detection/Fundus_Train_Val_Data/Fundus_Scanes_Sorted/Validation/Glaucoma_Positive/627.jpg,7c83b1572eeadf16181e7c947d3742da
FUNDUS_SORTED,Train,156.jpg,/raid/home/students/hawky_luc/P-le-Projet-Zenkolab/datasets/sshikamaru__glaucoma-detection/Fundus_Train_Val_Data/Fundus_Scanes_Sorted/Train/Glaucoma_Negative/156.jpg,7c8411ae6264c5f7533d56a8fed99059
ORIGA,B,156.jpg,/raid/home/students/hawky_luc/P-le-Projet-Zenkolab/datasets/sshikamaru__glaucoma-detection/ORIGA/ORIGA/Images/156.jpg,7c8411ae6264c5f7533d56a8fed99059
ORIGA,B,478.jpg,/raid/home/students/hawky_luc/P-le-Projet-Zenkolab/datasets/sshikamaru__glaucoma-detection/ORIGA/ORIGA/Images/478.jpg,7ccec8e49f1d24bad104ac542c6f0079
FUNDUS_SORTED,Train,478.jpg,/raid/home/students/hawky_luc/P-le-Projet-Zenkolab/datasets/sshikamaru__glaucoma-detection/Fundus_Train_Val_Data/Fundus_Scanes_Sorted/Train/Glaucoma_Negative/478.jpg,7ccec8e49f1d24bad104ac542c6f0079
FUNDUS_SORTED,Train,081.jpg,/raid/home/students/hawky_luc/P-le-Projet-Zenkolab/datasets/sshikamaru__glaucoma-detection/Fundus_Train_Val_Data/Fundus_Scanes_Sorted/Train/Glaucoma_Negative/081.jpg,7cf9cbd03d6706cf0fcce39585d496c5
ORIGA,B,081.jpg,/raid/home/students/hawky_luc/P-le-Projet-Zenkolab/datasets/sshikamaru__glaucoma-detection/ORIGA/ORIGA/Images/081.jpg,7cf9cbd03d6706cf0fcce39585d496c5
FUNDUS_SORTED,Validation,640.jpg,/raid/home/students/hawky_luc/P-le-Projet-Zenkolab/datasets/sshikamaru__glaucoma-detection/Fundus_Train_Val_Data/Fundus_Scanes_Sorted/Validation/Glaucoma_Positive/640.jpg,7dbffe7180d8c2a7b07cd357c1269c39
ORIGA,B,640.jpg,/raid/home/students/hawky_luc/P-le-Projet-Zenkolab/datasets/sshikamaru__glaucoma-detection/ORIGA/ORIGA/Images/640.jpg,7dbffe7180d8c2a7b07cd357c1269c39
ORIGA,B,034.jpg,/raid/home/students/hawky_luc/P-le-Projet-Zenkolab/datasets/sshikamaru__glaucoma-detection/ORIGA/ORIGA/Images/034.jpg,7df7c4faf121af4cba948d7d651a7997
FUNDUS_SORTED,Train,034.jpg,/raid/home/students/hawky_luc/P-le-Projet-Zenkolab/datasets/sshikamaru__glaucoma-detection/Fundus_Train_Val_Data/Fundus_Scanes_Sorted/Train/Glaucoma_Negative/034.jpg,7df7c4faf121af4cba948d7d651a7997
FUNDUS_SORTED,Train,096.jpg,/raid/home/students/hawky_luc/P-le-Projet-Zenkolab/datasets/sshikamaru__glaucoma-detection/Fundus_Train_Val_Data/Fundus_Scanes_Sorted/Train/Glaucoma_Negative/096.jpg,7e01d5d68eb0d086ebfd378e82786049
ORIGA,A,096.jpg,/raid/home/students/hawky_luc/P-le-Projet-Zenkolab/datasets/sshikamaru__glaucoma-detection/ORIGA/ORIGA/Images/096.jpg,7e01d5d68eb0d086ebfd378e82786049
FUNDUS_SORTED,Train,285.jpg,/raid/home/students/hawky_luc/P-le-Projet-Zenkolab/datasets/sshikamaru__glaucoma-detection/Fundus_Train_Val_Data/Fundus_Scanes_Sorted/Train/Glaucoma_Positive/285.jpg,7e131b1fe78c602dd9ce61b2d146f475
ORIGA,B,285.jpg,/raid/home/students/hawky_luc/P-le-Projet-Zenkolab/datasets/sshikamaru__glaucoma-detection/ORIGA/ORIGA/Images/285.jpg,7e131b1fe78c602dd9ce61b2d146f475
FUNDUS_SORTED,Train,068.jpg,/raid/home/students/hawky_luc/P-le-Projet-Zenkolab/datasets/sshikamaru__glaucoma-detection/Fundus_Train_Val_Data/Fundus_Scanes_Sorted/Train/Glaucoma_Negative/068.jpg,7e2b26e3967601f6478e3fbe80b1d4b5
ORIGA,B,068.jpg,/raid/home/students/hawky_luc/P-le-Projet-Zenkolab/datasets/sshikamaru__glaucoma-detection/ORIGA/ORIGA/Images/068.jpg,7e2b26e3967601f6478e3fbe80b1d4b5
ORIGA,B,381.jpg,/raid/home/students/hawky_luc/P-le-Projet-Zenkolab/datasets/sshikamaru__glaucoma-detection/ORIGA/ORIGA/Images/381.jpg,7f1c5f02b6f13a92bf39f2d0bf226a1d
FUNDUS_SORTED,Train,381.jpg,/raid/home/students/hawky_luc/P-le-Projet-Zenkolab/datasets/sshikamaru__glaucoma-detection/Fundus_Train_Val_Data/Fundus_Scanes_Sorted/Train/Glaucoma_Positive/381.jpg,7f1c5f02b6f13a92bf39f2d0bf226a1d
ORIGA,B,046.jpg,/raid/home/students/hawky_luc/P-le-Projet-Zenkolab/datasets/sshikamaru__glaucoma-detection/ORIGA/ORIGA/Images/046.jpg,7f7a970e8fbbd55a37dd2a3f38f83bab
FUNDUS_SORTED,Train,046.jpg,/raid/home/students/hawky_luc/P-le-Projet-Zenkolab/datasets/sshikamaru__glaucoma-detection/Fundus_Train_Val_Data/Fundus_Scanes_Sorted/Train/Glaucoma_Negative/046.jpg,7f7a970e8fbbd55a37dd2a3f38f83bab
FUNDUS_SORTED,Train,036.jpg,/raid/home/students/hawky_luc/P-le-Projet-Zenkolab/datasets/sshikamaru__glaucoma-detection/Fundus_Train_Val_Data/Fundus_Scanes_Sorted/Train/Glaucoma_Positive/036.jpg,808f117ef8d1352a846d99bc788f26a1
ORIGA,A,036.jpg,/raid/home/students/hawky_luc/P-le-Projet-Zenkolab/datasets/sshikamaru__glaucoma-detection/ORIGA/ORIGA/Images/036.jpg,808f117ef8d1352a846d99bc788f26a1
FUNDUS_SORTED,Train,111.jpg,/raid/home/students/hawky_luc/P-le-Projet-Zenkolab/datasets/sshikamaru__glaucoma-detection/Fundus_Train_Val_Data/Fundus_Scanes_Sorted/Train/Glaucoma_Negative/111.jpg,8094533abc744a51ad8a224f5c9fbd49
ORIGA,B,111.jpg,/raid/home/students/hawky_luc/P-le-Projet-Zenkolab/datasets/sshikamaru__glaucoma-detection/ORIGA/ORIGA/Images/111.jpg,8094533abc744a51ad8a224f5c9fbd49
FUNDUS_SORTED,Train,053.jpg,/raid/home/students/hawky_luc/P-le-Projet-Zenkolab/datasets/sshikamaru__glaucoma-detection/Fundus_Train_Val_Data/Fundus_Scanes_Sorted/Train/Glaucoma_Negative/053.jpg,80b6bd546c3ef944384315004bb3ac96
ORIGA,A,053.jpg,/raid/home/students/hawky_luc/P-le-Projet-Zenkolab/datasets/sshikamaru__glaucoma-detection/ORIGA/ORIGA/Images/053.jpg,80b6bd546c3ef944384315004bb3ac96
FUNDUS_SORTED,Train,065.jpg,/raid/home/students/hawky_luc/P-le-Projet-Zenkolab/datasets/sshikamaru__glaucoma-detection/Fundus_Train_Val_Data/Fundus_Scanes_Sorted/Train/Glaucoma_Negative/065.jpg,80c27d56d6bdcf209ac3751a654365bc
ORIGA,A,065.jpg,/raid/home/students/hawky_luc/P-le-Projet-Zenkolab/datasets/sshikamaru__glaucoma-detection/ORIGA/ORIGA/Images/065.jpg,80c27d56d6bdcf209ac3751a654365bc
ORIGA,A,280.jpg,/raid/home/students/hawky_luc/P-le-Projet-Zenkolab/datasets/sshikamaru__glaucoma-detection/ORIGA/ORIGA/Images/280.jpg,8137f4c9c862e9d65f414bb529450c61
FUNDUS_SORTED,Train,280.jpg,/raid/home/students/hawky_luc/P-le-Projet-Zenkolab/datasets/sshikamaru__glaucoma-detection/Fundus_Train_Val_Data/Fundus_Scanes_Sorted/Train/Glaucoma_Negative/280.jpg,8137f4c9c862e9d65f414bb529450c61
FUNDUS_SORTED,Train,415.jpg,/raid/home/students/hawky_luc/P-le-Projet-Zenkolab/datasets/sshikamaru__glaucoma-detection/Fundus_Train_Val_Data/Fundus_Scanes_Sorted/Train/Glaucoma_Negative/415.jpg,81e438309b709fc95f47ea9b341a4adb
ORIGA,A,415.jpg,/raid/home/students/hawky_luc/P-le-Projet-Zenkolab/datasets/sshikamaru__glaucoma-detection/ORIGA/ORIGA/Images/415.jpg,81e438309b709fc95f47ea9b341a4adb
FUNDUS_SORTED,Train,366.jpg,/raid/home/students/hawky_luc/P-le-Projet-Zenkolab/datasets/sshikamaru__glaucoma-detection/Fundus_Train_Val_Data/Fundus_Scanes_Sorted/Train/Glaucoma_Positive/366.jpg,822e429b3d40054f0def43bd7468c644
ORIGA,B,366.jpg,/raid/home/students/hawky_luc/P-le-Projet-Zenkolab/datasets/sshikamaru__glaucoma-detection/ORIGA/ORIGA/Images/366.jpg,822e429b3d40054f0def43bd7468c644
FUNDUS_SORTED,Validation,568.jpg,/raid/home/students/hawky_luc/P-le-Projet-Zenkolab/datasets/sshikamaru__glaucoma-detection/Fundus_Train_Val_Data/Fundus_Scanes_Sorted/Validation/Glaucoma_Negative/568.jpg,829e91f6c2fbc2d2aa27c167664a1e44
ORIGA,B,568.jpg,/raid/home/students/hawky_luc/P-le-Projet-Zenkolab/datasets/sshikamaru__glaucoma-detection/ORIGA/ORIGA/Images/568.jpg,829e91f6c2fbc2d2aa27c167664a1e44
ORIGA,B,480.jpg,/raid/home/students/hawky_luc/P-le-Projet-Zenkolab/datasets/sshikamaru__glaucoma-detection/ORIGA/ORIGA/Images/480.jpg,84bfb15e5e688835f3b2960bb13bdc3f
FUNDUS_SORTED,Train,480.jpg,/raid/home/students/hawky_luc/P-le-Projet-Zenkolab/datasets/sshikamaru__glaucoma-detection/Fundus_Train_Val_Data/Fundus_Scanes_Sorted/Train/Glaucoma_Positive/480.jpg,84bfb15e5e688835f3b2960bb13bdc3f
FUNDUS_SORTED,Train,064.jpg,/raid/home/students/hawky_luc/P-le-Projet-Zenkolab/datasets/sshikamaru__glaucoma-detection/Fundus_Train_Val_Data/Fundus_Scanes_Sorted/Train/Glaucoma_Negative/064.jpg,856cb8f7804f14064cee28e6602a96cd
ORIGA,A,064.jpg,/raid/home/students/hawky_luc/P-le-Projet-Zenkolab/datasets/sshikamaru__glaucoma-detection/ORIGA/ORIGA/Images/064.jpg,856cb8f7804f14064cee28e6602a96cd
FUNDUS_SORTED,Train,017.jpg,/raid/home/students/hawky_luc/P-le-Projet-Zenkolab/datasets/sshikamaru__glaucoma-detection/Fundus_Train_Val_Data/Fundus_Scanes_Sorted/Train/Glaucoma_Negative/017.jpg,85cb7ceae956581e2ce4a90471cbf20c
ORIGA,A,017.jpg,/raid/home/students/hawky_luc/P-le-Projet-Zenkolab/datasets/sshikamaru__glaucoma-detection/ORIGA/ORIGA/Images/017.jpg,85cb7ceae956581e2ce4a90471cbf20c
FUNDUS_SORTED,Train,228.jpg,/raid/home/students/hawky_luc/P-le-Projet-Zenkolab/datasets/sshikamaru__glaucoma-detection/Fundus_Train_Val_Data/Fundus_Scanes_Sorted/Train/Glaucoma_Positive/228.jpg,86332465576412b0dc9cf9eeb3c59d2b
ORIGA,B,228.jpg,/raid/home/students/hawky_luc/P-le-Projet-Zenkolab/datasets/sshikamaru__glaucoma-detection/ORIGA/ORIGA/Images/228.jpg,86332465576412b0dc9cf9eeb3c59d2b
ORIGA,B,625.jpg,/raid/home/students/hawky_luc/P-le-Projet-Zenkolab/datasets/sshikamaru__glaucoma-detection/ORIGA/ORIGA/Images/625.jpg,864cd84487a75f8126e167ef17344083
FUNDUS_SORTED,Validation,625.jpg,/raid/home/students/hawky_luc/P-le-Projet-Zenkolab/datasets/sshikamaru__glaucoma-detection/Fundus_Train_Val_Data/Fundus_Scanes_Sorted/Validation/Glaucoma_Negative/625.jpg,864cd84487a75f8126e167ef17344083
FUNDUS_SORTED,Train,496.jpg,/raid/home/students/hawky_luc/P-le-Projet-Zenkolab/datasets/sshikamaru__glaucoma-detection/Fundus_Train_Val_Data/Fundus_Scanes_Sorted/Train/Glaucoma_Positive/496.jpg,86647b9f968ea7003d11a3664eb5efab
ORIGA,B,496.jpg,/raid/home/students/hawky_luc/P-le-Projet-Zenkolab/datasets/sshikamaru__glaucoma-detection/ORIGA/ORIGA/Images/496.jpg,86647b9f968ea7003d11a3664eb5efab
ORIGA,B,443.jpg,/raid/home/students/hawky_luc/P-le-Projet-Zenkolab/datasets/sshikamaru__glaucoma-detection/ORIGA/ORIGA/Images/443.jpg,867f3d8a12fdbeba03804eb62edd7320
FUNDUS_SORTED,Train,443.jpg,/raid/home/students/hawky_luc/P-le-Projet-Zenkolab/datasets/sshikamaru__glaucoma-detection/Fundus_Train_Val_Data/Fundus_Scanes_Sorted/Train/Glaucoma_Negative/443.jpg,867f3d8a12fdbeba03804eb62edd7320
ORIGA,A,249.jpg,/raid/home/students/hawky_luc/P-le-Projet-Zenkolab/datasets/sshikamaru__glaucoma-detection/ORIGA/ORIGA/Images/249.jpg,86823b1683ee3823e269f1918f61024a
FUNDUS_SORTED,Train,249.jpg,/raid/home/students/hawky_luc/P-le-Projet-Zenkolab/datasets/sshikamaru__glaucoma-detection/Fundus_Train_Val_Data/Fundus_Scanes_Sorted/Train/Glaucoma_Negative/249.jpg,86823b1683ee3823e269f1918f61024a
FUNDUS_SORTED,Train,257.jpg,/raid/home/students/hawky_luc/P-le-Projet-Zenkolab/datasets/sshikamaru__glaucoma-detection/Fundus_Train_Val_Data/Fundus_Scanes_Sorted/Train/Glaucoma_Negative/257.jpg,86d8af9590eb9d8181d74ef11707bbd4
ORIGA,B,257.jpg,/raid/home/students/hawky_luc/P-le-Projet-Zenkolab/datasets/sshikamaru__glaucoma-detection/ORIGA/ORIGA/Images/257.jpg,86d8af9590eb9d8181d74ef11707bbd4
ORIGA,B,254.jpg,/raid/home/students/hawky_luc/P-le-Projet-Zenkolab/datasets/sshikamaru__glaucoma-detection/ORIGA/ORIGA/Images/254.jpg,8829d89ab8e1093ae0d596054b1b62f5
FUNDUS_SORTED,Train,254.jpg,/raid/home/students/hawky_luc/P-le-Projet-Zenkolab/datasets/sshikamaru__glaucoma-detection/Fundus_Train_Val_Data/Fundus_Scanes_Sorted/Train/Glaucoma_Negative/254.jpg,8829d89ab8e1093ae0d596054b1b62f5
FUNDUS_SORTED,Validation,623.jpg,/raid/home/students/hawky_luc/P-le-Projet-Zenkolab/datasets/sshikamaru__glaucoma-detection/Fundus_Train_Val_Data/Fundus_Scanes_Sorted/Validation/Glaucoma_Positive/623.jpg,8917d6f3c952b51617d3adb102f78b9f
ORIGA,A,623.jpg,/raid/home/students/hawky_luc/P-le-Projet-Zenkolab/datasets/sshikamaru__glaucoma-detection/ORIGA/ORIGA/Images/623.jpg,8917d6f3c952b51617d3adb102f78b9f
FUNDUS_SORTED,Train,087.jpg,/raid/home/students/hawky_luc/P-le-Projet-Zenkolab/datasets/sshikamaru__glaucoma-detection/Fundus_Train_Val_Data/Fundus_Scanes_Sorted/Train/Glaucoma_Positive/087.jpg,893ee58736bb8e6ced812306d55f58f5
ORIGA,A,087.jpg,/raid/home/students/hawky_luc/P-le-Projet-Zenkolab/datasets/sshikamaru__glaucoma-detection/ORIGA/ORIGA/Images/087.jpg,893ee58736bb8e6ced812306d55f58f5
ORIGA,B,051.jpg,/raid/home/students/hawky_luc/P-le-Projet-Zenkolab/datasets/sshikamaru__glaucoma-detection/ORIGA/ORIGA/Images/051.jpg,8963f72105da7a9931144241c2d65ed3
FUNDUS_SORTED,Train,051.jpg,/raid/home/students/hawky_luc/P-le-Projet-Zenkolab/datasets/sshikamaru__glaucoma-detection/Fundus_Train_Val_Data/Fundus_Scanes_Sorted/Train/Glaucoma_Negative/051.jpg,8963f72105da7a9931144241c2d65ed3
FUNDUS_SORTED,Train,433.jpg,/raid/home/students/hawky_luc/P-le-Projet-Zenkolab/datasets/sshikamaru__glaucoma-detection/Fundus_Train_Val_Data/Fundus_Scanes_Sorted/Train/Glaucoma_Positive/433.jpg,89a739d63c37a36f4ac5c0666ae21b40
ORIGA,A,433.jpg,/raid/home/students/hawky_luc/P-le-Projet-Zenkolab/datasets/sshikamaru__glaucoma-detection/ORIGA/ORIGA/Images/433.jpg,89a739d63c37a36f4ac5c0666ae21b40
ORIGA,B,178.jpg,/raid/home/students/hawky_luc/P-le-Projet-Zenkolab/datasets/sshikamaru__glaucoma-detection/ORIGA/ORIGA/Images/178.jpg,89dc7a88565f38ef3dcd221b8ec7ff2f
FUNDUS_SORTED,Train,178.jpg,/raid/home/students/hawky_luc/P-le-Projet-Zenkolab/datasets/sshikamaru__glaucoma-detection/Fundus_Train_Val_Data/Fundus_Scanes_Sorted/Train/Glaucoma_Negative/178.jpg,89dc7a88565f38ef3dcd221b8ec7ff2f
ORIGA,A,135.jpg,/raid/home/students/hawky_luc/P-le-Projet-Zenkolab/datasets/sshikamaru__glaucoma-detection/ORIGA/ORIGA/Images/135.jpg,8a193d5c68d98a2e3fd84f6e3ae6d8e7
FUNDUS_SORTED,Train,135.jpg,/raid/home/students/hawky_luc/P-le-Projet-Zenkolab/datasets/sshikamaru__glaucoma-detection/Fundus_Train_Val_Data/Fundus_Scanes_Sorted/Train/Glaucoma_Negative/135.jpg,8a193d5c68d98a2e3fd84f6e3ae6d8e7
ORIGA,A,451.jpg,/raid/home/students/hawky_luc/P-le-Projet-Zenkolab/datasets/sshikamaru__glaucoma-detection/ORIGA/ORIGA/Images/451.jpg,8a8556adc340cc472cae4d3724fd0cf3
FUNDUS_SORTED,Train,451.jpg,/raid/home/students/hawky_luc/P-le-Projet-Zenkolab/datasets/sshikamaru__glaucoma-detection/Fundus_Train_Val_Data/Fundus_Scanes_Sorted/Train/Glaucoma_Negative/451.jpg,8a8556adc340cc472cae4d3724fd0cf3
ORIGA,B,006.jpg,/raid/home/students/hawky_luc/P-le-Projet-Zenkolab/datasets/sshikamaru__glaucoma-detection/ORIGA/ORIGA/Images/006.jpg,8ae8d3feef49a4972590506d86a12b28
FUNDUS_SORTED,Train,006.jpg,/raid/home/students/hawky_luc/P-le-Projet-Zenkolab/datasets/sshikamaru__glaucoma-detection/Fundus_Train_Val_Data/Fundus_Scanes_Sorted/Train/Glaucoma_Negative/006.jpg,8ae8d3feef49a4972590506d86a12b28
ORIGA,B,042.jpg,/raid/home/students/hawky_luc/P-le-Projet-Zenkolab/datasets/sshikamaru__glaucoma-detection/ORIGA/ORIGA/Images/042.jpg,8b0a4296139e3caf71442b9a77b67b93
FUNDUS_SORTED,Train,042.jpg,/raid/home/students/hawky_luc/P-le-Projet-Zenkolab/datasets/sshikamaru__glaucoma-detection/Fundus_Train_Val_Data/Fundus_Scanes_Sorted/Train/Glaucoma_Negative/042.jpg,8b0a4296139e3caf71442b9a77b67b93
FUNDUS_SORTED,Train,342.jpg,/raid/home/students/hawky_luc/P-le-Projet-Zenkolab/datasets/sshikamaru__glaucoma-detection/Fundus_Train_Val_Data/Fundus_Scanes_Sorted/Train/Glaucoma_Negative/342.jpg,8c99138f6347c53f97d338d365ccd55e
ORIGA,B,342.jpg,/raid/home/students/hawky_luc/P-le-Projet-Zenkolab/datasets/sshikamaru__glaucoma-detection/ORIGA/ORIGA/Images/342.jpg,8c99138f6347c53f97d338d365ccd55e
ORIGA,B,187.jpg,/raid/home/students/hawky_luc/P-le-Projet-Zenkolab/datasets/sshikamaru__glaucoma-detection/ORIGA/ORIGA/Images/187.jpg,8cc09a71882cfb30f25e828580687e52
FUNDUS_SORTED,Train,187.jpg,/raid/home/students/hawky_luc/P-le-Projet-Zenkolab/datasets/sshikamaru__glaucoma-detection/Fundus_Train_Val_Data/Fundus_Scanes_Sorted/Train/Glaucoma_Negative/187.jpg,8cc09a71882cfb30f25e828580687e52
FUNDUS_SORTED,Train,377.jpg,/raid/home/students/hawky_luc/P-le-Projet-Zenkolab/datasets/sshikamaru__glaucoma-detection/Fundus_Train_Val_Data/Fundus_Scanes_Sorted/Train/Glaucoma_Positive/377.jpg,8d31286ce530849b8566e9bcf115770f
ORIGA,B,377.jpg,/raid/home/students/hawky_luc/P-le-Projet-Zenkolab/datasets/sshikamaru__glaucoma-detection/ORIGA/ORIGA/Images/377.jpg,8d31286ce530849b8566e9bcf115770f
FUNDUS_SORTED,Train,001.jpg,/raid/home/students/hawky_luc/P-le-Projet-Zenkolab/datasets/sshikamaru__glaucoma-detection/Fundus_Train_Val_Data/Fundus_Scanes_Sorted/Train/Glaucoma_Negative/001.jpg,8e077949ca758e03034fd6149f3f1c4c
ORIGA,A,001.jpg,/raid/home/students/hawky_luc/P-le-Projet-Zenkolab/datasets/sshikamaru__glaucoma-detection/ORIGA/ORIGA/Images/001.jpg,8e077949ca758e03034fd6149f3f1c4c
FUNDUS_SORTED,Train,049.jpg,/raid/home/students/hawky_luc/P-le-Projet-Zenkolab/datasets/sshikamaru__glaucoma-detection/Fundus_Train_Val_Data/Fundus_Scanes_Sorted/Train/Glaucoma_Negative/049.jpg,8e889fe74bd7af32d6e76862b5a540f2
ORIGA,A,049.jpg,/raid/home/students/hawky_luc/P-le-Projet-Zenkolab/datasets/sshikamaru__glaucoma-detection/ORIGA/ORIGA/Images/049.jpg,8e889fe74bd7af32d6e76862b5a540f2
ORIGA,B,281.jpg,/raid/home/students/hawky_luc/P-le-Projet-Zenkolab/datasets/sshikamaru__glaucoma-detection/ORIGA/ORIGA/Images/281.jpg,8e914de2482cb4aa05f918f435a4f547
FUNDUS_SORTED,Train,281.jpg,/raid/home/students/hawky_luc/P-le-Projet-Zenkolab/datasets/sshikamaru__glaucoma-detection/Fundus_Train_Val_Data/Fundus_Scanes_Sorted/Train/Glaucoma_Negative/281.jpg,8e914de2482cb4aa05f918f435a4f547
ORIGA,B,460.jpg,/raid/home/students/hawky_luc/P-le-Projet-Zenkolab/datasets/sshikamaru__glaucoma-detection/ORIGA/ORIGA/Images/460.jpg,8ea20b397372ff8c432949948671a8eb
FUNDUS_SORTED,Train,460.jpg,/raid/home/students/hawky_luc/P-le-Projet-Zenkolab/datasets/sshikamaru__glaucoma-detection/Fundus_Train_Val_Data/Fundus_Scanes_Sorted/Train/Glaucoma_Negative/460.jpg,8ea20b397372ff8c432949948671a8eb
ORIGA,A,526.jpg,/raid/home/students/hawky_luc/P-le-Projet-Zenkolab/datasets/sshikamaru__glaucoma-detection/ORIGA/ORIGA/Images/526.jpg,8f042223c9443c3b99da4b8ef5e5c65f
FUNDUS_SORTED,Validation,526.jpg,/raid/home/students/hawky_luc/P-le-Projet-Zenkolab/datasets/sshikamaru__glaucoma-detection/Fundus_Train_Val_Data/Fundus_Scanes_Sorted/Validation/Glaucoma_Negative/526.jpg,8f042223c9443c3b99da4b8ef5e5c65f
ORIGA,B,539.jpg,/raid/home/students/hawky_luc/P-le-Projet-Zenkolab/datasets/sshikamaru__glaucoma-detection/ORIGA/ORIGA/Images/539.jpg,8f0e1b07a4ad2a4c58aa9e3a23433b0f
FUNDUS_SORTED,Validation,539.jpg,/raid/home/students/hawky_luc/P-le-Projet-Zenkolab/datasets/sshikamaru__glaucoma-detection/Fundus_Train_Val_Data/Fundus_Scanes_Sorted/Validation/Glaucoma_Negative/539.jpg,8f0e1b07a4ad2a4c58aa9e3a23433b0f
ORIGA,A,226.jpg,/raid/home/students/hawky_luc/P-le-Projet-Zenkolab/datasets/sshikamaru__glaucoma-detection/ORIGA/ORIGA/Images/226.jpg,8f2f4994be91c78deb2531c7b0adf20d
FUNDUS_SORTED,Train,226.jpg,/raid/home/students/hawky_luc/P-le-Projet-Zenkolab/datasets/sshikamaru__glaucoma-detection/Fundus_Train_Val_Data/Fundus_Scanes_Sorted/Train/Glaucoma_Negative/226.jpg,8f2f4994be91c78deb2531c7b0adf20d
ORIGA,A,556.jpg,/raid/home/students/hawky_luc/P-le-Projet-Zenkolab/datasets/sshikamaru__glaucoma-detection/ORIGA/ORIGA/Images/556.jpg,8f57f1302f26723613849f165d4e7804
FUNDUS_SORTED,Train,556.jpg,/raid/home/students/hawky_luc/P-le-Projet-Zenkolab/datasets/sshikamaru__glaucoma-detection/Fundus_Train_Val_Data/Fundus_Scanes_Sorted/Train/Glaucoma_Positive/556.jpg,8f57f1302f26723613849f165d4e7804
FUNDUS_SORTED,Train,016.jpg,/raid/home/students/hawky_luc/P-le-Projet-Zenkolab/datasets/sshikamaru__glaucoma-detection/Fundus_Train_Val_Data/Fundus_Scanes_Sorted/Train/Glaucoma_Negative/016.jpg,8fae750852566649025fc8a03c012866
ORIGA,A,016.jpg,/raid/home/students/hawky_luc/P-le-Projet-Zenkolab/datasets/sshikamaru__glaucoma-detection/ORIGA/ORIGA/Images/016.jpg,8fae750852566649025fc8a03c012866
ORIGA,A,412.jpg,/raid/home/students/hawky_luc/P-le-Projet-Zenkolab/datasets/sshikamaru__glaucoma-detection/ORIGA/ORIGA/Images/412.jpg,8fed706b87e6a0f44cdd2acd3fbcefd4
FUNDUS_SORTED,Train,412.jpg,/raid/home/students/hawky_luc/P-le-Projet-Zenkolab/datasets/sshikamaru__glaucoma-detection/Fundus_Train_Val_Data/Fundus_Scanes_Sorted/Train/Glaucoma_Negative/412.jpg,8fed706b87e6a0f44cdd2acd3fbcefd4
ORIGA,B,352.jpg,/raid/home/students/hawky_luc/P-le-Projet-Zenkolab/datasets/sshikamaru__glaucoma-detection/ORIGA/ORIGA/Images/352.jpg,8ff6a08340b594163108df8853bd7118
FUNDUS_SORTED,Train,352.jpg,/raid/home/students/hawky_luc/P-le-Projet-Zenkolab/datasets/sshikamaru__glaucoma-detection/Fundus_Train_Val_Data/Fundus_Scanes_Sorted/Train/Glaucoma_Negative/352.jpg,8ff6a08340b594163108df8853bd7118
FUNDUS_SORTED,Train,378.jpg,/raid/home/students/hawky_luc/P-le-Projet-Zenkolab/datasets/sshikamaru__glaucoma-detection/Fundus_Train_Val_Data/Fundus_Scanes_Sorted/Train/Glaucoma_Negative/378.jpg,900cd52f1f536434a816217777610131
ORIGA,B,378.jpg,/raid/home/students/hawky_luc/P-le-Projet-Zenkolab/datasets/sshikamaru__glaucoma-detection/ORIGA/ORIGA/Images/378.jpg,900cd52f1f536434a816217777610131
FUNDUS_SORTED,Train,171.jpg,/raid/home/students/hawky_luc/P-le-Projet-Zenkolab/datasets/sshikamaru__glaucoma-detection/Fundus_Train_Val_Data/Fundus_Scanes_Sorted/Train/Glaucoma_Positive/171.jpg,90297c1fac096c9f7965070c74a1d05e
ORIGA,A,171.jpg,/raid/home/students/hawky_luc/P-le-Projet-Zenkolab/datasets/sshikamaru__glaucoma-detection/ORIGA/ORIGA/Images/171.jpg,90297c1fac096c9f7965070c74a1d05e
FUNDUS_SORTED,Validation,552.jpg,/raid/home/students/hawky_luc/P-le-Projet-Zenkolab/datasets/sshikamaru__glaucoma-detection/Fundus_Train_Val_Data/Fundus_Scanes_Sorted/Validation/Glaucoma_Negative/552.jpg,90ba2bf1e2b8840643b0c2903ae456ea
ORIGA,A,552.jpg,/raid/home/students/hawky_luc/P-le-Projet-Zenkolab/datasets/sshikamaru__glaucoma-detection/ORIGA/ORIGA/Images/552.jpg,90ba2bf1e2b8840643b0c2903ae456ea
FUNDUS_SORTED,Train,125.jpg,/raid/home/students/hawky_luc/P-le-Projet-Zenkolab/datasets/sshikamaru__glaucoma-detection/Fundus_Train_Val_Data/Fundus_Scanes_Sorted/Train/Glaucoma_Negative/125.jpg,90e81cef9d20d6f39d3ca271fbd3edea
ORIGA,A,125.jpg,/raid/home/students/hawky_luc/P-le-Projet-Zenkolab/datasets/sshikamaru__glaucoma-detection/ORIGA/ORIGA/Images/125.jpg,90e81cef9d20d6f39d3ca271fbd3edea
FUNDUS_SORTED,Train,041.jpg,/raid/home/students/hawky_luc/P-le-Projet-Zenkolab/datasets/sshikamaru__glaucoma-detection/Fundus_Train_Val_Data/Fundus_Scanes_Sorted/Train/Glaucoma_Positive/041.jpg,91194ec0db1d2999b29ec4ad2f222c6c
ORIGA,B,041.jpg,/raid/home/students/hawky_luc/P-le-Projet-Zenkolab/datasets/sshikamaru__glaucoma-detection/ORIGA/ORIGA/Images/041.jpg,91194ec0db1d2999b29ec4ad2f222c6c
FUNDUS_SORTED,Train,519.jpg,/raid/home/students/hawky_luc/P-le-Projet-Zenkolab/datasets/sshikamaru__glaucoma-detection/Fundus_Train_Val_Data/Fundus_Scanes_Sorted/Train/Glaucoma_Positive/519.jpg,9154fc3fecbfc8dcd380e6f559d91b0d
ORIGA,B,519.jpg,/raid/home/students/hawky_luc/P-le-Projet-Zenkolab/datasets/sshikamaru__glaucoma-detection/ORIGA/ORIGA/Images/519.jpg,9154fc3fecbfc8dcd380e6f559d91b0d
FUNDUS_SORTED,Train,050.jpg,/raid/home/students/hawky_luc/P-le-Projet-Zenkolab/datasets/sshikamaru__glaucoma-detection/Fundus_Train_Val_Data/Fundus_Scanes_Sorted/Train/Glaucoma_Positive/050.jpg,918ffe7cc8db1b0641d116f53b448ab9
ORIGA,B,050.jpg,/raid/home/students/hawky_luc/P-le-Projet-Zenkolab/datasets/sshikamaru__glaucoma-detection/ORIGA/ORIGA/Images/050.jpg,918ffe7cc8db1b0641d116f53b448ab9
ORIGA,B,338.jpg,/raid/home/students/hawky_luc/P-le-Projet-Zenkolab/datasets/sshikamaru__glaucoma-detection/ORIGA/ORIGA/Images/338.jpg,91c2dd23f3abdd18d6975f167e5b7c4a
FUNDUS_SORTED,Train,338.jpg,/raid/home/students/hawky_luc/P-le-Projet-Zenkolab/datasets/sshikamaru__glaucoma-detection/Fundus_Train_Val_Data/Fundus_Scanes_Sorted/Train/Glaucoma_Negative/338.jpg,91c2dd23f3abdd18d6975f167e5b7c4a
FUNDUS_SORTED,Train,481.jpg,/raid/home/students/hawky_luc/P-le-Projet-Zenkolab/datasets/sshikamaru__glaucoma-detection/Fundus_Train_Val_Data/Fundus_Scanes_Sorted/Train/Glaucoma_Negative/481.jpg,921c2248fa135c734db10209678b5ce3
ORIGA,A,481.jpg,/raid/home/students/hawky_luc/P-le-Projet-Zenkolab/datasets/sshikamaru__glaucoma-detection/ORIGA/ORIGA/Images/481.jpg,921c2248fa135c734db10209678b5ce3
ORIGA,B,629.jpg,/raid/home/students/hawky_luc/P-le-Projet-Zenkolab/datasets/sshikamaru__glaucoma-detection/ORIGA/ORIGA/Images/629.jpg,921e63e358b30153a276d7280406444f
FUNDUS_SORTED,Validation,629.jpg,/raid/home/students/hawky_luc/P-le-Projet-Zenkolab/datasets/sshikamaru__glaucoma-detection/Fundus_Train_Val_Data/Fundus_Scanes_Sorted/Validation/Glaucoma_Negative/629.jpg,921e63e358b30153a276d7280406444f
FUNDUS_SORTED,Train,339.jpg,/raid/home/students/hawky_luc/P-le-Projet-Zenkolab/datasets/sshikamaru__glaucoma-detection/Fundus_Train_Val_Data/Fundus_Scanes_Sorted/Train/Glaucoma_Negative/339.jpg,92538556d996302ea120b5b415fdcf6b
ORIGA,B,339.jpg,/raid/home/students/hawky_luc/P-le-Projet-Zenkolab/datasets/sshikamaru__glaucoma-detection/ORIGA/ORIGA/Images/339.jpg,92538556d996302ea120b5b415fdcf6b
FUNDUS_SORTED,Train,197.jpg,/raid/home/students/hawky_luc/P-le-Projet-Zenkolab/datasets/sshikamaru__glaucoma-detection/Fundus_Train_Val_Data/Fundus_Scanes_Sorted/Train/Glaucoma_Negative/197.jpg,92b400e909b930219b286bf31e40414c
ORIGA,B,197.jpg,/raid/home/students/hawky_luc/P-le-Projet-Zenkolab/datasets/sshikamaru__glaucoma-detection/ORIGA/ORIGA/Images/197.jpg,92b400e909b930219b286bf31e40414c
FUNDUS_SORTED,Train,393.jpg,/raid/home/students/hawky_luc/P-le-Projet-Zenkolab/datasets/sshikamaru__glaucoma-detection/Fundus_Train_Val_Data/Fundus_Scanes_Sorted/Train/Glaucoma_Negative/393.jpg,93a47cadec73d017b195c538c9a534e0
ORIGA,B,393.jpg,/raid/home/students/hawky_luc/P-le-Projet-Zenkolab/datasets/sshikamaru__glaucoma-detection/ORIGA/ORIGA/Images/393.jpg,93a47cadec73d017b195c538c9a534e0
ORIGA,A,418.jpg,/raid/home/students/hawky_luc/P-le-Projet-Zenkolab/datasets/sshikamaru__glaucoma-detection/ORIGA/ORIGA/Images/418.jpg,9413e68008b325b9e0c4c7b94c57f0b1
FUNDUS_SORTED,Train,418.jpg,/raid/home/students/hawky_luc/P-le-Projet-Zenkolab/datasets/sshikamaru__glaucoma-detection/Fundus_Train_Val_Data/Fundus_Scanes_Sorted/Train/Glaucoma_Negative/418.jpg,9413e68008b325b9e0c4c7b94c57f0b1
ORIGA,A,003.jpg,/raid/home/students/hawky_luc/P-le-Projet-Zenkolab/datasets/sshikamaru__glaucoma-detection/ORIGA/ORIGA/Images/003.jpg,944b61e8e65409882052726510629d46
FUNDUS_SORTED,Train,003.jpg,/raid/home/students/hawky_luc/P-le-Projet-Zenkolab/datasets/sshikamaru__glaucoma-detection/Fundus_Train_Val_Data/Fundus_Scanes_Sorted/Train/Glaucoma_Negative/003.jpg,944b61e8e65409882052726510629d46
ORIGA,B,596.jpg,/raid/home/students/hawky_luc/P-le-Projet-Zenkolab/datasets/sshikamaru__glaucoma-detection/ORIGA/ORIGA/Images/596.jpg,94a0c872591b78e6467f318cfc9e3db9
FUNDUS_SORTED,Validation,596.jpg,/raid/home/students/hawky_luc/P-le-Projet-Zenkolab/datasets/sshikamaru__glaucoma-detection/Fundus_Train_Val_Data/Fundus_Scanes_Sorted/Validation/Glaucoma_Negative/596.jpg,94a0c872591b78e6467f318cfc9e3db9
ORIGA,B,575.jpg,/raid/home/students/hawky_luc/P-le-Projet-Zenkolab/datasets/sshikamaru__glaucoma-detection/ORIGA/ORIGA/Images/575.jpg,9536d79463ca15a88690b2ace3bb1121
FUNDUS_SORTED,Validation,575.jpg,/raid/home/students/hawky_luc/P-le-Projet-Zenkolab/datasets/sshikamaru__glaucoma-detection/Fundus_Train_Val_Data/Fundus_Scanes_Sorted/Validation/Glaucoma_Negative/575.jpg,9536d79463ca15a88690b2ace3bb1121
FUNDUS_SORTED,Train,457.jpg,/raid/home/students/hawky_luc/P-le-Projet-Zenkolab/datasets/sshikamaru__glaucoma-detection/Fundus_Train_Val_Data/Fundus_Scanes_Sorted/Train/Glaucoma_Positive/457.jpg,965d907e456cf36cd54417bafaa1f409
ORIGA,B,457.jpg,/raid/home/students/hawky_luc/P-le-Projet-Zenkolab/datasets/sshikamaru__glaucoma-detection/ORIGA/ORIGA/Images/457.jpg,965d907e456cf36cd54417bafaa1f409
FUNDUS_SORTED,Train,129.jpg,/raid/home/students/hawky_luc/P-le-Projet-Zenkolab/datasets/sshikamaru__glaucoma-detection/Fundus_Train_Val_Data/Fundus_Scanes_Sorted/Train/Glaucoma_Negative/129.jpg,96649c281d69736f5a729516757e4892
ORIGA,A,129.jpg,/raid/home/students/hawky_luc/P-le-Projet-Zenkolab/datasets/sshikamaru__glaucoma-detection/ORIGA/ORIGA/Images/129.jpg,96649c281d69736f5a729516757e4892
ORIGA,A,131.jpg,/raid/home/students/hawky_luc/P-le-Projet-Zenkolab/datasets/sshikamaru__glaucoma-detection/ORIGA/ORIGA/Images/131.jpg,970218fe71edd8ebb9f0f9db555ab571
FUNDUS_SORTED,Train,131.jpg,/raid/home/students/hawky_luc/P-le-Projet-Zenkolab/datasets/sshikamaru__glaucoma-detection/Fundus_Train_Val_Data/Fundus_Scanes_Sorted/Train/Glaucoma_Negative/131.jpg,970218fe71edd8ebb9f0f9db555ab571
FUNDUS_SORTED,Train,126.jpg,/raid/home/students/hawky_luc/P-le-Projet-Zenkolab/datasets/sshikamaru__glaucoma-detection/Fundus_Train_Val_Data/Fundus_Scanes_Sorted/Train/Glaucoma_Negative/126.jpg,974031e4a0938afd9cc66013cf603714
ORIGA,A,126.jpg,/raid/home/students/hawky_luc/P-le-Projet-Zenkolab/datasets/sshikamaru__glaucoma-detection/ORIGA/ORIGA/Images/126.jpg,974031e4a0938afd9cc66013cf603714
FUNDUS_SORTED,Train,024.jpg,/raid/home/students/hawky_luc/P-le-Projet-Zenkolab/datasets/sshikamaru__glaucoma-detection/Fundus_Train_Val_Data/Fundus_Scanes_Sorted/Train/Glaucoma_Negative/024.jpg,97a76484c81ce77cb455cfdf74fddc67
ORIGA,A,024.jpg,/raid/home/students/hawky_luc/P-le-Projet-Zenkolab/datasets/sshikamaru__glaucoma-detection/ORIGA/ORIGA/Images/024.jpg,97a76484c81ce77cb455cfdf74fddc67
FUNDUS_SORTED,Train,255.jpg,/raid/home/students/hawky_luc/P-le-Projet-Zenkolab/datasets/sshikamaru__glaucoma-detection/Fundus_Train_Val_Data/Fundus_Scanes_Sorted/Train/Glaucoma_Negative/255.jpg,981185eef1612ced4a485ef0d7c06e21
ORIGA,B,255.jpg,/raid/home/students/hawky_luc/P-le-Projet-Zenkolab/datasets/sshikamaru__glaucoma-detection/ORIGA/ORIGA/Images/255.jpg,981185eef1612ced4a485ef0d7c06e21
FUNDUS_SORTED,Train,258.jpg,/raid/home/students/hawky_luc/P-le-Projet-Zenkolab/datasets/sshikamaru__glaucoma-detection/Fundus_Train_Val_Data/Fundus_Scanes_Sorted/Train/Glaucoma_Negative/258.jpg,981e8e9f80b5c91193232a735ba3c326
ORIGA,B,258.jpg,/raid/home/students/hawky_luc/P-le-Projet-Zenkolab/datasets/sshikamaru__glaucoma-detection/ORIGA/ORIGA/Images/258.jpg,981e8e9f80b5c91193232a735ba3c326
FUNDUS_SORTED,Validation,618.jpg,/raid/home/students/hawky_luc/P-le-Projet-Zenkolab/datasets/sshikamaru__glaucoma-detection/Fundus_Train_Val_Data/Fundus_Scanes_Sorted/Validation/Glaucoma_Positive/618.jpg,9a0fbff9ca9b0f54d37368b3daf6a19d
ORIGA,A,618.jpg,/raid/home/students/hawky_luc/P-le-Projet-Zenkolab/datasets/sshikamaru__glaucoma-detection/ORIGA/ORIGA/Images/618.jpg,9a0fbff9ca9b0f54d37368b3daf6a19d
ORIGA,A,490.jpg,/raid/home/students/hawky_luc/P-le-Projet-Zenkolab/datasets/sshikamaru__glaucoma-detection/ORIGA/ORIGA/Images/490.jpg,9a62bd018c689bfe5a2785fcaeef1318
FUNDUS_SORTED,Train,490.jpg,/raid/home/students/hawky_luc/P-le-Projet-Zenkolab/datasets/sshikamaru__glaucoma-detection/Fundus_Train_Val_Data/Fundus_Scanes_Sorted/Train/Glaucoma_Positive/490.jpg,9a62bd018c689bfe5a2785fcaeef1318
FUNDUS_SORTED,Validation,562.jpg,/raid/home/students/hawky_luc/P-le-Projet-Zenkolab/datasets/sshikamaru__glaucoma-detection/Fundus_Train_Val_Data/Fundus_Scanes_Sorted/Validation/Glaucoma_Negative/562.jpg,9aa1709fbe21509e43a71d9688d6be6a
ORIGA,A,562.jpg,/raid/home/students/hawky_luc/P-le-Projet-Zenkolab/datasets/sshikamaru__glaucoma-detection/ORIGA/ORIGA/Images/562.jpg,9aa1709fbe21509e43a71d9688d6be6a
FUNDUS_SORTED,Train,273.jpg,/raid/home/students/hawky_luc/P-le-Projet-Zenkolab/datasets/sshikamaru__glaucoma-detection/Fundus_Train_Val_Data/Fundus_Scanes_Sorted/Train/Glaucoma_Positive/273.jpg,9b1cd18e12cfd18ce629ee93a9df239b
ORIGA,A,273.jpg,/raid/home/students/hawky_luc/P-le-Projet-Zenkolab/datasets/sshikamaru__glaucoma-detection/ORIGA/ORIGA/Images/273.jpg,9b1cd18e12cfd18ce629ee93a9df239b
ORIGA,A,407.jpg,/raid/home/students/hawky_luc/P-le-Projet-Zenkolab/datasets/sshikamaru__glaucoma-detection/ORIGA/ORIGA/Images/407.jpg,9b4fcacb8bf82296e486e48d55280874
FUNDUS_SORTED,Train,407.jpg,/raid/home/students/hawky_luc/P-le-Projet-Zenkolab/datasets/sshikamaru__glaucoma-detection/Fundus_Train_Val_Data/Fundus_Scanes_Sorted/Train/Glaucoma_Positive/407.jpg,9b4fcacb8bf82296e486e48d55280874
FUNDUS_SORTED,Train,308.jpg,/raid/home/students/hawky_luc/P-le-Projet-Zenkolab/datasets/sshikamaru__glaucoma-detection/Fundus_Train_Val_Data/Fundus_Scanes_Sorted/Train/Glaucoma_Negative/308.jpg,9b87a8f648d12d70881c74f66d5b8502
ORIGA,A,308.jpg,/raid/home/students/hawky_luc/P-le-Projet-Zenkolab/datasets/sshikamaru__glaucoma-detection/ORIGA/ORIGA/Images/308.jpg,9b87a8f648d12d70881c74f66d5b8502
FUNDUS_SORTED,Train,452.jpg,/raid/home/students/hawky_luc/P-le-Projet-Zenkolab/datasets/sshikamaru__glaucoma-detection/Fundus_Train_Val_Data/Fundus_Scanes_Sorted/Train/Glaucoma_Negative/452.jpg,9b8c08da7702c1a0d2c4fd244dd0ba4d
ORIGA,A,452.jpg,/raid/home/students/hawky_luc/P-le-Projet-Zenkolab/datasets/sshikamaru__glaucoma-detection/ORIGA/ORIGA/Images/452.jpg,9b8c08da7702c1a0d2c4fd244dd0ba4d
ORIGA,B,511.jpg,/raid/home/students/hawky_luc/P-le-Projet-Zenkolab/datasets/sshikamaru__glaucoma-detection/ORIGA/ORIGA/Images/511.jpg,9c0e301b4ee810e0067ef1aa0e530172
FUNDUS_SORTED,Train,511.jpg,/raid/home/students/hawky_luc/P-le-Projet-Zenkolab/datasets/sshikamaru__glaucoma-detection/Fundus_Train_Val_Data/Fundus_Scanes_Sorted/Train/Glaucoma_Positive/511.jpg,9c0e301b4ee810e0067ef1aa0e530172
ORIGA,B,327.jpg,/raid/home/students/hawky_luc/P-le-Projet-Zenkolab/datasets/sshikamaru__glaucoma-detection/ORIGA/ORIGA/Images/327.jpg,9caf7c36d280c436e4429b54b4f82638
FUNDUS_SORTED,Train,327.jpg,/raid/home/students/hawky_luc/P-le-Projet-Zenkolab/datasets/sshikamaru__glaucoma-detection/Fundus_Train_Val_Data/Fundus_Scanes_Sorted/Train/Glaucoma_Positive/327.jpg,9caf7c36d280c436e4429b54b4f82638
FUNDUS_SORTED,Train,405.jpg,/raid/home/students/hawky_luc/P-le-Projet-Zenkolab/datasets/sshikamaru__glaucoma-detection/Fundus_Train_Val_Data/Fundus_Scanes_Sorted/Train/Glaucoma_Negative/405.jpg,9d99a9559bd6b860a5dd85774d1142d4
ORIGA,A,405.jpg,/raid/home/students/hawky_luc/P-le-Projet-Zenkolab/datasets/sshikamaru__glaucoma-detection/ORIGA/ORIGA/Images/405.jpg,9d99a9559bd6b860a5dd85774d1142d4
ORIGA,A,436.jpg,/raid/home/students/hawky_luc/P-le-Projet-Zenkolab/datasets/sshikamaru__glaucoma-detection/ORIGA/ORIGA/Images/436.jpg,9e6263883e58a6b4023f8935d6f5f6d9
FUNDUS_SORTED,Train,436.jpg,/raid/home/students/hawky_luc/P-le-Projet-Zenkolab/datasets/sshikamaru__glaucoma-detection/Fundus_Train_Val_Data/Fundus_Scanes_Sorted/Train/Glaucoma_Negative/436.jpg,9e6263883e58a6b4023f8935d6f5f6d9
FUNDUS_SORTED,Validation,610.jpg,/raid/home/students/hawky_luc/P-le-Projet-Zenkolab/datasets/sshikamaru__glaucoma-detection/Fundus_Train_Val_Data/Fundus_Scanes_Sorted/Validation/Glaucoma_Negative/610.jpg,9f9096619cf23b66ac0ddb6f9bf9e0d6
ORIGA,B,610.jpg,/raid/home/students/hawky_luc/P-le-Projet-Zenkolab/datasets/sshikamaru__glaucoma-detection/ORIGA/ORIGA/Images/610.jpg,9f9096619cf23b66ac0ddb6f9bf9e0d6
ORIGA,A,027.jpg,/raid/home/students/hawky_luc/P-le-Projet-Zenkolab/datasets/sshikamaru__glaucoma-detection/ORIGA/ORIGA/Images/027.jpg,9f983dd91e633ae7b8f5c142913d5f22
FUNDUS_SORTED,Train,027.jpg,/raid/home/students/hawky_luc/P-le-Projet-Zenkolab/datasets/sshikamaru__glaucoma-detection/Fundus_Train_Val_Data/Fundus_Scanes_Sorted/Train/Glaucoma_Negative/027.jpg,9f983dd91e633ae7b8f5c142913d5f22
FUNDUS_SORTED,Train,100.jpg,/raid/home/students/hawky_luc/P-le-Projet-Zenkolab/datasets/sshikamaru__glaucoma-detection/Fundus_Train_Val_Data/Fundus_Scanes_Sorted/Train/Glaucoma_Negative/100.jpg,9ffc2bef3f8cc2e08a93ee76f2deb95e
ORIGA,B,100.jpg,/raid/home/students/hawky_luc/P-le-Projet-Zenkolab/datasets/sshikamaru__glaucoma-detection/ORIGA/ORIGA/Images/100.jpg,9ffc2bef3f8cc2e08a93ee76f2deb95e
FUNDUS_SORTED,Train,078.jpg,/raid/home/students/hawky_luc/P-le-Projet-Zenkolab/datasets/sshikamaru__glaucoma-detection/Fundus_Train_Val_Data/Fundus_Scanes_Sorted/Train/Glaucoma_Negative/078.jpg,a09c91ef91b41934dc7e7d7f77178945
ORIGA,A,078.jpg,/raid/home/students/hawky_luc/P-le-Projet-Zenkolab/datasets/sshikamaru__glaucoma-detection/ORIGA/ORIGA/Images/078.jpg,a09c91ef91b41934dc7e7d7f77178945
FUNDUS_SORTED,Train,076.jpg,/raid/home/students/hawky_luc/P-le-Projet-Zenkolab/datasets/sshikamaru__glaucoma-detection/Fundus_Train_Val_Data/Fundus_Scanes_Sorted/Train/Glaucoma_Positive/076.jpg,a0bdb5506b246c972c9119a4958cc22b
ORIGA,B,076.jpg,/raid/home/students/hawky_luc/P-le-Projet-Zenkolab/datasets/sshikamaru__glaucoma-detection/ORIGA/ORIGA/Images/076.jpg,a0bdb5506b246c972c9119a4958cc22b
FUNDUS_SORTED,Train,002.jpg,/raid/home/students/hawky_luc/P-le-Projet-Zenkolab/datasets/sshikamaru__glaucoma-detection/Fundus_Train_Val_Data/Fundus_Scanes_Sorted/Train/Glaucoma_Negative/002.jpg,a1291b0faaf3b74d48005d3e7fd40f02
ORIGA,A,002.jpg,/raid/home/students/hawky_luc/P-le-Projet-Zenkolab/datasets/sshikamaru__glaucoma-detection/ORIGA/ORIGA/Images/002.jpg,a1291b0faaf3b74d48005d3e7fd40f02
ORIGA,B,346.jpg,/raid/home/students/hawky_luc/P-le-Projet-Zenkolab/datasets/sshikamaru__glaucoma-detection/ORIGA/ORIGA/Images/346.jpg,a145207f3119c29ac6aa1b77d42f3a86
FUNDUS_SORTED,Train,346.jpg,/raid/home/students/hawky_luc/P-le-Projet-Zenkolab/datasets/sshikamaru__glaucoma-detection/Fundus_Train_Val_Data/Fundus_Scanes_Sorted/Train/Glaucoma_Negative/346.jpg,a145207f3119c29ac6aa1b77d42f3a86
FUNDUS_SORTED,Train,431.jpg,/raid/home/students/hawky_luc/P-le-Projet-Zenkolab/datasets/sshikamaru__glaucoma-detection/Fundus_Train_Val_Data/Fundus_Scanes_Sorted/Train/Glaucoma_Negative/431.jpg,a2525fb1d04cf3baed1164120ed01381
ORIGA,A,431.jpg,/raid/home/students/hawky_luc/P-le-Projet-Zenkolab/datasets/sshikamaru__glaucoma-detection/ORIGA/ORIGA/Images/431.jpg,a2525fb1d04cf3baed1164120ed01381
ORIGA,A,169.jpg,/raid/home/students/hawky_luc/P-le-Projet-Zenkolab/datasets/sshikamaru__glaucoma-detection/ORIGA/ORIGA/Images/169.jpg,a29ea8ce1ad922dbc0dcbc3204e8e9e7
FUNDUS_SORTED,Train,169.jpg,/raid/home/students/hawky_luc/P-le-Projet-Zenkolab/datasets/sshikamaru__glaucoma-detection/Fundus_Train_Val_Data/Fundus_Scanes_Sorted/Train/Glaucoma_Negative/169.jpg,a29ea8ce1ad922dbc0dcbc3204e8e9e7
FUNDUS_SORTED,Train,067.jpg,/raid/home/students/hawky_luc/P-le-Projet-Zenkolab/datasets/sshikamaru__glaucoma-detection/Fundus_Train_Val_Data/Fundus_Scanes_Sorted/Train/Glaucoma_Negative/067.jpg,a2ed4efa18caaf321854a92116c222c4
ORIGA,B,067.jpg,/raid/home/students/hawky_luc/P-le-Projet-Zenkolab/datasets/sshikamaru__glaucoma-detection/ORIGA/ORIGA/Images/067.jpg,a2ed4efa18caaf321854a92116c222c4
ORIGA,A,044.jpg,/raid/home/students/hawky_luc/P-le-Projet-Zenkolab/datasets/sshikamaru__glaucoma-detection/ORIGA/ORIGA/Images/044.jpg,a30af57e71ecfd2696e56549073d381e
FUNDUS_SORTED,Train,044.jpg,/raid/home/students/hawky_luc/P-le-Projet-Zenkolab/datasets/sshikamaru__glaucoma-detection/Fundus_Train_Val_Data/Fundus_Scanes_Sorted/Train/Glaucoma_Negative/044.jpg,a30af57e71ecfd2696e56549073d381e
ORIGA,A,216.jpg,/raid/home/students/hawky_luc/P-le-Projet-Zenkolab/datasets/sshikamaru__glaucoma-detection/ORIGA/ORIGA/Images/216.jpg,a371ce4247e0a6cff189dfe458f9a985
FUNDUS_SORTED,Train,216.jpg,/raid/home/students/hawky_luc/P-le-Projet-Zenkolab/datasets/sshikamaru__glaucoma-detection/Fundus_Train_Val_Data/Fundus_Scanes_Sorted/Train/Glaucoma_Negative/216.jpg,a371ce4247e0a6cff189dfe458f9a985
ORIGA,A,592.jpg,/raid/home/students/hawky_luc/P-le-Projet-Zenkolab/datasets/sshikamaru__glaucoma-detection/ORIGA/ORIGA/Images/592.jpg,a399cb529c01eab603eaa21b58b44f6a
FUNDUS_SORTED,Train,592.jpg,/raid/home/students/hawky_luc/P-le-Projet-Zenkolab/datasets/sshikamaru__glaucoma-detection/Fundus_Train_Val_Data/Fundus_Scanes_Sorted/Train/Glaucoma_Positive/592.jpg,a399cb529c01eab603eaa21b58b44f6a
ORIGA,B,337.jpg,/raid/home/students/hawky_luc/P-le-Projet-Zenkolab/datasets/sshikamaru__glaucoma-detection/ORIGA/ORIGA/Images/337.jpg,a427d5f2ec1c35f56e75e671c7a2a2ed
FUNDUS_SORTED,Train,337.jpg,/raid/home/students/hawky_luc/P-le-Projet-Zenkolab/datasets/sshikamaru__glaucoma-detection/Fundus_Train_Val_Data/Fundus_Scanes_Sorted/Train/Glaucoma_Positive/337.jpg,a427d5f2ec1c35f56e75e671c7a2a2ed
FUNDUS_SORTED,Train,286.jpg,/raid/home/students/hawky_luc/P-le-Projet-Zenkolab/datasets/sshikamaru__glaucoma-detection/Fundus_Train_Val_Data/Fundus_Scanes_Sorted/Train/Glaucoma_Positive/286.jpg,a45ec0305531ec6f99d2f88027731cbf
ORIGA,B,286.jpg,/raid/home/students/hawky_luc/P-le-Projet-Zenkolab/datasets/sshikamaru__glaucoma-detection/ORIGA/ORIGA/Images/286.jpg,a45ec0305531ec6f99d2f88027731cbf
FUNDUS_SORTED,Train,354.jpg,/raid/home/students/hawky_luc/P-le-Projet-Zenkolab/datasets/sshikamaru__glaucoma-detection/Fundus_Train_Val_Data/Fundus_Scanes_Sorted/Train/Glaucoma_Positive/354.jpg,a472ba2e6ba4c945dd07f315780a7059
ORIGA,A,354.jpg,/raid/home/students/hawky_luc/P-le-Projet-Zenkolab/datasets/sshikamaru__glaucoma-detection/ORIGA/ORIGA/Images/354.jpg,a472ba2e6ba4c945dd07f315780a7059
ORIGA,B,334.jpg,/raid/home/students/hawky_luc/P-le-Projet-Zenkolab/datasets/sshikamaru__glaucoma-detection/ORIGA/ORIGA/Images/334.jpg,a480e3193ffccea0144f4909d690972e
FUNDUS_SORTED,Train,334.jpg,/raid/home/students/hawky_luc/P-le-Projet-Zenkolab/datasets/sshikamaru__glaucoma-detection/Fundus_Train_Val_Data/Fundus_Scanes_Sorted/Train/Glaucoma_Negative/334.jpg,a480e3193ffccea0144f4909d690972e
FUNDUS_SORTED,Train,401.jpg,/raid/home/students/hawky_luc/P-le-Projet-Zenkolab/datasets/sshikamaru__glaucoma-detection/Fundus_Train_Val_Data/Fundus_Scanes_Sorted/Train/Glaucoma_Negative/401.jpg,a501546109782e255094f63260dc8523
ORIGA,B,401.jpg,/raid/home/students/hawky_luc/P-le-Projet-Zenkolab/datasets/sshikamaru__glaucoma-detection/ORIGA/ORIGA/Images/401.jpg,a501546109782e255094f63260dc8523
ORIGA,B,639.jpg,/raid/home/students/hawky_luc/P-le-Projet-Zenkolab/datasets/sshikamaru__glaucoma-detection/ORIGA/ORIGA/Images/639.jpg,a68b8f9badea52194fc05e13bb19488e
FUNDUS_SORTED,Validation,639.jpg,/raid/home/students/hawky_luc/P-le-Projet-Zenkolab/datasets/sshikamaru__glaucoma-detection/Fundus_Train_Val_Data/Fundus_Scanes_Sorted/Validation/Glaucoma_Negative/639.jpg,a68b8f9badea52194fc05e13bb19488e
ORIGA,B,638.jpg,/raid/home/students/hawky_luc/P-le-Projet-Zenkolab/datasets/sshikamaru__glaucoma-detection/ORIGA/ORIGA/Images/638.jpg,a6bbd22bd476e634e60dee9098957c38
FUNDUS_SORTED,Validation,638.jpg,/raid/home/students/hawky_luc/P-le-Projet-Zenkolab/datasets/sshikamaru__glaucoma-detection/Fundus_Train_Val_Data/Fundus_Scanes_Sorted/Validation/Glaucoma_Positive/638.jpg,a6bbd22bd476e634e60dee9098957c38
FUNDUS_SORTED,Train,139.jpg,/raid/home/students/hawky_luc/P-le-Projet-Zenkolab/datasets/sshikamaru__glaucoma-detection/Fundus_Train_Val_Data/Fundus_Scanes_Sorted/Train/Glaucoma_Negative/139.jpg,a6f0ecbdfb9bbeb2d80734c81296fd73
ORIGA,A,139.jpg,/raid/home/students/hawky_luc/P-le-Projet-Zenkolab/datasets/sshikamaru__glaucoma-detection/ORIGA/ORIGA/Images/139.jpg,a6f0ecbdfb9bbeb2d80734c81296fd73
FUNDUS_SORTED,Train,595.jpg,/raid/home/students/hawky_luc/P-le-Projet-Zenkolab/datasets/sshikamaru__glaucoma-detection/Fundus_Train_Val_Data/Fundus_Scanes_Sorted/Train/Glaucoma_Positive/595.jpg,a772de0e673511c8a1ee7adf9a75be6c
ORIGA,B,595.jpg,/raid/home/students/hawky_luc/P-le-Projet-Zenkolab/datasets/sshikamaru__glaucoma-detection/ORIGA/ORIGA/Images/595.jpg,a772de0e673511c8a1ee7adf9a75be6c
ORIGA,B,244.jpg,/raid/home/students/hawky_luc/P-le-Projet-Zenkolab/datasets/sshikamaru__glaucoma-detection/ORIGA/ORIGA/Images/244.jpg,a832e9f190b695a698e8bfaef2d0e8b0
FUNDUS_SORTED,Train,244.jpg,/raid/home/students/hawky_luc/P-le-Projet-Zenkolab/datasets/sshikamaru__glaucoma-detection/Fundus_Train_Val_Data/Fundus_Scanes_Sorted/Train/Glaucoma_Negative/244.jpg,a832e9f190b695a698e8bfaef2d0e8b0
FUNDUS_SORTED,Train,127.jpg,/raid/home/students/hawky_luc/P-le-Projet-Zenkolab/datasets/sshikamaru__glaucoma-detection/Fundus_Train_Val_Data/Fundus_Scanes_Sorted/Train/Glaucoma_Negative/127.jpg,a84eb80bf0bb03718835bc743b72555f
ORIGA,A,127.jpg,/raid/home/students/hawky_luc/P-le-Projet-Zenkolab/datasets/sshikamaru__glaucoma-detection/ORIGA/ORIGA/Images/127.jpg,a84eb80bf0bb03718835bc743b72555f
ORIGA,A,425.jpg,/raid/home/students/hawky_luc/P-le-Projet-Zenkolab/datasets/sshikamaru__glaucoma-detection/ORIGA/ORIGA/Images/425.jpg,a87cf2883e620b95d090b2e291f37f37
FUNDUS_SORTED,Train,425.jpg,/raid/home/students/hawky_luc/P-le-Projet-Zenkolab/datasets/sshikamaru__glaucoma-detection/Fundus_Train_Val_Data/Fundus_Scanes_Sorted/Train/Glaucoma_Negative/425.jpg,a87cf2883e620b95d090b2e291f37f37
ORIGA,B,600.jpg,/raid/home/students/hawky_luc/P-le-Projet-Zenkolab/datasets/sshikamaru__glaucoma-detection/ORIGA/ORIGA/Images/600.jpg,a8a4a52145a0803077fda28a973b7ffa
FUNDUS_SORTED,Validation,600.jpg,/raid/home/students/hawky_luc/P-le-Projet-Zenkolab/datasets/sshikamaru__glaucoma-detection/Fundus_Train_Val_Data/Fundus_Scanes_Sorted/Validation/Glaucoma_Positive/600.jpg,a8a4a52145a0803077fda28a973b7ffa
ORIGA,B,410.jpg,/raid/home/students/hawky_luc/P-le-Projet-Zenkolab/datasets/sshikamaru__glaucoma-detection/ORIGA/ORIGA/Images/410.jpg,a8c370c87131aa7b2f800417a2827bc5
FUNDUS_SORTED,Train,410.jpg,/raid/home/students/hawky_luc/P-le-Projet-Zenkolab/datasets/sshikamaru__glaucoma-detection/Fundus_Train_Val_Data/Fundus_Scanes_Sorted/Train/Glaucoma_Negative/410.jpg,a8c370c87131aa7b2f800417a2827bc5
FUNDUS_SORTED,Train,183.jpg,/raid/home/students/hawky_luc/P-le-Projet-Zenkolab/datasets/sshikamaru__glaucoma-detection/Fundus_Train_Val_Data/Fundus_Scanes_Sorted/Train/Glaucoma_Negative/183.jpg,a93db318f63a433c68087a48a6abb621
ORIGA,B,183.jpg,/raid/home/students/hawky_luc/P-le-Projet-Zenkolab/datasets/sshikamaru__glaucoma-detection/ORIGA/ORIGA/Images/183.jpg,a93db318f63a433c68087a48a6abb621
ORIGA,A,310.jpg,/raid/home/students/hawky_luc/P-le-Projet-Zenkolab/datasets/sshikamaru__glaucoma-detection/ORIGA/ORIGA/Images/310.jpg,aa0418263e9dc6c3977fc6e1870a8636
FUNDUS_SORTED,Train,310.jpg,/raid/home/students/hawky_luc/P-le-Projet-Zenkolab/datasets/sshikamaru__glaucoma-detection/Fundus_Train_Val_Data/Fundus_Scanes_Sorted/Train/Glaucoma_Negative/310.jpg,aa0418263e9dc6c3977fc6e1870a8636
FUNDUS_SORTED,Train,140.jpg,/raid/home/students/hawky_luc/P-le-Projet-Zenkolab/datasets/sshikamaru__glaucoma-detection/Fundus_Train_Val_Data/Fundus_Scanes_Sorted/Train/Glaucoma_Negative/140.jpg,ab15d7950f1f3f49475786c83f05977f
ORIGA,A,140.jpg,/raid/home/students/hawky_luc/P-le-Projet-Zenkolab/datasets/sshikamaru__glaucoma-detection/ORIGA/ORIGA/Images/140.jpg,ab15d7950f1f3f49475786c83f05977f
FUNDUS_SORTED,Train,083.jpg,/raid/home/students/hawky_luc/P-le-Projet-Zenkolab/datasets/sshikamaru__glaucoma-detection/Fundus_Train_Val_Data/Fundus_Scanes_Sorted/Train/Glaucoma_Negative/083.jpg,ab1bc111d4e46db731eb32bd027b83fe
ORIGA,A,083.jpg,/raid/home/students/hawky_luc/P-le-Projet-Zenkolab/datasets/sshikamaru__glaucoma-detection/ORIGA/ORIGA/Images/083.jpg,ab1bc111d4e46db731eb32bd027b83fe
ORIGA,A,207.jpg,/raid/home/students/hawky_luc/P-le-Projet-Zenkolab/datasets/sshikamaru__glaucoma-detection/ORIGA/ORIGA/Images/207.jpg,ab4e1f6538f00caa31107080fedf18d8
FUNDUS_SORTED,Train,207.jpg,/raid/home/students/hawky_luc/P-le-Projet-Zenkolab/datasets/sshikamaru__glaucoma-detection/Fundus_Train_Val_Data/Fundus_Scanes_Sorted/Train/Glaucoma_Negative/207.jpg,ab4e1f6538f00caa31107080fedf18d8
ORIGA,A,589.jpg,/raid/home/students/hawky_luc/P-le-Projet-Zenkolab/datasets/sshikamaru__glaucoma-detection/ORIGA/ORIGA/Images/589.jpg,abe6b4c1c6cf8377ffe431b1ec9c827b
FUNDUS_SORTED,Train,589.jpg,/raid/home/students/hawky_luc/P-le-Projet-Zenkolab/datasets/sshikamaru__glaucoma-detection/Fundus_Train_Val_Data/Fundus_Scanes_Sorted/Train/Glaucoma_Positive/589.jpg,abe6b4c1c6cf8377ffe431b1ec9c827b
ORIGA,A,116.jpg,/raid/home/students/hawky_luc/P-le-Projet-Zenkolab/datasets/sshikamaru__glaucoma-detection/ORIGA/ORIGA/Images/116.jpg,ad1490de306c3df89b61ad1757494a56
FUNDUS_SORTED,Train,116.jpg,/raid/home/students/hawky_luc/P-le-Projet-Zenkolab/datasets/sshikamaru__glaucoma-detection/Fundus_Train_Val_Data/Fundus_Scanes_Sorted/Train/Glaucoma_Positive/116.jpg,ad1490de306c3df89b61ad1757494a56
ORIGA,A,608.jpg,/raid/home/students/hawky_luc/P-le-Projet-Zenkolab/datasets/sshikamaru__glaucoma-detection/ORIGA/ORIGA/Images/608.jpg,ad7c934b50f7b7d6a898fdecd08a356a
FUNDUS_SORTED,Validation,608.jpg,/raid/home/students/hawky_luc/P-le-Projet-Zenkolab/datasets/sshikamaru__glaucoma-detection/Fundus_Train_Val_Data/Fundus_Scanes_Sorted/Validation/Glaucoma_Positive/608.jpg,ad7c934b50f7b7d6a898fdecd08a356a
ORIGA,B,118.jpg,/raid/home/students/hawky_luc/P-le-Projet-Zenkolab/datasets/sshikamaru__glaucoma-detection/ORIGA/ORIGA/Images/118.jpg,add47943e4dc09161ae4eb57d91f36ab
FUNDUS_SORTED,Train,118.jpg,/raid/home/students/hawky_luc/P-le-Projet-Zenkolab/datasets/sshikamaru__glaucoma-detection/Fundus_Train_Val_Data/Fundus_Scanes_Sorted/Train/Glaucoma_Negative/118.jpg,add47943e4dc09161ae4eb57d91f36ab
ORIGA,A,553.jpg,/raid/home/students/hawky_luc/P-le-Projet-Zenkolab/datasets/sshikamaru__glaucoma-detection/ORIGA/ORIGA/Images/553.jpg,ae509b002134eab2fe580ae572674bb8
FUNDUS_SORTED,Validation,553.jpg,/raid/home/students/hawky_luc/P-le-Projet-Zenkolab/datasets/sshikamaru__glaucoma-detection/Fundus_Train_Val_Data/Fundus_Scanes_Sorted/Validation/Glaucoma_Negative/553.jpg,ae509b002134eab2fe580ae572674bb8
FUNDUS_SORTED,Train,057.jpg,/raid/home/students/hawky_luc/P-le-Projet-Zenkolab/datasets/sshikamaru__glaucoma-detection/Fundus_Train_Val_Data/Fundus_Scanes_Sorted/Train/Glaucoma_Negative/057.jpg,ae54a0b71a614d97676030bee9582b91
ORIGA,A,057.jpg,/raid/home/students/hawky_luc/P-le-Projet-Zenkolab/datasets/sshikamaru__glaucoma-detection/ORIGA/ORIGA/Images/057.jpg,ae54a0b71a614d97676030bee9582b91
FUNDUS_SORTED,Train,174.jpg,/raid/home/students/hawky_luc/P-le-Projet-Zenkolab/datasets/sshikamaru__glaucoma-detection/Fundus_Train_Val_Data/Fundus_Scanes_Sorted/Train/Glaucoma_Negative/174.jpg,ae5b1b6c36888d28776f70fadc8c1034
ORIGA,A,174.jpg,/raid/home/students/hawky_luc/P-le-Projet-Zenkolab/datasets/sshikamaru__glaucoma-detection/ORIGA/ORIGA/Images/174.jpg,ae5b1b6c36888d28776f70fadc8c1034
ORIGA,A,633.jpg,/raid/home/students/hawky_luc/P-le-Projet-Zenkolab/datasets/sshikamaru__glaucoma-detection/ORIGA/ORIGA/Images/633.jpg,b090fd426f33a9f18fa7372e2d4f50d4
FUNDUS_SORTED,Validation,633.jpg,/raid/home/students/hawky_luc/P-le-Projet-Zenkolab/datasets/sshikamaru__glaucoma-detection/Fundus_Train_Val_Data/Fundus_Scanes_Sorted/Validation/Glaucoma_Negative/633.jpg,b090fd426f33a9f18fa7372e2d4f50d4
FUNDUS_SORTED,Validation,501.jpg,/raid/home/students/hawky_luc/P-le-Projet-Zenkolab/datasets/sshikamaru__glaucoma-detection/Fundus_Train_Val_Data/Fundus_Scanes_Sorted/Validation/Glaucoma_Negative/501.jpg,b16f3f96525e20a3262f6362004516d7
ORIGA,B,501.jpg,/raid/home/students/hawky_luc/P-le-Projet-Zenkolab/datasets/sshikamaru__glaucoma-detection/ORIGA/ORIGA/Images/501.jpg,b16f3f96525e20a3262f6362004516d7
FUNDUS_SORTED,Validation,632.jpg,/raid/home/students/hawky_luc/P-le-Projet-Zenkolab/datasets/sshikamaru__glaucoma-detection/Fundus_Train_Val_Data/Fundus_Scanes_Sorted/Validation/Glaucoma_Positive/632.jpg,b1bdb817a1cf4a1c9e415bbeac145789
ORIGA,A,632.jpg,/raid/home/students/hawky_luc/P-le-Projet-Zenkolab/datasets/sshikamaru__glaucoma-detection/ORIGA/ORIGA/Images/632.jpg,b1bdb817a1cf4a1c9e415bbeac145789
FUNDUS_SORTED,Train,311.jpg,/raid/home/students/hawky_luc/P-le-Projet-Zenkolab/datasets/sshikamaru__glaucoma-detection/Fundus_Train_Val_Data/Fundus_Scanes_Sorted/Train/Glaucoma_Negative/311.jpg,b2471f3eac35296af4029cb84d0432ab
ORIGA,B,311.jpg,/raid/home/students/hawky_luc/P-le-Projet-Zenkolab/datasets/sshikamaru__glaucoma-detection/ORIGA/ORIGA/Images/311.jpg,b2471f3eac35296af4029cb84d0432ab
ORIGA,B,157.jpg,/raid/home/students/hawky_luc/P-le-Projet-Zenkolab/datasets/sshikamaru__glaucoma-detection/ORIGA/ORIGA/Images/157.jpg,b2c2618322e90b20292a1181acaf9449
FUNDUS_SORTED,Train,157.jpg,/raid/home/students/hawky_luc/P-le-Projet-Zenkolab/datasets/sshikamaru__glaucoma-detection/Fundus_Train_Val_Data/Fundus_Scanes_Sorted/Train/Glaucoma_Negative/157.jpg,b2c2618322e90b20292a1181acaf9449
ORIGA,A,546.jpg,/raid/home/students/hawky_luc/P-le-Projet-Zenkolab/datasets/sshikamaru__glaucoma-detection/ORIGA/ORIGA/Images/546.jpg,b310029382ceec41f776f2c762bc1eb0
FUNDUS_SORTED,Validation,546.jpg,/raid/home/students/hawky_luc/P-le-Projet-Zenkolab/datasets/sshikamaru__glaucoma-detection/Fundus_Train_Val_Data/Fundus_Scanes_Sorted/Validation/Glaucoma_Negative/546.jpg,b310029382ceec41f776f2c762bc1eb0
ORIGA,A,259.jpg,/raid/home/students/hawky_luc/P-le-Projet-Zenkolab/datasets/sshikamaru__glaucoma-detection/ORIGA/ORIGA/Images/259.jpg,b3161b50248367d092b9d9d82677aa6b
FUNDUS_SORTED,Train,259.jpg,/raid/home/students/hawky_luc/P-le-Projet-Zenkolab/datasets/sshikamaru__glaucoma-detection/Fundus_Train_Val_Data/Fundus_Scanes_Sorted/Train/Glaucoma_Negative/259.jpg,b3161b50248367d092b9d9d82677aa6b
ORIGA,B,269.jpg,/raid/home/students/hawky_luc/P-le-Projet-Zenkolab/datasets/sshikamaru__glaucoma-detection/ORIGA/ORIGA/Images/269.jpg,b3863eb3c068f78398633bd08578eda4
FUNDUS_SORTED,Train,269.jpg,/raid/home/students/hawky_luc/P-le-Projet-Zenkolab/datasets/sshikamaru__glaucoma-detection/Fundus_Train_Val_Data/Fundus_Scanes_Sorted/Train/Glaucoma_Positive/269.jpg,b3863eb3c068f78398633bd08578eda4
ORIGA,B,302.jpg,/raid/home/students/hawky_luc/P-le-Projet-Zenkolab/datasets/sshikamaru__glaucoma-detection/ORIGA/ORIGA/Images/302.jpg,b38ce65e379e9f695918f85aee245e13
FUNDUS_SORTED,Train,302.jpg,/raid/home/students/hawky_luc/P-le-Projet-Zenkolab/datasets/sshikamaru__glaucoma-detection/Fundus_Train_Val_Data/Fundus_Scanes_Sorted/Train/Glaucoma_Negative/302.jpg,b38ce65e379e9f695918f85aee245e13
ORIGA,A,456.jpg,/raid/home/students/hawky_luc/P-le-Projet-Zenkolab/datasets/sshikamaru__glaucoma-detection/ORIGA/ORIGA/Images/456.jpg,b3bbb1ed00964db5b71fc12bf1242fc2
FUNDUS_SORTED,Train,456.jpg,/raid/home/students/hawky_luc/P-le-Projet-Zenkolab/datasets/sshikamaru__glaucoma-detection/Fundus_Train_Val_Data/Fundus_Scanes_Sorted/Train/Glaucoma_Negative/456.jpg,b3bbb1ed00964db5b71fc12bf1242fc2
ORIGA,A,205.jpg,/raid/home/students/hawky_luc/P-le-Projet-Zenkolab/datasets/sshikamaru__glaucoma-detection/ORIGA/ORIGA/Images/205.jpg,b3e3c3a101cdc2638c7e6781890658e3
FUNDUS_SORTED,Train,205.jpg,/raid/home/students/hawky_luc/P-le-Projet-Zenkolab/datasets/sshikamaru__glaucoma-detection/Fundus_Train_Val_Data/Fundus_Scanes_Sorted/Train/Glaucoma_Negative/205.jpg,b3e3c3a101cdc2638c7e6781890658e3
FUNDUS_SORTED,Validation,548.jpg,/raid/home/students/hawky_luc/P-le-Projet-Zenkolab/datasets/sshikamaru__glaucoma-detection/Fundus_Train_Val_Data/Fundus_Scanes_Sorted/Validation/Glaucoma_Negative/548.jpg,b4bca5bc5769d9277962bd33f47f46c5
ORIGA,A,548.jpg,/raid/home/students/hawky_luc/P-le-Projet-Zenkolab/datasets/sshikamaru__glaucoma-detection/ORIGA/ORIGA/Images/548.jpg,b4bca5bc5769d9277962bd33f47f46c5
FUNDUS_SORTED,Train,550.jpg,/raid/home/students/hawky_luc/P-le-Projet-Zenkolab/datasets/sshikamaru__glaucoma-detection/Fundus_Train_Val_Data/Fundus_Scanes_Sorted/Train/Glaucoma_Positive/550.jpg,b4e345c59b9f3c6c5a123a27461b8356
ORIGA,A,550.jpg,/raid/home/students/hawky_luc/P-le-Projet-Zenkolab/datasets/sshikamaru__glaucoma-detection/ORIGA/ORIGA/Images/550.jpg,b4e345c59b9f3c6c5a123a27461b8356
ORIGA,B,567.jpg,/raid/home/students/hawky_luc/P-le-Projet-Zenkolab/datasets/sshikamaru__glaucoma-detection/ORIGA/ORIGA/Images/567.jpg,b50c008eecd464123ca4348cacc4de56
FUNDUS_SORTED,Validation,567.jpg,/raid/home/students/hawky_luc/P-le-Projet-Zenkolab/datasets/sshikamaru__glaucoma-detection/Fundus_Train_Val_Data/Fundus_Scanes_Sorted/Validation/Glaucoma_Negative/567.jpg,b50c008eecd464123ca4348cacc4de56
FUNDUS_SORTED,Train,446.jpg,/raid/home/students/hawky_luc/P-le-Projet-Zenkolab/datasets/sshikamaru__glaucoma-detection/Fundus_Train_Val_Data/Fundus_Scanes_Sorted/Train/Glaucoma_Negative/446.jpg,b56bc8ec936bd2d15b89796915b0d7e6
ORIGA,B,446.jpg,/raid/home/students/hawky_luc/P-le-Projet-Zenkolab/datasets/sshikamaru__glaucoma-detection/ORIGA/ORIGA/Images/446.jpg,b56bc8ec936bd2d15b89796915b0d7e6
ORIGA,A,469.jpg,/raid/home/students/hawky_luc/P-le-Projet-Zenkolab/datasets/sshikamaru__glaucoma-detection/ORIGA/ORIGA/Images/469.jpg,b5785d1e044793641c870fda7472149f
FUNDUS_SORTED,Train,469.jpg,/raid/home/students/hawky_luc/P-le-Projet-Zenkolab/datasets/sshikamaru__glaucoma-detection/Fundus_Train_Val_Data/Fundus_Scanes_Sorted/Train/Glaucoma_Negative/469.jpg,b5785d1e044793641c870fda7472149f
FUNDUS_SORTED,Train,173.jpg,/raid/home/students/hawky_luc/P-le-Projet-Zenkolab/datasets/sshikamaru__glaucoma-detection/Fundus_Train_Val_Data/Fundus_Scanes_Sorted/Train/Glaucoma_Negative/173.jpg,b57e32594204f59d9939738b86d8dc98
ORIGA,A,173.jpg,/raid/home/students/hawky_luc/P-le-Projet-Zenkolab/datasets/sshikamaru__glaucoma-detection/ORIGA/ORIGA/Images/173.jpg,b57e32594204f59d9939738b86d8dc98
ORIGA,A,368.jpg,/raid/home/students/hawky_luc/P-le-Projet-Zenkolab/datasets/sshikamaru__glaucoma-detection/ORIGA/ORIGA/Images/368.jpg,b5d4ae67a3502bd30050b2a5cd5557bc
FUNDUS_SORTED,Train,368.jpg,/raid/home/students/hawky_luc/P-le-Projet-Zenkolab/datasets/sshikamaru__glaucoma-detection/Fundus_Train_Val_Data/Fundus_Scanes_Sorted/Train/Glaucoma_Negative/368.jpg,b5d4ae67a3502bd30050b2a5cd5557bc
ORIGA,A,298.jpg,/raid/home/students/hawky_luc/P-le-Projet-Zenkolab/datasets/sshikamaru__glaucoma-detection/ORIGA/ORIGA/Images/298.jpg,b70121c412c44e36d30d6d1df2354940
FUNDUS_SORTED,Train,298.jpg,/raid/home/students/hawky_luc/P-le-Projet-Zenkolab/datasets/sshikamaru__glaucoma-detection/Fundus_Train_Val_Data/Fundus_Scanes_Sorted/Train/Glaucoma_Negative/298.jpg,b70121c412c44e36d30d6d1df2354940
FUNDUS_SORTED,Train,477.jpg,/raid/home/students/hawky_luc/P-le-Projet-Zenkolab/datasets/sshikamaru__glaucoma-detection/Fundus_Train_Val_Data/Fundus_Scanes_Sorted/Train/Glaucoma_Negative/477.jpg,b733c12ce557f05705e5fa328771d68e
ORIGA,B,477.jpg,/raid/home/students/hawky_luc/P-le-Projet-Zenkolab/datasets/sshikamaru__glaucoma-detection/ORIGA/ORIGA/Images/477.jpg,b733c12ce557f05705e5fa328771d68e
ORIGA,B,333.jpg,/raid/home/students/hawky_luc/P-le-Projet-Zenkolab/datasets/sshikamaru__glaucoma-detection/ORIGA/ORIGA/Images/333.jpg,b74440f0c7e194d398cbe85c869b8e56
FUNDUS_SORTED,Train,333.jpg,/raid/home/students/hawky_luc/P-le-Projet-Zenkolab/datasets/sshikamaru__glaucoma-detection/Fundus_Train_Val_Data/Fundus_Scanes_Sorted/Train/Glaucoma_Negative/333.jpg,b74440f0c7e194d398cbe85c869b8e56
ORIGA,B,109.jpg,/raid/home/students/hawky_luc/P-le-Projet-Zenkolab/datasets/sshikamaru__glaucoma-detection/ORIGA/ORIGA/Images/109.jpg,b75a9f99387a7a6beee2443dd6ec8153
FUNDUS_SORTED,Train,109.jpg,/raid/home/students/hawky_luc/P-le-Projet-Zenkolab/datasets/sshikamaru__glaucoma-detection/Fundus_Train_Val_Data/Fundus_Scanes_Sorted/Train/Glaucoma_Negative/109.jpg,b75a9f99387a7a6beee2443dd6ec8153
ORIGA,A,158.jpg,/raid/home/students/hawky_luc/P-le-Projet-Zenkolab/datasets/sshikamaru__glaucoma-detection/ORIGA/ORIGA/Images/158.jpg,b7a936c68dd2ddeac611ff9c0cc410d2
FUNDUS_SORTED,Train,158.jpg,/raid/home/students/hawky_luc/P-le-Projet-Zenkolab/datasets/sshikamaru__glaucoma-detection/Fundus_Train_Val_Data/Fundus_Scanes_Sorted/Train/Glaucoma_Positive/158.jpg,b7a936c68dd2ddeac611ff9c0cc410d2
FUNDUS_SORTED,Validation,535.jpg,/raid/home/students/hawky_luc/P-le-Projet-Zenkolab/datasets/sshikamaru__glaucoma-detection/Fundus_Train_Val_Data/Fundus_Scanes_Sorted/Validation/Glaucoma_Negative/535.jpg,b80a3d02169d1d228249c4701b2a3550
ORIGA,B,535.jpg,/raid/home/students/hawky_luc/P-le-Projet-Zenkolab/datasets/sshikamaru__glaucoma-detection/ORIGA/ORIGA/Images/535.jpg,b80a3d02169d1d228249c4701b2a3550
ORIGA,A,612.jpg,/raid/home/students/hawky_luc/P-le-Projet-Zenkolab/datasets/sshikamaru__glaucoma-detection/ORIGA/ORIGA/Images/612.jpg,b8141c45cdecb57e7219863ba87917ec
FUNDUS_SORTED,Validation,612.jpg,/raid/home/students/hawky_luc/P-le-Projet-Zenkolab/datasets/sshikamaru__glaucoma-detection/Fundus_Train_Val_Data/Fundus_Scanes_Sorted/Validation/Glaucoma_Positive/612.jpg,b8141c45cdecb57e7219863ba87917ec
ORIGA,A,551.jpg,/raid/home/students/hawky_luc/P-le-Projet-Zenkolab/datasets/sshikamaru__glaucoma-detection/ORIGA/ORIGA/Images/551.jpg,b81d697d5dc5d1487ba3e5012477eb2c
FUNDUS_SORTED,Validation,551.jpg,/raid/home/students/hawky_luc/P-le-Projet-Zenkolab/datasets/sshikamaru__glaucoma-detection/Fundus_Train_Val_Data/Fundus_Scanes_Sorted/Validation/Glaucoma_Negative/551.jpg,b81d697d5dc5d1487ba3e5012477eb2c
FUNDUS_SORTED,Train,159.jpg,/raid/home/students/hawky_luc/P-le-Projet-Zenkolab/datasets/sshikamaru__glaucoma-detection/Fundus_Train_Val_Data/Fundus_Scanes_Sorted/Train/Glaucoma_Positive/159.jpg,b8466fa6c6ad2e208c5df4e383db3897
ORIGA,A,159.jpg,/raid/home/students/hawky_luc/P-le-Projet-Zenkolab/datasets/sshikamaru__glaucoma-detection/ORIGA/ORIGA/Images/159.jpg,b8466fa6c6ad2e208c5df4e383db3897
FUNDUS_SORTED,Train,019.jpg,/raid/home/students/hawky_luc/P-le-Projet-Zenkolab/datasets/sshikamaru__glaucoma-detection/Fundus_Train_Val_Data/Fundus_Scanes_Sorted/Train/Glaucoma_Negative/019.jpg,b89c1fe953aedd166505ce931256ec85
ORIGA,A,019.jpg,/raid/home/students/hawky_luc/P-le-Projet-Zenkolab/datasets/sshikamaru__glaucoma-detection/ORIGA/ORIGA/Images/019.jpg,b89c1fe953aedd166505ce931256ec85
ORIGA,A,424.jpg,/raid/home/students/hawky_luc/P-le-Projet-Zenkolab/datasets/sshikamaru__glaucoma-detection/ORIGA/ORIGA/Images/424.jpg,b91f296c2a8f7b51ca66de5a10b4cf23
FUNDUS_SORTED,Train,424.jpg,/raid/home/students/hawky_luc/P-le-Projet-Zenkolab/datasets/sshikamaru__glaucoma-detection/Fundus_Train_Val_Data/Fundus_Scanes_Sorted/Train/Glaucoma_Positive/424.jpg,b91f296c2a8f7b51ca66de5a10b4cf23
FUNDUS_SORTED,Train,028.jpg,/raid/home/students/hawky_luc/P-le-Projet-Zenkolab/datasets/sshikamaru__glaucoma-detection/Fundus_Train_Val_Data/Fundus_Scanes_Sorted/Train/Glaucoma_Negative/028.jpg,ba9b1617a6d0c44331514a66645737e6
ORIGA,A,028.jpg,/raid/home/students/hawky_luc/P-le-Projet-Zenkolab/datasets/sshikamaru__glaucoma-detection/ORIGA/ORIGA/Images/028.jpg,ba9b1617a6d0c44331514a66645737e6
FUNDUS_SORTED,Validation,583.jpg,/raid/home/students/hawky_luc/P-le-Projet-Zenkolab/datasets/sshikamaru__glaucoma-detection/Fundus_Train_Val_Data/Fundus_Scanes_Sorted/Validation/Glaucoma_Negative/583.jpg,babe1e5070dfb12de86c118cf5107bb8
ORIGA,A,583.jpg,/raid/home/students/hawky_luc/P-le-Projet-Zenkolab/datasets/sshikamaru__glaucoma-detection/ORIGA/ORIGA/Images/583.jpg,babe1e5070dfb12de86c118cf5107bb8
ORIGA,B,428.jpg,/raid/home/students/hawky_luc/P-le-Projet-Zenkolab/datasets/sshikamaru__glaucoma-detection/ORIGA/ORIGA/Images/428.jpg,bb7dbe1b075d25ea436d723beacc5157
FUNDUS_SORTED,Train,428.jpg,/raid/home/students/hawky_luc/P-le-Projet-Zenkolab/datasets/sshikamaru__glaucoma-detection/Fundus_Train_Val_Data/Fundus_Scanes_Sorted/Train/Glaucoma_Negative/428.jpg,bb7dbe1b075d25ea436d723beacc5157
FUNDUS_SORTED,Train,432.jpg,/raid/home/students/hawky_luc/P-le-Projet-Zenkolab/datasets/sshikamaru__glaucoma-detection/Fundus_Train_Val_Data/Fundus_Scanes_Sorted/Train/Glaucoma_Positive/432.jpg,bbde3c6eaa7937f99aab16696b820660
ORIGA,A,432.jpg,/raid/home/students/hawky_luc/P-le-Projet-Zenkolab/datasets/sshikamaru__glaucoma-detection/ORIGA/ORIGA/Images/432.jpg,bbde3c6eaa7937f99aab16696b820660
FUNDUS_SORTED,Train,571.jpg,/raid/home/students/hawky_luc/P-le-Projet-Zenkolab/datasets/sshikamaru__glaucoma-detection/Fundus_Train_Val_Data/Fundus_Scanes_Sorted/Train/Glaucoma_Positive/571.jpg,bc30360eb341a85796fa978ef0142584
ORIGA,B,571.jpg,/raid/home/students/hawky_luc/P-le-Projet-Zenkolab/datasets/sshikamaru__glaucoma-detection/ORIGA/ORIGA/Images/571.jpg,bc30360eb341a85796fa978ef0142584
FUNDUS_SORTED,Train,289.jpg,/raid/home/students/hawky_luc/P-le-Projet-Zenkolab/datasets/sshikamaru__glaucoma-detection/Fundus_Train_Val_Data/Fundus_Scanes_Sorted/Train/Glaucoma_Positive/289.jpg,bc3d5b5628c7ac1954dab9b8aa3fb0df
ORIGA,A,289.jpg,/raid/home/students/hawky_luc/P-le-Projet-Zenkolab/datasets/sshikamaru__glaucoma-detection/ORIGA/ORIGA/Images/289.jpg,bc3d5b5628c7ac1954dab9b8aa3fb0df
FUNDUS_SORTED,Train,074.jpg,/raid/home/students/hawky_luc/P-le-Projet-Zenkolab/datasets/sshikamaru__glaucoma-detection/Fundus_Train_Val_Data/Fundus_Scanes_Sorted/Train/Glaucoma_Negative/074.jpg,bd2349dbfa47959e2567887116edd2a3
ORIGA,A,074.jpg,/raid/home/students/hawky_luc/P-le-Projet-Zenkolab/datasets/sshikamaru__glaucoma-detection/ORIGA/ORIGA/Images/074.jpg,bd2349dbfa47959e2567887116edd2a3
ORIGA,A,564.jpg,/raid/home/students/hawky_luc/P-le-Projet-Zenkolab/datasets/sshikamaru__glaucoma-detection/ORIGA/ORIGA/Images/564.jpg,bd9198a1c36e7e13b51f3774813f33ef
FUNDUS_SORTED,Validation,564.jpg,/raid/home/students/hawky_luc/P-le-Projet-Zenkolab/datasets/sshikamaru__glaucoma-detection/Fundus_Train_Val_Data/Fundus_Scanes_Sorted/Validation/Glaucoma_Negative/564.jpg,bd9198a1c36e7e13b51f3774813f33ef
FUNDUS_SORTED,Validation,570.jpg,/raid/home/students/hawky_luc/P-le-Projet-Zenkolab/datasets/sshikamaru__glaucoma-detection/Fundus_Train_Val_Data/Fundus_Scanes_Sorted/Validation/Glaucoma_Negative/570.jpg,bdc675cea969c7114d44db652a8cf9f3
ORIGA,B,570.jpg,/raid/home/students/hawky_luc/P-le-Projet-Zenkolab/datasets/sshikamaru__glaucoma-detection/ORIGA/ORIGA/Images/570.jpg,bdc675cea969c7114d44db652a8cf9f3
ORIGA,B,141.jpg,/raid/home/students/hawky_luc/P-le-Projet-Zenkolab/datasets/sshikamaru__glaucoma-detection/ORIGA/ORIGA/Images/141.jpg,bdd61cf9dbde397eb956c6259d46f95c
FUNDUS_SORTED,Train,141.jpg,/raid/home/students/hawky_luc/P-le-Projet-Zenkolab/datasets/sshikamaru__glaucoma-detection/Fundus_Train_Val_Data/Fundus_Scanes_Sorted/Train/Glaucoma_Negative/141.jpg,bdd61cf9dbde397eb956c6259d46f95c
ORIGA,A,124.jpg,/raid/home/students/hawky_luc/P-le-Projet-Zenkolab/datasets/sshikamaru__glaucoma-detection/ORIGA/ORIGA/Images/124.jpg,bdf287a3233c93a483b083c4ec613822
FUNDUS_SORTED,Train,124.jpg,/raid/home/students/hawky_luc/P-le-Projet-Zenkolab/datasets/sshikamaru__glaucoma-detection/Fundus_Train_Val_Data/Fundus_Scanes_Sorted/Train/Glaucoma_Negative/124.jpg,bdf287a3233c93a483b083c4ec613822
ORIGA,B,402.jpg,/raid/home/students/hawky_luc/P-le-Projet-Zenkolab/datasets/sshikamaru__glaucoma-detection/ORIGA/ORIGA/Images/402.jpg,bdfcee56bacf19990289f9d90dc0f2a5
FUNDUS_SORTED,Train,402.jpg,/raid/home/students/hawky_luc/P-le-Projet-Zenkolab/datasets/sshikamaru__glaucoma-detection/Fundus_Train_Val_Data/Fundus_Scanes_Sorted/Train/Glaucoma_Positive/402.jpg,bdfcee56bacf19990289f9d90dc0f2a5
ORIGA,A,385.jpg,/raid/home/students/hawky_luc/P-le-Projet-Zenkolab/datasets/sshikamaru__glaucoma-detection/ORIGA/ORIGA/Images/385.jpg,bfa81fb84ea24ec4f81d1a1f1ebdc618
FUNDUS_SORTED,Train,385.jpg,/raid/home/students/hawky_luc/P-le-Projet-Zenkolab/datasets/sshikamaru__glaucoma-detection/Fundus_Train_Val_Data/Fundus_Scanes_Sorted/Train/Glaucoma_Positive/385.jpg,bfa81fb84ea24ec4f81d1a1f1ebdc618
FUNDUS_SORTED,Validation,565.jpg,/raid/home/students/hawky_luc/P-le-Projet-Zenkolab/datasets/sshikamaru__glaucoma-detection/Fundus_Train_Val_Data/Fundus_Scanes_Sorted/Validation/Glaucoma_Negative/565.jpg,c12b6e46ef91ebdeb391f908a6d7c356
ORIGA,A,565.jpg,/raid/home/students/hawky_luc/P-le-Projet-Zenkolab/datasets/sshikamaru__glaucoma-detection/ORIGA/ORIGA/Images/565.jpg,c12b6e46ef91ebdeb391f908a6d7c356
FUNDUS_SORTED,Validation,581.jpg,/raid/home/students/hawky_luc/P-le-Projet-Zenkolab/datasets/sshikamaru__glaucoma-detection/Fundus_Train_Val_Data/Fundus_Scanes_Sorted/Validation/Glaucoma_Negative/581.jpg,c140665c4d75ad0754f3e07f345d6f24
ORIGA,B,581.jpg,/raid/home/students/hawky_luc/P-le-Projet-Zenkolab/datasets/sshikamaru__glaucoma-detection/ORIGA/ORIGA/Images/581.jpg,c140665c4d75ad0754f3e07f345d6f24
FUNDUS_SORTED,Train,209.jpg,/raid/home/students/hawky_luc/P-le-Projet-Zenkolab/datasets/sshikamaru__glaucoma-detection/Fundus_Train_Val_Data/Fundus_Scanes_Sorted/Train/Glaucoma_Negative/209.jpg,c1d2dfcc46c4e24e5fe495c2d029532e
ORIGA,B,209.jpg,/raid/home/students/hawky_luc/P-le-Projet-Zenkolab/datasets/sshikamaru__glaucoma-detection/ORIGA/ORIGA/Images/209.jpg,c1d2dfcc46c4e24e5fe495c2d029532e
ORIGA,B,328.jpg,/raid/home/students/hawky_luc/P-le-Projet-Zenkolab/datasets/sshikamaru__glaucoma-detection/ORIGA/ORIGA/Images/328.jpg,c203dc4dd70d237c9aacea1abd4a1888
FUNDUS_SORTED,Train,328.jpg,/raid/home/students/hawky_luc/P-le-Projet-Zenkolab/datasets/sshikamaru__glaucoma-detection/Fundus_Train_Val_Data/Fundus_Scanes_Sorted/Train/Glaucoma_Negative/328.jpg,c203dc4dd70d237c9aacea1abd4a1888
FUNDUS_SORTED,Train,344.jpg,/raid/home/students/hawky_luc/P-le-Projet-Zenkolab/datasets/sshikamaru__glaucoma-detection/Fundus_Train_Val_Data/Fundus_Scanes_Sorted/Train/Glaucoma_Negative/344.jpg,c20e19384dbcde26a904106fe0c18c5a
ORIGA,A,344.jpg,/raid/home/students/hawky_luc/P-le-Projet-Zenkolab/datasets/sshikamaru__glaucoma-detection/ORIGA/ORIGA/Images/344.jpg,c20e19384dbcde26a904106fe0c18c5a
FUNDUS_SORTED,Validation,630.jpg,/raid/home/students/hawky_luc/P-le-Projet-Zenkolab/datasets/sshikamaru__glaucoma-detection/Fundus_Train_Val_Data/Fundus_Scanes_Sorted/Validation/Glaucoma_Positive/630.jpg,c36a44db549be4bf6717a6e94df225c0
ORIGA,B,630.jpg,/raid/home/students/hawky_luc/P-le-Projet-Zenkolab/datasets/sshikamaru__glaucoma-detection/ORIGA/ORIGA/Images/630.jpg,c36a44db549be4bf6717a6e94df225c0
ORIGA,B,590.jpg,/raid/home/students/hawky_luc/P-le-Projet-Zenkolab/datasets/sshikamaru__glaucoma-detection/ORIGA/ORIGA/Images/590.jpg,c37a0d53744e29af6cae4a1a6fcc1513
FUNDUS_SORTED,Validation,590.jpg,/raid/home/students/hawky_luc/P-le-Projet-Zenkolab/datasets/sshikamaru__glaucoma-detection/Fundus_Train_Val_Data/Fundus_Scanes_Sorted/Validation/Glaucoma_Negative/590.jpg,c37a0d53744e29af6cae4a1a6fcc1513
FUNDUS_SORTED,Validation,621.jpg,/raid/home/students/hawky_luc/P-le-Projet-Zenkolab/datasets/sshikamaru__glaucoma-detection/Fundus_Train_Val_Data/Fundus_Scanes_Sorted/Validation/Glaucoma_Positive/621.jpg,c3a74ba025a344e8884f62254478bf8b
ORIGA,B,621.jpg,/raid/home/students/hawky_luc/P-le-Projet-Zenkolab/datasets/sshikamaru__glaucoma-detection/ORIGA/ORIGA/Images/621.jpg,c3a74ba025a344e8884f62254478bf8b
ORIGA,A,634.jpg,/raid/home/students/hawky_luc/P-le-Projet-Zenkolab/datasets/sshikamaru__glaucoma-detection/ORIGA/ORIGA/Images/634.jpg,c44cd290e106d6b33aefc599fa2530ec
FUNDUS_SORTED,Validation,634.jpg,/raid/home/students/hawky_luc/P-le-Projet-Zenkolab/datasets/sshikamaru__glaucoma-detection/Fundus_Train_Val_Data/Fundus_Scanes_Sorted/Validation/Glaucoma_Positive/634.jpg,c44cd290e106d6b33aefc599fa2530ec
ORIGA,A,545.jpg,/raid/home/students/hawky_luc/P-le-Projet-Zenkolab/datasets/sshikamaru__glaucoma-detection/ORIGA/ORIGA/Images/545.jpg,c4721fc6d2b04776e0baa96d41176a5a
FUNDUS_SORTED,Train,545.jpg,/raid/home/students/hawky_luc/P-le-Projet-Zenkolab/datasets/sshikamaru__glaucoma-detection/Fundus_Train_Val_Data/Fundus_Scanes_Sorted/Train/Glaucoma_Positive/545.jpg,c4721fc6d2b04776e0baa96d41176a5a
ORIGA,A,476.jpg,/raid/home/students/hawky_luc/P-le-Projet-Zenkolab/datasets/sshikamaru__glaucoma-detection/ORIGA/ORIGA/Images/476.jpg,c4a89b2c73b59b176528630db697ecbc
FUNDUS_SORTED,Train,476.jpg,/raid/home/students/hawky_luc/P-le-Projet-Zenkolab/datasets/sshikamaru__glaucoma-detection/Fundus_Train_Val_Data/Fundus_Scanes_Sorted/Train/Glaucoma_Negative/476.jpg,c4a89b2c73b59b176528630db697ecbc
ORIGA,B,101.jpg,/raid/home/students/hawky_luc/P-le-Projet-Zenkolab/datasets/sshikamaru__glaucoma-detection/ORIGA/ORIGA/Images/101.jpg,c514367a7c5ece4d07a5bffd67e2dac0
FUNDUS_SORTED,Train,101.jpg,/raid/home/students/hawky_luc/P-le-Projet-Zenkolab/datasets/sshikamaru__glaucoma-detection/Fundus_Train_Val_Data/Fundus_Scanes_Sorted/Train/Glaucoma_Negative/101.jpg,c514367a7c5ece4d07a5bffd67e2dac0
FUNDUS_SORTED,Train,071.jpg,/raid/home/students/hawky_luc/P-le-Projet-Zenkolab/datasets/sshikamaru__glaucoma-detection/Fundus_Train_Val_Data/Fundus_Scanes_Sorted/Train/Glaucoma_Negative/071.jpg,c6010e5beb913842fa04c30322f22aa5
ORIGA,B,071.jpg,/raid/home/students/hawky_luc/P-le-Projet-Zenkolab/datasets/sshikamaru__glaucoma-detection/ORIGA/ORIGA/Images/071.jpg,c6010e5beb913842fa04c30322f22aa5
FUNDUS_SORTED,Train,239.jpg,/raid/home/students/hawky_luc/P-le-Projet-Zenkolab/datasets/sshikamaru__glaucoma-detection/Fundus_Train_Val_Data/Fundus_Scanes_Sorted/Train/Glaucoma_Negative/239.jpg,c61b0d64a2f57e06d4342796e08f3be9
ORIGA,B,239.jpg,/raid/home/students/hawky_luc/P-le-Projet-Zenkolab/datasets/sshikamaru__glaucoma-detection/ORIGA/ORIGA/Images/239.jpg,c61b0d64a2f57e06d4342796e08f3be9
FUNDUS_SORTED,Train,453.jpg,/raid/home/students/hawky_luc/P-le-Projet-Zenkolab/datasets/sshikamaru__glaucoma-detection/Fundus_Train_Val_Data/Fundus_Scanes_Sorted/Train/Glaucoma_Negative/453.jpg,c6a204b2aa3e27d71fd6971f1bb04a59
ORIGA,A,453.jpg,/raid/home/students/hawky_luc/P-le-Projet-Zenkolab/datasets/sshikamaru__glaucoma-detection/ORIGA/ORIGA/Images/453.jpg,c6a204b2aa3e27d71fd6971f1bb04a59
ORIGA,B,232.jpg,/raid/home/students/hawky_luc/P-le-Projet-Zenkolab/datasets/sshikamaru__glaucoma-detection/ORIGA/ORIGA/Images/232.jpg,c7b431019dd9b22c4ba1e4d86c8733e8
FUNDUS_SORTED,Train,232.jpg,/raid/home/students/hawky_luc/P-le-Projet-Zenkolab/datasets/sshikamaru__glaucoma-detection/Fundus_Train_Val_Data/Fundus_Scanes_Sorted/Train/Glaucoma_Negative/232.jpg,c7b431019dd9b22c4ba1e4d86c8733e8
ORIGA,B,613.jpg,/raid/home/students/hawky_luc/P-le-Projet-Zenkolab/datasets/sshikamaru__glaucoma-detection/ORIGA/ORIGA/Images/613.jpg,c80ac00e9af1fd03e661ee8aa08d5edd
FUNDUS_SORTED,Validation,613.jpg,/raid/home/students/hawky_luc/P-le-Projet-Zenkolab/datasets/sshikamaru__glaucoma-detection/Fundus_Train_Val_Data/Fundus_Scanes_Sorted/Validation/Glaucoma_Positive/613.jpg,c80ac00e9af1fd03e661ee8aa08d5edd
ORIGA,B,182.jpg,/raid/home/students/hawky_luc/P-le-Projet-Zenkolab/datasets/sshikamaru__glaucoma-detection/ORIGA/ORIGA/Images/182.jpg,c827f83b9c20704897c5162e162fb38e
FUNDUS_SORTED,Train,182.jpg,/raid/home/students/hawky_luc/P-le-Projet-Zenkolab/datasets/sshikamaru__glaucoma-detection/Fundus_Train_Val_Data/Fundus_Scanes_Sorted/Train/Glaucoma_Positive/182.jpg,c827f83b9c20704897c5162e162fb38e
FUNDUS_SORTED,Validation,587.jpg,/raid/home/students/hawky_luc/P-le-Projet-Zenkolab/datasets/sshikamaru__glaucoma-detection/Fundus_Train_Val_Data/Fundus_Scanes_Sorted/Validation/Glaucoma_Negative/587.jpg,c93b0bd2cd2012bb6df60a40f279f9a0
ORIGA,A,587.jpg,/raid/home/students/hawky_luc/P-le-Projet-Zenkolab/datasets/sshikamaru__glaucoma-detection/ORIGA/ORIGA/Images/587.jpg,c93b0bd2cd2012bb6df60a40f279f9a0
FUNDUS_SORTED,Validation,619.jpg,/raid/home/students/hawky_luc/P-le-Projet-Zenkolab/datasets/sshikamaru__glaucoma-detection/Fundus_Train_Val_Data/Fundus_Scanes_Sorted/Validation/Glaucoma_Positive/619.jpg,c9728aa4bdea32a25b69aa905da29230
ORIGA,A,619.jpg,/raid/home/students/hawky_luc/P-le-Projet-Zenkolab/datasets/sshikamaru__glaucoma-detection/ORIGA/ORIGA/Images/619.jpg,c9728aa4bdea32a25b69aa905da29230
FUNDUS_SORTED,Validation,643.jpg,/raid/home/students/hawky_luc/P-le-Projet-Zenkolab/datasets/sshikamaru__glaucoma-detection/Fundus_Train_Val_Data/Fundus_Scanes_Sorted/Validation/Glaucoma_Negative/643.jpg,c9776f176398769fa0401d8483c18535
ORIGA,B,643.jpg,/raid/home/students/hawky_luc/P-le-Projet-Zenkolab/datasets/sshikamaru__glaucoma-detection/ORIGA/ORIGA/Images/643.jpg,c9776f176398769fa0401d8483c18535
FUNDUS_SORTED,Train,061.jpg,/raid/home/students/hawky_luc/P-le-Projet-Zenkolab/datasets/sshikamaru__glaucoma-detection/Fundus_Train_Val_Data/Fundus_Scanes_Sorted/Train/Glaucoma_Negative/061.jpg,ca0071cbbd87a31b3508f319dac4884b
ORIGA,A,061.jpg,/raid/home/students/hawky_luc/P-le-Projet-Zenkolab/datasets/sshikamaru__glaucoma-detection/ORIGA/ORIGA/Images/061.jpg,ca0071cbbd87a31b3508f319dac4884b
ORIGA,A,647.jpg,/raid/home/students/hawky_luc/P-le-Projet-Zenkolab/datasets/sshikamaru__glaucoma-detection/ORIGA/ORIGA/Images/647.jpg,ca4db958158eb6c078fcba6c99af0179
FUNDUS_SORTED,Validation,647.jpg,/raid/home/students/hawky_luc/P-le-Projet-Zenkolab/datasets/sshikamaru__glaucoma-detection/Fundus_Train_Val_Data/Fundus_Scanes_Sorted/Validation/Glaucoma_Positive/647.jpg,ca4db958158eb6c078fcba6c99af0179
FUNDUS_SORTED,Validation,495.jpg,/raid/home/students/hawky_luc/P-le-Projet-Zenkolab/datasets/sshikamaru__glaucoma-detection/Fundus_Train_Val_Data/Fundus_Scanes_Sorted/Validation/Glaucoma_Negative/495.jpg,cb690b7ab6be017e20be754012e13c48
ORIGA,A,495.jpg,/raid/home/students/hawky_luc/P-le-Projet-Zenkolab/datasets/sshikamaru__glaucoma-detection/ORIGA/ORIGA/Images/495.jpg,cb690b7ab6be017e20be754012e13c48
FUNDUS_SORTED,Validation,485.jpg,/raid/home/students/hawky_luc/P-le-Projet-Zenkolab/datasets/sshikamaru__glaucoma-detection/Fundus_Train_Val_Data/Fundus_Scanes_Sorted/Validation/Glaucoma_Negative/485.jpg,cbc8445e23f07ccd149399ca4841bd4e
ORIGA,B,485.jpg,/raid/home/students/hawky_luc/P-le-Projet-Zenkolab/datasets/sshikamaru__glaucoma-detection/ORIGA/ORIGA/Images/485.jpg,cbc8445e23f07ccd149399ca4841bd4e
ORIGA,A,070.jpg,/raid/home/students/hawky_luc/P-le-Projet-Zenkolab/datasets/sshikamaru__glaucoma-detection/ORIGA/ORIGA/Images/070.jpg,cc142445ea78a147a5d702c711e54aaf
FUNDUS_SORTED,Train,070.jpg,/raid/home/students/hawky_luc/P-le-Projet-Zenkolab/datasets/sshikamaru__glaucoma-detection/Fundus_Train_Val_Data/Fundus_Scanes_Sorted/Train/Glaucoma_Negative/070.jpg,cc142445ea78a147a5d702c711e54aaf
ORIGA,A,365.jpg,/raid/home/students/hawky_luc/P-le-Projet-Zenkolab/datasets/sshikamaru__glaucoma-detection/ORIGA/ORIGA/Images/365.jpg,cd0c50f6aa4271161bf4d36987a78890
FUNDUS_SORTED,Train,365.jpg,/raid/home/students/hawky_luc/P-le-Projet-Zenkolab/datasets/sshikamaru__glaucoma-detection/Fundus_Train_Val_Data/Fundus_Scanes_Sorted/Train/Glaucoma_Negative/365.jpg,cd0c50f6aa4271161bf4d36987a78890
ORIGA,A,515.jpg,/raid/home/students/hawky_luc/P-le-Projet-Zenkolab/datasets/sshikamaru__glaucoma-detection/ORIGA/ORIGA/Images/515.jpg,cd49d74ac18d1b6928d1c4ba1d88d0c5
FUNDUS_SORTED,Train,515.jpg,/raid/home/students/hawky_luc/P-le-Projet-Zenkolab/datasets/sshikamaru__glaucoma-detection/Fundus_Train_Val_Data/Fundus_Scanes_Sorted/Train/Glaucoma_Positive/515.jpg,cd49d74ac18d1b6928d1c4ba1d88d0c5
ORIGA,A,331.jpg,/raid/home/students/hawky_luc/P-le-Projet-Zenkolab/datasets/sshikamaru__glaucoma-detection/ORIGA/ORIGA/Images/331.jpg,cdcd93ab67b4d75069ba1ca9f1c7e131
FUNDUS_SORTED,Train,331.jpg,/raid/home/students/hawky_luc/P-le-Projet-Zenkolab/datasets/sshikamaru__glaucoma-detection/Fundus_Train_Val_Data/Fundus_Scanes_Sorted/Train/Glaucoma_Negative/331.jpg,cdcd93ab67b4d75069ba1ca9f1c7e131
ORIGA,B,231.jpg,/raid/home/students/hawky_luc/P-le-Projet-Zenkolab/datasets/sshikamaru__glaucoma-detection/ORIGA/ORIGA/Images/231.jpg,cde4549cf6eac7ab89e0238d39c5bb62
FUNDUS_SORTED,Train,231.jpg,/raid/home/students/hawky_luc/P-le-Projet-Zenkolab/datasets/sshikamaru__glaucoma-detection/Fundus_Train_Val_Data/Fundus_Scanes_Sorted/Train/Glaucoma_Negative/231.jpg,cde4549cf6eac7ab89e0238d39c5bb62
ORIGA,B,167.jpg,/raid/home/students/hawky_luc/P-le-Projet-Zenkolab/datasets/sshikamaru__glaucoma-detection/ORIGA/ORIGA/Images/167.jpg,ce4db922bac9a1158dc8f2ba2f286925
FUNDUS_SORTED,Train,167.jpg,/raid/home/students/hawky_luc/P-le-Projet-Zenkolab/datasets/sshikamaru__glaucoma-detection/Fundus_Train_Val_Data/Fundus_Scanes_Sorted/Train/Glaucoma_Negative/167.jpg,ce4db922bac9a1158dc8f2ba2f286925
ORIGA,A,082.jpg,/raid/home/students/hawky_luc/P-le-Projet-Zenkolab/datasets/sshikamaru__glaucoma-detection/ORIGA/ORIGA/Images/082.jpg,cece5863326d2fa7f88f7a20ca3f2ba7
FUNDUS_SORTED,Train,082.jpg,/raid/home/students/hawky_luc/P-le-Projet-Zenkolab/datasets/sshikamaru__glaucoma-detection/Fundus_Train_Val_Data/Fundus_Scanes_Sorted/Train/Glaucoma_Negative/082.jpg,cece5863326d2fa7f88f7a20ca3f2ba7
FUNDUS_SORTED,Train,474.jpg,/raid/home/students/hawky_luc/P-le-Projet-Zenkolab/datasets/sshikamaru__glaucoma-detection/Fundus_Train_Val_Data/Fundus_Scanes_Sorted/Train/Glaucoma_Positive/474.jpg,cf012a69385f5fe66cfe6b5cb1978d8a
ORIGA,A,474.jpg,/raid/home/students/hawky_luc/P-le-Projet-Zenkolab/datasets/sshikamaru__glaucoma-detection/ORIGA/ORIGA/Images/474.jpg,cf012a69385f5fe66cfe6b5cb1978d8a
FUNDUS_SORTED,Train,225.jpg,/raid/home/students/hawky_luc/P-le-Projet-Zenkolab/datasets/sshikamaru__glaucoma-detection/Fundus_Train_Val_Data/Fundus_Scanes_Sorted/Train/Glaucoma_Positive/225.jpg,cf18a03610fdab6cb9bfe860204ee248
ORIGA,A,225.jpg,/raid/home/students/hawky_luc/P-le-Projet-Zenkolab/datasets/sshikamaru__glaucoma-detection/ORIGA/ORIGA/Images/225.jpg,cf18a03610fdab6cb9bfe860204ee248
ORIGA,A,645.jpg,/raid/home/students/hawky_luc/P-le-Projet-Zenkolab/datasets/sshikamaru__glaucoma-detection/ORIGA/ORIGA/Images/645.jpg,cfa4af1cad3545466a24a6ce31efa74d
FUNDUS_SORTED,Validation,645.jpg,/raid/home/students/hawky_luc/P-le-Projet-Zenkolab/datasets/sshikamaru__glaucoma-detection/Fundus_Train_Val_Data/Fundus_Scanes_Sorted/Validation/Glaucoma_Positive/645.jpg,cfa4af1cad3545466a24a6ce31efa74d
ORIGA,A,607.jpg,/raid/home/students/hawky_luc/P-le-Projet-Zenkolab/datasets/sshikamaru__glaucoma-detection/ORIGA/ORIGA/Images/607.jpg,cfb3747e2ce1a844815f53151365b970
FUNDUS_SORTED,Validation,607.jpg,/raid/home/students/hawky_luc/P-le-Projet-Zenkolab/datasets/sshikamaru__glaucoma-detection/Fundus_Train_Val_Data/Fundus_Scanes_Sorted/Validation/Glaucoma_Negative/607.jpg,cfb3747e2ce1a844815f53151365b970
ORIGA,B,093.jpg,/raid/home/students/hawky_luc/P-le-Projet-Zenkolab/datasets/sshikamaru__glaucoma-detection/ORIGA/ORIGA/Images/093.jpg,cfebcdd2b0fedb4990e778b126f65e7e
FUNDUS_SORTED,Train,093.jpg,/raid/home/students/hawky_luc/P-le-Projet-Zenkolab/datasets/sshikamaru__glaucoma-detection/Fundus_Train_Val_Data/Fundus_Scanes_Sorted/Train/Glaucoma_Positive/093.jpg,cfebcdd2b0fedb4990e778b126f65e7e
ORIGA,A,563.jpg,/raid/home/students/hawky_luc/P-le-Projet-Zenkolab/datasets/sshikamaru__glaucoma-detection/ORIGA/ORIGA/Images/563.jpg,d01488e2b3461af782bc23556cb4d3af
FUNDUS_SORTED,Validation,563.jpg,/raid/home/students/hawky_luc/P-le-Projet-Zenkolab/datasets/sshikamaru__glaucoma-detection/Fundus_Train_Val_Data/Fundus_Scanes_Sorted/Validation/Glaucoma_Negative/563.jpg,d01488e2b3461af782bc23556cb4d3af
FUNDUS_SORTED,Train,439.jpg,/raid/home/students/hawky_luc/P-le-Projet-Zenkolab/datasets/sshikamaru__glaucoma-detection/Fundus_Train_Val_Data/Fundus_Scanes_Sorted/Train/Glaucoma_Positive/439.jpg,d06ae3f2ba71fa03518cd6be713a9bb0
ORIGA,B,439.jpg,/raid/home/students/hawky_luc/P-le-Projet-Zenkolab/datasets/sshikamaru__glaucoma-detection/ORIGA/ORIGA/Images/439.jpg,d06ae3f2ba71fa03518cd6be713a9bb0
ORIGA,A,322.jpg,/raid/home/students/hawky_luc/P-le-Projet-Zenkolab/datasets/sshikamaru__glaucoma-detection/ORIGA/ORIGA/Images/322.jpg,d0921461518928eeb17df8cb8fdd5f5b
FUNDUS_SORTED,Train,322.jpg,/raid/home/students/hawky_luc/P-le-Projet-Zenkolab/datasets/sshikamaru__glaucoma-detection/Fundus_Train_Val_Data/Fundus_Scanes_Sorted/Train/Glaucoma_Positive/322.jpg,d0921461518928eeb17df8cb8fdd5f5b
FUNDUS_SORTED,Train,458.jpg,/raid/home/students/hawky_luc/P-le-Projet-Zenkolab/datasets/sshikamaru__glaucoma-detection/Fundus_Train_Val_Data/Fundus_Scanes_Sorted/Train/Glaucoma_Positive/458.jpg,d095518f224ac06a065acea8568a9355
ORIGA,B,458.jpg,/raid/home/students/hawky_luc/P-le-Projet-Zenkolab/datasets/sshikamaru__glaucoma-detection/ORIGA/ORIGA/Images/458.jpg,d095518f224ac06a065acea8568a9355
ORIGA,B,617.jpg,/raid/home/students/hawky_luc/P-le-Projet-Zenkolab/datasets/sshikamaru__glaucoma-detection/ORIGA/ORIGA/Images/617.jpg,d1543a3feb9ed6b92b5c748e38507784
FUNDUS_SORTED,Validation,617.jpg,/raid/home/students/hawky_luc/P-le-Projet-Zenkolab/datasets/sshikamaru__glaucoma-detection/Fundus_Train_Val_Data/Fundus_Scanes_Sorted/Validation/Glaucoma_Positive/617.jpg,d1543a3feb9ed6b92b5c748e38507784
FUNDUS_SORTED,Validation,544.jpg,/raid/home/students/hawky_luc/P-le-Projet-Zenkolab/datasets/sshikamaru__glaucoma-detection/Fundus_Train_Val_Data/Fundus_Scanes_Sorted/Validation/Glaucoma_Negative/544.jpg,d1bc0399a301d2253c7f1dfffc4b4600
ORIGA,B,544.jpg,/raid/home/students/hawky_luc/P-le-Projet-Zenkolab/datasets/sshikamaru__glaucoma-detection/ORIGA/ORIGA/Images/544.jpg,d1bc0399a301d2253c7f1dfffc4b4600
FUNDUS_SORTED,Train,355.jpg,/raid/home/students/hawky_luc/P-le-Projet-Zenkolab/datasets/sshikamaru__glaucoma-detection/Fundus_Train_Val_Data/Fundus_Scanes_Sorted/Train/Glaucoma_Negative/355.jpg,d217b980ede0ee27a6d7a5f0f8ec1a0a
ORIGA,A,355.jpg,/raid/home/students/hawky_luc/P-le-Projet-Zenkolab/datasets/sshikamaru__glaucoma-detection/ORIGA/ORIGA/Images/355.jpg,d217b980ede0ee27a6d7a5f0f8ec1a0a
ORIGA,B,282.jpg,/raid/home/students/hawky_luc/P-le-Projet-Zenkolab/datasets/sshikamaru__glaucoma-detection/ORIGA/ORIGA/Images/282.jpg,d21dc7571e9e27a32cb86dad114f26e9
FUNDUS_SORTED,Train,282.jpg,/raid/home/students/hawky_luc/P-le-Projet-Zenkolab/datasets/sshikamaru__glaucoma-detection/Fundus_Train_Val_Data/Fundus_Scanes_Sorted/Train/Glaucoma_Negative/282.jpg,d21dc7571e9e27a32cb86dad114f26e9
ORIGA,A,095.jpg,/raid/home/students/hawky_luc/P-le-Projet-Zenkolab/datasets/sshikamaru__glaucoma-detection/ORIGA/ORIGA/Images/095.jpg,d2cbc1b79f859ccfe7f748fbec0e9b16
FUNDUS_SORTED,Train,095.jpg,/raid/home/students/hawky_luc/P-le-Projet-Zenkolab/datasets/sshikamaru__glaucoma-detection/Fundus_Train_Val_Data/Fundus_Scanes_Sorted/Train/Glaucoma_Negative/095.jpg,d2cbc1b79f859ccfe7f748fbec0e9b16
ORIGA,A,092.jpg,/raid/home/students/hawky_luc/P-le-Projet-Zenkolab/datasets/sshikamaru__glaucoma-detection/ORIGA/ORIGA/Images/092.jpg,d327da27523d84a4b72dc020ef107c44
FUNDUS_SORTED,Train,092.jpg,/raid/home/students/hawky_luc/P-le-Projet-Zenkolab/datasets/sshikamaru__glaucoma-detection/Fundus_Train_Val_Data/Fundus_Scanes_Sorted/Train/Glaucoma_Negative/092.jpg,d327da27523d84a4b72dc020ef107c44
FUNDUS_SORTED,Validation,606.jpg,/raid/home/students/hawky_luc/P-le-Projet-Zenkolab/datasets/sshikamaru__glaucoma-detection/Fundus_Train_Val_Data/Fundus_Scanes_Sorted/Validation/Glaucoma_Negative/606.jpg,d3e604e96178f2daa7b8a87db3d7b573
ORIGA,B,606.jpg,/raid/home/students/hawky_luc/P-le-Projet-Zenkolab/datasets/sshikamaru__glaucoma-detection/ORIGA/ORIGA/Images/606.jpg,d3e604e96178f2daa7b8a87db3d7b573
FUNDUS_SORTED,Train,330.jpg,/raid/home/students/hawky_luc/P-le-Projet-Zenkolab/datasets/sshikamaru__glaucoma-detection/Fundus_Train_Val_Data/Fundus_Scanes_Sorted/Train/Glaucoma_Positive/330.jpg,d487cbeb501218275a1b97b002e40f5a
ORIGA,A,330.jpg,/raid/home/students/hawky_luc/P-le-Projet-Zenkolab/datasets/sshikamaru__glaucoma-detection/ORIGA/ORIGA/Images/330.jpg,d487cbeb501218275a1b97b002e40f5a
FUNDUS_SORTED,Train,335.jpg,/raid/home/students/hawky_luc/P-le-Projet-Zenkolab/datasets/sshikamaru__glaucoma-detection/Fundus_Train_Val_Data/Fundus_Scanes_Sorted/Train/Glaucoma_Negative/335.jpg,d56bd28f6cd1e9d67bb9df2d828a9852
ORIGA,B,335.jpg,/raid/home/students/hawky_luc/P-le-Projet-Zenkolab/datasets/sshikamaru__glaucoma-detection/ORIGA/ORIGA/Images/335.jpg,d56bd28f6cd1e9d67bb9df2d828a9852
FUNDUS_SORTED,Train,375.jpg,/raid/home/students/hawky_luc/P-le-Projet-Zenkolab/datasets/sshikamaru__glaucoma-detection/Fundus_Train_Val_Data/Fundus_Scanes_Sorted/Train/Glaucoma_Negative/375.jpg,d57fdc0046bbe8155f094e24a5bd3f5a
ORIGA,B,375.jpg,/raid/home/students/hawky_luc/P-le-Projet-Zenkolab/datasets/sshikamaru__glaucoma-detection/ORIGA/ORIGA/Images/375.jpg,d57fdc0046bbe8155f094e24a5bd3f5a
FUNDUS_SORTED,Validation,624.jpg,/raid/home/students/hawky_luc/P-le-Projet-Zenkolab/datasets/sshikamaru__glaucoma-detection/Fundus_Train_Val_Data/Fundus_Scanes_Sorted/Validation/Glaucoma_Positive/624.jpg,d5bec616ada8bb73973e86b572b46d09
ORIGA,A,624.jpg,/raid/home/students/hawky_luc/P-le-Projet-Zenkolab/datasets/sshikamaru__glaucoma-detection/ORIGA/ORIGA/Images/624.jpg,d5bec616ada8bb73973e86b572b46d09
ORIGA,A,646.jpg,/raid/home/students/hawky_luc/P-le-Projet-Zenkolab/datasets/sshikamaru__glaucoma-detection/ORIGA/ORIGA/Images/646.jpg,d66d9bdf434ec6418a76dc101276685d
FUNDUS_SORTED,Validation,646.jpg,/raid/home/students/hawky_luc/P-le-Projet-Zenkolab/datasets/sshikamaru__glaucoma-detection/Fundus_Train_Val_Data/Fundus_Scanes_Sorted/Validation/Glaucoma_Positive/646.jpg,d66d9bdf434ec6418a76dc101276685d
FUNDUS_SORTED,Train,275.jpg,/raid/home/students/hawky_luc/P-le-Projet-Zenkolab/datasets/sshikamaru__glaucoma-detection/Fundus_Train_Val_Data/Fundus_Scanes_Sorted/Train/Glaucoma_Negative/275.jpg,d68b51337f296762bc9c873734690aae
ORIGA,A,275.jpg,/raid/home/students/hawky_luc/P-le-Projet-Zenkolab/datasets/sshikamaru__glaucoma-detection/ORIGA/ORIGA/Images/275.jpg,d68b51337f296762bc9c873734690aae
FUNDUS_SORTED,Validation,536.jpg,/raid/home/students/hawky_luc/P-le-Projet-Zenkolab/datasets/sshikamaru__glaucoma-detection/Fundus_Train_Val_Data/Fundus_Scanes_Sorted/Validation/Glaucoma_Negative/536.jpg,d6edc1f03ed54430f6a4875cfc82b826
ORIGA,B,536.jpg,/raid/home/students/hawky_luc/P-le-Projet-Zenkolab/datasets/sshikamaru__glaucoma-detection/ORIGA/ORIGA/Images/536.jpg,d6edc1f03ed54430f6a4875cfc82b826
ORIGA,A,404.jpg,/raid/home/students/hawky_luc/P-le-Projet-Zenkolab/datasets/sshikamaru__glaucoma-detection/ORIGA/ORIGA/Images/404.jpg,d70c25378e3e6998831f25e8688ef2a2
FUNDUS_SORTED,Train,404.jpg,/raid/home/students/hawky_luc/P-le-Projet-Zenkolab/datasets/sshikamaru__glaucoma-detection/Fundus_Train_Val_Data/Fundus_Scanes_Sorted/Train/Glaucoma_Negative/404.jpg,d70c25378e3e6998831f25e8688ef2a2
FUNDUS_SORTED,Validation,605.jpg,/raid/home/students/hawky_luc/P-le-Projet-Zenkolab/datasets/sshikamaru__glaucoma-detection/Fundus_Train_Val_Data/Fundus_Scanes_Sorted/Validation/Glaucoma_Positive/605.jpg,d72a9d397af6c31889fe9b133e2a1f12
ORIGA,B,605.jpg,/raid/home/students/hawky_luc/P-le-Projet-Zenkolab/datasets/sshikamaru__glaucoma-detection/ORIGA/ORIGA/Images/605.jpg,d72a9d397af6c31889fe9b133e2a1f12
FUNDUS_SORTED,Train,021.jpg,/raid/home/students/hawky_luc/P-le-Projet-Zenkolab/datasets/sshikamaru__glaucoma-detection/Fundus_Train_Val_Data/Fundus_Scanes_Sorted/Train/Glaucoma_Negative/021.jpg,d731cda88dc19199746da0a121966e03
ORIGA,A,021.jpg,/raid/home/students/hawky_luc/P-le-Projet-Zenkolab/datasets/sshikamaru__glaucoma-detection/ORIGA/ORIGA/Images/021.jpg,d731cda88dc19199746da0a121966e03
FUNDUS_SORTED,Validation,576.jpg,/raid/home/students/hawky_luc/P-le-Projet-Zenkolab/datasets/sshikamaru__glaucoma-detection/Fundus_Train_Val_Data/Fundus_Scanes_Sorted/Validation/Glaucoma_Negative/576.jpg,d7700e30e602b22f80933385734a49df
ORIGA,B,576.jpg,/raid/home/students/hawky_luc/P-le-Projet-Zenkolab/datasets/sshikamaru__glaucoma-detection/ORIGA/ORIGA/Images/576.jpg,d7700e30e602b22f80933385734a49df
ORIGA,A,541.jpg,/raid/home/students/hawky_luc/P-le-Projet-Zenkolab/datasets/sshikamaru__glaucoma-detection/ORIGA/ORIGA/Images/541.jpg,d7b3419c824986c3f4ebccde4a0f0084
FUNDUS_SORTED,Validation,541.jpg,/raid/home/students/hawky_luc/P-le-Projet-Zenkolab/datasets/sshikamaru__glaucoma-detection/Fundus_Train_Val_Data/Fundus_Scanes_Sorted/Validation/Glaucoma_Negative/541.jpg,d7b3419c824986c3f4ebccde4a0f0084
ORIGA,A,462.jpg,/raid/home/students/hawky_luc/P-le-Projet-Zenkolab/datasets/sshikamaru__glaucoma-detection/ORIGA/ORIGA/Images/462.jpg,d7e19a85795bf67ea4c9b7f6d67a6514
FUNDUS_SORTED,Train,462.jpg,/raid/home/students/hawky_luc/P-le-Projet-Zenkolab/datasets/sshikamaru__glaucoma-detection/Fundus_Train_Val_Data/Fundus_Scanes_Sorted/Train/Glaucoma_Negative/462.jpg,d7e19a85795bf67ea4c9b7f6d67a6514
FUNDUS_SORTED,Train,091.jpg,/raid/home/students/hawky_luc/P-le-Projet-Zenkolab/datasets/sshikamaru__glaucoma-detection/Fundus_Train_Val_Data/Fundus_Scanes_Sorted/Train/Glaucoma_Negative/091.jpg,d88e4bee58eb25e92cb57da05945619e
ORIGA,A,091.jpg,/raid/home/students/hawky_luc/P-le-Projet-Zenkolab/datasets/sshikamaru__glaucoma-detection/ORIGA/ORIGA/Images/091.jpg,d88e4bee58eb25e92cb57da05945619e
ORIGA,B,296.jpg,/raid/home/students/hawky_luc/P-le-Projet-Zenkolab/datasets/sshikamaru__glaucoma-detection/ORIGA/ORIGA/Images/296.jpg,d9824ddd7e321a16e32f55ef0d5e2752
FUNDUS_SORTED,Train,296.jpg,/raid/home/students/hawky_luc/P-le-Projet-Zenkolab/datasets/sshikamaru__glaucoma-detection/Fundus_Train_Val_Data/Fundus_Scanes_Sorted/Train/Glaucoma_Negative/296.jpg,d9824ddd7e321a16e32f55ef0d5e2752
FUNDUS_SORTED,Train,318.jpg,/raid/home/students/hawky_luc/P-le-Projet-Zenkolab/datasets/sshikamaru__glaucoma-detection/Fundus_Train_Val_Data/Fundus_Scanes_Sorted/Train/Glaucoma_Negative/318.jpg,da1c241ad0b1a1d48d52bb02ce0aadfa
ORIGA,A,318.jpg,/raid/home/students/hawky_luc/P-le-Projet-Zenkolab/datasets/sshikamaru__glaucoma-detection/ORIGA/ORIGA/Images/318.jpg,da1c241ad0b1a1d48d52bb02ce0aadfa
FUNDUS_SORTED,Train,532.jpg,/raid/home/students/hawky_luc/P-le-Projet-Zenkolab/datasets/sshikamaru__glaucoma-detection/Fundus_Train_Val_Data/Fundus_Scanes_Sorted/Train/Glaucoma_Positive/532.jpg,da4da0454144eb88cba954439017866a
ORIGA,B,532.jpg,/raid/home/students/hawky_luc/P-le-Projet-Zenkolab/datasets/sshikamaru__glaucoma-detection/ORIGA/ORIGA/Images/532.jpg,da4da0454144eb88cba954439017866a
ORIGA,A,414.jpg,/raid/home/students/hawky_luc/P-le-Projet-Zenkolab/datasets/sshikamaru__glaucoma-detection/ORIGA/ORIGA/Images/414.jpg,db3e533435e54817ca8e9a3eedc0140e
FUNDUS_SORTED,Train,414.jpg,/raid/home/students/hawky_luc/P-le-Projet-Zenkolab/datasets/sshikamaru__glaucoma-detection/Fundus_Train_Val_Data/Fundus_Scanes_Sorted/Train/Glaucoma_Negative/414.jpg,db3e533435e54817ca8e9a3eedc0140e
ORIGA,A,454.jpg,/raid/home/students/hawky_luc/P-le-Projet-Zenkolab/datasets/sshikamaru__glaucoma-detection/ORIGA/ORIGA/Images/454.jpg,db5116eea8b231845ad1e8a2c4390e1f
FUNDUS_SORTED,Train,454.jpg,/raid/home/students/hawky_luc/P-le-Projet-Zenkolab/datasets/sshikamaru__glaucoma-detection/Fundus_Train_Val_Data/Fundus_Scanes_Sorted/Train/Glaucoma_Negative/454.jpg,db5116eea8b231845ad1e8a2c4390e1f
FUNDUS_SORTED,Train,075.jpg,/raid/home/students/hawky_luc/P-le-Projet-Zenkolab/datasets/sshikamaru__glaucoma-detection/Fundus_Train_Val_Data/Fundus_Scanes_Sorted/Train/Glaucoma_Negative/075.jpg,db69abd81f5c043b0b1011fe4fbbe315
ORIGA,B,075.jpg,/raid/home/students/hawky_luc/P-le-Projet-Zenkolab/datasets/sshikamaru__glaucoma-detection/ORIGA/ORIGA/Images/075.jpg,db69abd81f5c043b0b1011fe4fbbe315
ORIGA,B,094.jpg,/raid/home/students/hawky_luc/P-le-Projet-Zenkolab/datasets/sshikamaru__glaucoma-detection/ORIGA/ORIGA/Images/094.jpg,dd772dfb745fd7ffda9a6ffa39781c7a
FUNDUS_SORTED,Train,094.jpg,/raid/home/students/hawky_luc/P-le-Projet-Zenkolab/datasets/sshikamaru__glaucoma-detection/Fundus_Train_Val_Data/Fundus_Scanes_Sorted/Train/Glaucoma_Positive/094.jpg,dd772dfb745fd7ffda9a6ffa39781c7a
FUNDUS_SORTED,Validation,542.jpg,/raid/home/students/hawky_luc/P-le-Projet-Zenkolab/datasets/sshikamaru__glaucoma-detection/Fundus_Train_Val_Data/Fundus_Scanes_Sorted/Validation/Glaucoma_Negative/542.jpg,dd802c7b6640f430cd3e92da546486ad
ORIGA,A,542.jpg,/raid/home/students/hawky_luc/P-le-Projet-Zenkolab/datasets/sshikamaru__glaucoma-detection/ORIGA/ORIGA/Images/542.jpg,dd802c7b6640f430cd3e92da546486ad
FUNDUS_SORTED,Train,340.jpg,/raid/home/students/hawky_luc/P-le-Projet-Zenkolab/datasets/sshikamaru__glaucoma-detection/Fundus_Train_Val_Data/Fundus_Scanes_Sorted/Train/Glaucoma_Positive/340.jpg,dd85208227f573a97b08f64b0d35916b
ORIGA,B,340.jpg,/raid/home/students/hawky_luc/P-le-Projet-Zenkolab/datasets/sshikamaru__glaucoma-detection/ORIGA/ORIGA/Images/340.jpg,dd85208227f573a97b08f64b0d35916b
ORIGA,A,137.jpg,/raid/home/students/hawky_luc/P-le-Projet-Zenkolab/datasets/sshikamaru__glaucoma-detection/ORIGA/ORIGA/Images/137.jpg,de7cd8db86795fba6e731de62656652d
FUNDUS_SORTED,Train,137.jpg,/raid/home/students/hawky_luc/P-le-Projet-Zenkolab/datasets/sshikamaru__glaucoma-detection/Fundus_Train_Val_Data/Fundus_Scanes_Sorted/Train/Glaucoma_Negative/137.jpg,de7cd8db86795fba6e731de62656652d
ORIGA,A,227.jpg,/raid/home/students/hawky_luc/P-le-Projet-Zenkolab/datasets/sshikamaru__glaucoma-detection/ORIGA/ORIGA/Images/227.jpg,e0e51a5560c337d49dd6cea876c71479
FUNDUS_SORTED,Train,227.jpg,/raid/home/students/hawky_luc/P-le-Projet-Zenkolab/datasets/sshikamaru__glaucoma-detection/Fundus_Train_Val_Data/Fundus_Scanes_Sorted/Train/Glaucoma_Negative/227.jpg,e0e51a5560c337d49dd6cea876c71479
FUNDUS_SORTED,Validation,559.jpg,/raid/home/students/hawky_luc/P-le-Projet-Zenkolab/datasets/sshikamaru__glaucoma-detection/Fundus_Train_Val_Data/Fundus_Scanes_Sorted/Validation/Glaucoma_Negative/559.jpg,e0efe5648a26c7e54107993c19741c9f
ORIGA,B,559.jpg,/raid/home/students/hawky_luc/P-le-Projet-Zenkolab/datasets/sshikamaru__glaucoma-detection/ORIGA/ORIGA/Images/559.jpg,e0efe5648a26c7e54107993c19741c9f
ORIGA,B,642.jpg,/raid/home/students/hawky_luc/P-le-Projet-Zenkolab/datasets/sshikamaru__glaucoma-detection/ORIGA/ORIGA/Images/642.jpg,e14400cc9f3e202f91328b8b7d90d087
FUNDUS_SORTED,Validation,642.jpg,/raid/home/students/hawky_luc/P-le-Projet-Zenkolab/datasets/sshikamaru__glaucoma-detection/Fundus_Train_Val_Data/Fundus_Scanes_Sorted/Validation/Glaucoma_Negative/642.jpg,e14400cc9f3e202f91328b8b7d90d087
ORIGA,B,390.jpg,/raid/home/students/hawky_luc/P-le-Projet-Zenkolab/datasets/sshikamaru__glaucoma-detection/ORIGA/ORIGA/Images/390.jpg,e1a68f2c44c4e609b7565fd4335a5493
FUNDUS_SORTED,Train,390.jpg,/raid/home/students/hawky_luc/P-le-Projet-Zenkolab/datasets/sshikamaru__glaucoma-detection/Fundus_Train_Val_Data/Fundus_Scanes_Sorted/Train/Glaucoma_Positive/390.jpg,e1a68f2c44c4e609b7565fd4335a5493
FUNDUS_SORTED,Train,283.jpg,/raid/home/students/hawky_luc/P-le-Projet-Zenkolab/datasets/sshikamaru__glaucoma-detection/Fundus_Train_Val_Data/Fundus_Scanes_Sorted/Train/Glaucoma_Positive/283.jpg,e230d54e97f7a09a5bc34c4bd00ab0c7
ORIGA,B,283.jpg,/raid/home/students/hawky_luc/P-le-Projet-Zenkolab/datasets/sshikamaru__glaucoma-detection/ORIGA/ORIGA/Images/283.jpg,e230d54e97f7a09a5bc34c4bd00ab0c7
FUNDUS_SORTED,Train,261.jpg,/raid/home/students/hawky_luc/P-le-Projet-Zenkolab/datasets/sshikamaru__glaucoma-detection/Fundus_Train_Val_Data/Fundus_Scanes_Sorted/Train/Glaucoma_Negative/261.jpg,e2de0293aee6c7169ca8f4622d574760
ORIGA,B,261.jpg,/raid/home/students/hawky_luc/P-le-Projet-Zenkolab/datasets/sshikamaru__glaucoma-detection/ORIGA/ORIGA/Images/261.jpg,e2de0293aee6c7169ca8f4622d574760
FUNDUS_SORTED,Train,162.jpg,/raid/home/students/hawky_luc/P-le-Projet-Zenkolab/datasets/sshikamaru__glaucoma-detection/Fundus_Train_Val_Data/Fundus_Scanes_Sorted/Train/Glaucoma_Negative/162.jpg,e30c30497758c408c519ae5de7670714
ORIGA,A,162.jpg,/raid/home/students/hawky_luc/P-le-Projet-Zenkolab/datasets/sshikamaru__glaucoma-detection/ORIGA/ORIGA/Images/162.jpg,e30c30497758c408c519ae5de7670714
ORIGA,B,303.jpg,/raid/home/students/hawky_luc/P-le-Projet-Zenkolab/datasets/sshikamaru__glaucoma-detection/ORIGA/ORIGA/Images/303.jpg,e339d66fe64a552bac06f425d99eec22
FUNDUS_SORTED,Train,303.jpg,/raid/home/students/hawky_luc/P-le-Projet-Zenkolab/datasets/sshikamaru__glaucoma-detection/Fundus_Train_Val_Data/Fundus_Scanes_Sorted/Train/Glaucoma_Negative/303.jpg,e339d66fe64a552bac06f425d99eec22
FUNDUS_SORTED,Train,265.jpg,/raid/home/students/hawky_luc/P-le-Projet-Zenkolab/datasets/sshikamaru__glaucoma-detection/Fundus_Train_Val_Data/Fundus_Scanes_Sorted/Train/Glaucoma_Negative/265.jpg,e4011be817a13b17a4969fd6e7e8a178
ORIGA,A,265.jpg,/raid/home/students/hawky_luc/P-le-Projet-Zenkolab/datasets/sshikamaru__glaucoma-detection/ORIGA/ORIGA/Images/265.jpg,e4011be817a13b17a4969fd6e7e8a178
ORIGA,A,493.jpg,/raid/home/students/hawky_luc/P-le-Projet-Zenkolab/datasets/sshikamaru__glaucoma-detection/ORIGA/ORIGA/Images/493.jpg,e44355d315aaac6a0cea281b87b00216
FUNDUS_SORTED,Validation,493.jpg,/raid/home/students/hawky_luc/P-le-Projet-Zenkolab/datasets/sshikamaru__glaucoma-detection/Fundus_Train_Val_Data/Fundus_Scanes_Sorted/Validation/Glaucoma_Negative/493.jpg,e44355d315aaac6a0cea281b87b00216
FUNDUS_SORTED,Train,149.jpg,/raid/home/students/hawky_luc/P-le-Projet-Zenkolab/datasets/sshikamaru__glaucoma-detection/Fundus_Train_Val_Data/Fundus_Scanes_Sorted/Train/Glaucoma_Negative/149.jpg,e4aaa57d61a6ca23d13a292208832372
ORIGA,A,149.jpg,/raid/home/students/hawky_luc/P-le-Projet-Zenkolab/datasets/sshikamaru__glaucoma-detection/ORIGA/ORIGA/Images/149.jpg,e4aaa57d61a6ca23d13a292208832372
ORIGA,A,309.jpg,/raid/home/students/hawky_luc/P-le-Projet-Zenkolab/datasets/sshikamaru__glaucoma-detection/ORIGA/ORIGA/Images/309.jpg,e4c69307bf25ea04a97d5ce80f6782b6
FUNDUS_SORTED,Train,309.jpg,/raid/home/students/hawky_luc/P-le-Projet-Zenkolab/datasets/sshikamaru__glaucoma-detection/Fundus_Train_Val_Data/Fundus_Scanes_Sorted/Train/Glaucoma_Negative/309.jpg,e4c69307bf25ea04a97d5ce80f6782b6
FUNDUS_SORTED,Train,198.jpg,/raid/home/students/hawky_luc/P-le-Projet-Zenkolab/datasets/sshikamaru__glaucoma-detection/Fundus_Train_Val_Data/Fundus_Scanes_Sorted/Train/Glaucoma_Negative/198.jpg,e4f59c2228fedddbae7dc86010e2b352
ORIGA,A,198.jpg,/raid/home/students/hawky_luc/P-le-Projet-Zenkolab/datasets/sshikamaru__glaucoma-detection/ORIGA/ORIGA/Images/198.jpg,e4f59c2228fedddbae7dc86010e2b352
FUNDUS_SORTED,Train,448.jpg,/raid/home/students/hawky_luc/P-le-Projet-Zenkolab/datasets/sshikamaru__glaucoma-detection/Fundus_Train_Val_Data/Fundus_Scanes_Sorted/Train/Glaucoma_Negative/448.jpg,e55098d8f7771da083578f1a2d5c7dc6
ORIGA,B,448.jpg,/raid/home/students/hawky_luc/P-le-Projet-Zenkolab/datasets/sshikamaru__glaucoma-detection/ORIGA/ORIGA/Images/448.jpg,e55098d8f7771da083578f1a2d5c7dc6
FUNDUS_SORTED,Train,230.jpg,/raid/home/students/hawky_luc/P-le-Projet-Zenkolab/datasets/sshikamaru__glaucoma-detection/Fundus_Train_Val_Data/Fundus_Scanes_Sorted/Train/Glaucoma_Negative/230.jpg,e5ea4e83f7a7dc333a4ca7163f8cd0b4
ORIGA,B,230.jpg,/raid/home/students/hawky_luc/P-le-Projet-Zenkolab/datasets/sshikamaru__glaucoma-detection/ORIGA/ORIGA/Images/230.jpg,e5ea4e83f7a7dc333a4ca7163f8cd0b4
FUNDUS_SORTED,Validation,518.jpg,/raid/home/students/hawky_luc/P-le-Projet-Zenkolab/datasets/sshikamaru__glaucoma-detection/Fundus_Train_Val_Data/Fundus_Scanes_Sorted/Validation/Glaucoma_Negative/518.jpg,e5ffbcec06ae2677ea6c774018b90648
ORIGA,B,518.jpg,/raid/home/students/hawky_luc/P-le-Projet-Zenkolab/datasets/sshikamaru__glaucoma-detection/ORIGA/ORIGA/Images/518.jpg,e5ffbcec06ae2677ea6c774018b90648
ORIGA,A,471.jpg,/raid/home/students/hawky_luc/P-le-Projet-Zenkolab/datasets/sshikamaru__glaucoma-detection/ORIGA/ORIGA/Images/471.jpg,e610b86414a94f4613dd47b9b4feb9a6
FUNDUS_SORTED,Train,471.jpg,/raid/home/students/hawky_luc/P-le-Projet-Zenkolab/datasets/sshikamaru__glaucoma-detection/Fundus_Train_Val_Data/Fundus_Scanes_Sorted/Train/Glaucoma_Negative/471.jpg,e610b86414a94f4613dd47b9b4feb9a6
FUNDUS_SORTED,Train,459.jpg,/raid/home/students/hawky_luc/P-le-Projet-Zenkolab/datasets/sshikamaru__glaucoma-detection/Fundus_Train_Val_Data/Fundus_Scanes_Sorted/Train/Glaucoma_Negative/459.jpg,e646aea74308cd1f8e59d4719a9c9278
ORIGA,B,459.jpg,/raid/home/students/hawky_luc/P-le-Projet-Zenkolab/datasets/sshikamaru__glaucoma-detection/ORIGA/ORIGA/Images/459.jpg,e646aea74308cd1f8e59d4719a9c9278
ORIGA,A,364.jpg,/raid/home/students/hawky_luc/P-le-Projet-Zenkolab/datasets/sshikamaru__glaucoma-detection/ORIGA/ORIGA/Images/364.jpg,e658d625ad06765b521f012e4052e814
FUNDUS_SORTED,Train,364.jpg,/raid/home/students/hawky_luc/P-le-Projet-Zenkolab/datasets/sshikamaru__glaucoma-detection/Fundus_Train_Val_Data/Fundus_Scanes_Sorted/Train/Glaucoma_Negative/364.jpg,e658d625ad06765b521f012e4052e814
ORIGA,B,379.jpg,/raid/home/students/hawky_luc/P-le-Projet-Zenkolab/datasets/sshikamaru__glaucoma-detection/ORIGA/ORIGA/Images/379.jpg,e6eeeaedfde10705276f680fa6bdcaea
FUNDUS_SORTED,Train,379.jpg,/raid/home/students/hawky_luc/P-le-Projet-Zenkolab/datasets/sshikamaru__glaucoma-detection/Fundus_Train_Val_Data/Fundus_Scanes_Sorted/Train/Glaucoma_Negative/379.jpg,e6eeeaedfde10705276f680fa6bdcaea
FUNDUS_SORTED,Train,437.jpg,/raid/home/students/hawky_luc/P-le-Projet-Zenkolab/datasets/sshikamaru__glaucoma-detection/Fundus_Train_Val_Data/Fundus_Scanes_Sorted/Train/Glaucoma_Negative/437.jpg,e6f86f70361af7de2c08320e2e7de8ef
ORIGA,A,437.jpg,/raid/home/students/hawky_luc/P-le-Projet-Zenkolab/datasets/sshikamaru__glaucoma-detection/ORIGA/ORIGA/Images/437.jpg,e6f86f70361af7de2c08320e2e7de8ef
FUNDUS_SORTED,Train,048.jpg,/raid/home/students/hawky_luc/P-le-Projet-Zenkolab/datasets/sshikamaru__glaucoma-detection/Fundus_Train_Val_Data/Fundus_Scanes_Sorted/Train/Glaucoma_Negative/048.jpg,e7249d7fe2e30ad9c17a82af730f5d24
ORIGA,A,048.jpg,/raid/home/students/hawky_luc/P-le-Projet-Zenkolab/datasets/sshikamaru__glaucoma-detection/ORIGA/ORIGA/Images/048.jpg,e7249d7fe2e30ad9c17a82af730f5d24
ORIGA,B,130.jpg,/raid/home/students/hawky_luc/P-le-Projet-Zenkolab/datasets/sshikamaru__glaucoma-detection/ORIGA/ORIGA/Images/130.jpg,e7b1390b11d61cd07b8aef8f3ec08119
FUNDUS_SORTED,Train,130.jpg,/raid/home/students/hawky_luc/P-le-Projet-Zenkolab/datasets/sshikamaru__glaucoma-detection/Fundus_Train_Val_Data/Fundus_Scanes_Sorted/Train/Glaucoma_Negative/130.jpg,e7b1390b11d61cd07b8aef8f3ec08119
FUNDUS_SORTED,Train,210.jpg,/raid/home/students/hawky_luc/P-le-Projet-Zenkolab/datasets/sshikamaru__glaucoma-detection/Fundus_Train_Val_Data/Fundus_Scanes_Sorted/Train/Glaucoma_Negative/210.jpg,e8e37abe8d6a4853f94396b8be603812
ORIGA,A,210.jpg,/raid/home/students/hawky_luc/P-le-Projet-Zenkolab/datasets/sshikamaru__glaucoma-detection/ORIGA/ORIGA/Images/210.jpg,e8e37abe8d6a4853f94396b8be603812
ORIGA,B,153.jpg,/raid/home/students/hawky_luc/P-le-Projet-Zenkolab/datasets/sshikamaru__glaucoma-detection/ORIGA/ORIGA/Images/153.jpg,e8f10d87a3667df7149689118efbb465
FUNDUS_SORTED,Train,153.jpg,/raid/home/students/hawky_luc/P-le-Projet-Zenkolab/datasets/sshikamaru__glaucoma-detection/Fundus_Train_Val_Data/Fundus_Scanes_Sorted/Train/Glaucoma_Negative/153.jpg,e8f10d87a3667df7149689118efbb465
FUNDUS_SORTED,Train,549.jpg,/raid/home/students/hawky_luc/P-le-Projet-Zenkolab/datasets/sshikamaru__glaucoma-detection/Fundus_Train_Val_Data/Fundus_Scanes_Sorted/Train/Glaucoma_Positive/549.jpg,e90a479482d7e8c741b786ac5981114b
ORIGA,A,549.jpg,/raid/home/students/hawky_luc/P-le-Projet-Zenkolab/datasets/sshikamaru__glaucoma-detection/ORIGA/ORIGA/Images/549.jpg,e90a479482d7e8c741b786ac5981114b
FUNDUS_SORTED,Train,294.jpg,/raid/home/students/hawky_luc/P-le-Projet-Zenkolab/datasets/sshikamaru__glaucoma-detection/Fundus_Train_Val_Data/Fundus_Scanes_Sorted/Train/Glaucoma_Positive/294.jpg,e9a5f90c1b83d26d59d6645d55573634
ORIGA,A,294.jpg,/raid/home/students/hawky_luc/P-le-Projet-Zenkolab/datasets/sshikamaru__glaucoma-detection/ORIGA/ORIGA/Images/294.jpg,e9a5f90c1b83d26d59d6645d55573634
FUNDUS_SORTED,Train,533.jpg,/raid/home/students/hawky_luc/P-le-Projet-Zenkolab/datasets/sshikamaru__glaucoma-detection/Fundus_Train_Val_Data/Fundus_Scanes_Sorted/Train/Glaucoma_Positive/533.jpg,ea58bd95b7baed6ca1abeafaa62a3c22
ORIGA,A,533.jpg,/raid/home/students/hawky_luc/P-le-Projet-Zenkolab/datasets/sshikamaru__glaucoma-detection/ORIGA/ORIGA/Images/533.jpg,ea58bd95b7baed6ca1abeafaa62a3c22
FUNDUS_SORTED,Validation,483.jpg,/raid/home/students/hawky_luc/P-le-Projet-Zenkolab/datasets/sshikamaru__glaucoma-detection/Fundus_Train_Val_Data/Fundus_Scanes_Sorted/Validation/Glaucoma_Negative/483.jpg,ea7437293b19f5cfdc9a49aba7e18aad
ORIGA,A,483.jpg,/raid/home/students/hawky_luc/P-le-Projet-Zenkolab/datasets/sshikamaru__glaucoma-detection/ORIGA/ORIGA/Images/483.jpg,ea7437293b19f5cfdc9a49aba7e18aad
ORIGA,A,468.jpg,/raid/home/students/hawky_luc/P-le-Projet-Zenkolab/datasets/sshikamaru__glaucoma-detection/ORIGA/ORIGA/Images/468.jpg,eb2fee3c60f32c8ce6b878979b9d735a
FUNDUS_SORTED,Train,468.jpg,/raid/home/students/hawky_luc/P-le-Projet-Zenkolab/datasets/sshikamaru__glaucoma-detection/Fundus_Train_Val_Data/Fundus_Scanes_Sorted/Train/Glaucoma_Positive/468.jpg,eb2fee3c60f32c8ce6b878979b9d735a
ORIGA,A,098.jpg,/raid/home/students/hawky_luc/P-le-Projet-Zenkolab/datasets/sshikamaru__glaucoma-detection/ORIGA/ORIGA/Images/098.jpg,eb40a09118cd360a3985336d2ffd2d7c
FUNDUS_SORTED,Train,098.jpg,/raid/home/students/hawky_luc/P-le-Projet-Zenkolab/datasets/sshikamaru__glaucoma-detection/Fundus_Train_Val_Data/Fundus_Scanes_Sorted/Train/Glaucoma_Negative/098.jpg,eb40a09118cd360a3985336d2ffd2d7c
ORIGA,B,555.jpg,/raid/home/students/hawky_luc/P-le-Projet-Zenkolab/datasets/sshikamaru__glaucoma-detection/ORIGA/ORIGA/Images/555.jpg,eb623a8d2df348e8008bb869ea8e19bf
FUNDUS_SORTED,Validation,555.jpg,/raid/home/students/hawky_luc/P-le-Projet-Zenkolab/datasets/sshikamaru__glaucoma-detection/Fundus_Train_Val_Data/Fundus_Scanes_Sorted/Validation/Glaucoma_Negative/555.jpg,eb623a8d2df348e8008bb869ea8e19bf
FUNDUS_SORTED,Train,106.jpg,/raid/home/students/hawky_luc/P-le-Projet-Zenkolab/datasets/sshikamaru__glaucoma-detection/Fundus_Train_Val_Data/Fundus_Scanes_Sorted/Train/Glaucoma_Negative/106.jpg,eb9aa7ebcfda99bad51865789c6862d2
ORIGA,B,106.jpg,/raid/home/students/hawky_luc/P-le-Projet-Zenkolab/datasets/sshikamaru__glaucoma-detection/ORIGA/ORIGA/Images/106.jpg,eb9aa7ebcfda99bad51865789c6862d2
FUNDUS_SORTED,Validation,492.jpg,/raid/home/students/hawky_luc/P-le-Projet-Zenkolab/datasets/sshikamaru__glaucoma-detection/Fundus_Train_Val_Data/Fundus_Scanes_Sorted/Validation/Glaucoma_Negative/492.jpg,ebe6ed82204c5add39b57531b474e2e5
ORIGA,A,492.jpg,/raid/home/students/hawky_luc/P-le-Projet-Zenkolab/datasets/sshikamaru__glaucoma-detection/ORIGA/ORIGA/Images/492.jpg,ebe6ed82204c5add39b57531b474e2e5
FUNDUS_SORTED,Train,514.jpg,/raid/home/students/hawky_luc/P-le-Projet-Zenkolab/datasets/sshikamaru__glaucoma-detection/Fundus_Train_Val_Data/Fundus_Scanes_Sorted/Train/Glaucoma_Positive/514.jpg,ed8af079678a360e6655e770c804b9cf
ORIGA,B,514.jpg,/raid/home/students/hawky_luc/P-le-Projet-Zenkolab/datasets/sshikamaru__glaucoma-detection/ORIGA/ORIGA/Images/514.jpg,ed8af079678a360e6655e770c804b9cf
FUNDUS_SORTED,Train,062.jpg,/raid/home/students/hawky_luc/P-le-Projet-Zenkolab/datasets/sshikamaru__glaucoma-detection/Fundus_Train_Val_Data/Fundus_Scanes_Sorted/Train/Glaucoma_Negative/062.jpg,ee266091150a20737ca63fa6052cd439
ORIGA,A,062.jpg,/raid/home/students/hawky_luc/P-le-Projet-Zenkolab/datasets/sshikamaru__glaucoma-detection/ORIGA/ORIGA/Images/062.jpg,ee266091150a20737ca63fa6052cd439
FUNDUS_SORTED,Train,376.jpg,/raid/home/students/hawky_luc/P-le-Projet-Zenkolab/datasets/sshikamaru__glaucoma-detection/Fundus_Train_Val_Data/Fundus_Scanes_Sorted/Train/Glaucoma_Negative/376.jpg,ee9c3b5b7acbf0927959f8bf6fb482ab
ORIGA,B,376.jpg,/raid/home/students/hawky_luc/P-le-Projet-Zenkolab/datasets/sshikamaru__glaucoma-detection/ORIGA/ORIGA/Images/376.jpg,ee9c3b5b7acbf0927959f8bf6fb482ab
ORIGA,B,329.jpg,/raid/home/students/hawky_luc/P-le-Projet-Zenkolab/datasets/sshikamaru__glaucoma-detection/ORIGA/ORIGA/Images/329.jpg,eedb9ff120a864201610b54a6b1c82c7
FUNDUS_SORTED,Train,329.jpg,/raid/home/students/hawky_luc/P-le-Projet-Zenkolab/datasets/sshikamaru__glaucoma-detection/Fundus_Train_Val_Data/Fundus_Scanes_Sorted/Train/Glaucoma_Negative/329.jpg,eedb9ff120a864201610b54a6b1c82c7
ORIGA,A,056.jpg,/raid/home/students/hawky_luc/P-le-Projet-Zenkolab/datasets/sshikamaru__glaucoma-detection/ORIGA/ORIGA/Images/056.jpg,ef2c66d236884f676a47dfec9da1801a
FUNDUS_SORTED,Train,056.jpg,/raid/home/students/hawky_luc/P-le-Projet-Zenkolab/datasets/sshikamaru__glaucoma-detection/Fundus_Train_Val_Data/Fundus_Scanes_Sorted/Train/Glaucoma_Negative/056.jpg,ef2c66d236884f676a47dfec9da1801a
FUNDUS_SORTED,Train,179.jpg,/raid/home/students/hawky_luc/P-le-Projet-Zenkolab/datasets/sshikamaru__glaucoma-detection/Fundus_Train_Val_Data/Fundus_Scanes_Sorted/Train/Glaucoma_Negative/179.jpg,f065142113ff367f9b0026e931b6ffe7
ORIGA,B,179.jpg,/raid/home/students/hawky_luc/P-le-Projet-Zenkolab/datasets/sshikamaru__glaucoma-detection/ORIGA/ORIGA/Images/179.jpg,f065142113ff367f9b0026e931b6ffe7
FUNDUS_SORTED,Train,248.jpg,/raid/home/students/hawky_luc/P-le-Projet-Zenkolab/datasets/sshikamaru__glaucoma-detection/Fundus_Train_Val_Data/Fundus_Scanes_Sorted/Train/Glaucoma_Negative/248.jpg,f098cad52bbeed3db573391ed47353e9
ORIGA,A,248.jpg,/raid/home/students/hawky_luc/P-le-Projet-Zenkolab/datasets/sshikamaru__glaucoma-detection/ORIGA/ORIGA/Images/248.jpg,f098cad52bbeed3db573391ed47353e9
FUNDUS_SORTED,Train,367.jpg,/raid/home/students/hawky_luc/P-le-Projet-Zenkolab/datasets/sshikamaru__glaucoma-detection/Fundus_Train_Val_Data/Fundus_Scanes_Sorted/Train/Glaucoma_Negative/367.jpg,f0aac83244a7c0ff17709a752ebd76ae
ORIGA,B,367.jpg,/raid/home/students/hawky_luc/P-le-Projet-Zenkolab/datasets/sshikamaru__glaucoma-detection/ORIGA/ORIGA/Images/367.jpg,f0aac83244a7c0ff17709a752ebd76ae
ORIGA,B,320.jpg,/raid/home/students/hawky_luc/P-le-Projet-Zenkolab/datasets/sshikamaru__glaucoma-detection/ORIGA/ORIGA/Images/320.jpg,f0c4f7a138453219c517b3e2e933f93e
FUNDUS_SORTED,Train,320.jpg,/raid/home/students/hawky_luc/P-le-Projet-Zenkolab/datasets/sshikamaru__glaucoma-detection/Fundus_Train_Val_Data/Fundus_Scanes_Sorted/Train/Glaucoma_Negative/320.jpg,f0c4f7a138453219c517b3e2e933f93e
ORIGA,A,391.jpg,/raid/home/students/hawky_luc/P-le-Projet-Zenkolab/datasets/sshikamaru__glaucoma-detection/ORIGA/ORIGA/Images/391.jpg,f0dd0118d3f4f53b85163292affd4ee3
FUNDUS_SORTED,Train,391.jpg,/raid/home/students/hawky_luc/P-le-Projet-Zenkolab/datasets/sshikamaru__glaucoma-detection/Fundus_Train_Val_Data/Fundus_Scanes_Sorted/Train/Glaucoma_Negative/391.jpg,f0dd0118d3f4f53b85163292affd4ee3
FUNDUS_SORTED,Train,214.jpg,/raid/home/students/hawky_luc/P-le-Projet-Zenkolab/datasets/sshikamaru__glaucoma-detection/Fundus_Train_Val_Data/Fundus_Scanes_Sorted/Train/Glaucoma_Negative/214.jpg,f0f13a1f7dc3c78eef0b95a55a133356
ORIGA,A,214.jpg,/raid/home/students/hawky_luc/P-le-Projet-Zenkolab/datasets/sshikamaru__glaucoma-detection/ORIGA/ORIGA/Images/214.jpg,f0f13a1f7dc3c78eef0b95a55a133356
FUNDUS_SORTED,Train,030.jpg,/raid/home/students/hawky_luc/P-le-Projet-Zenkolab/datasets/sshikamaru__glaucoma-detection/Fundus_Train_Val_Data/Fundus_Scanes_Sorted/Train/Glaucoma_Negative/030.jpg,f1652674fbd091986a29624e228fca63
ORIGA,A,030.jpg,/raid/home/students/hawky_luc/P-le-Projet-Zenkolab/datasets/sshikamaru__glaucoma-detection/ORIGA/ORIGA/Images/030.jpg,f1652674fbd091986a29624e228fca63
ORIGA,A,475.jpg,/raid/home/students/hawky_luc/P-le-Projet-Zenkolab/datasets/sshikamaru__glaucoma-detection/ORIGA/ORIGA/Images/475.jpg,f1ade82b82fea69c127fe64884b7f50e
FUNDUS_SORTED,Train,475.jpg,/raid/home/students/hawky_luc/P-le-Projet-Zenkolab/datasets/sshikamaru__glaucoma-detection/Fundus_Train_Val_Data/Fundus_Scanes_Sorted/Train/Glaucoma_Negative/475.jpg,f1ade82b82fea69c127fe64884b7f50e
FUNDUS_SORTED,Validation,498.jpg,/raid/home/students/hawky_luc/P-le-Projet-Zenkolab/datasets/sshikamaru__glaucoma-detection/Fundus_Train_Val_Data/Fundus_Scanes_Sorted/Validation/Glaucoma_Negative/498.jpg,f1e7f6801399665bff135aa23ff0e19b
ORIGA,B,498.jpg,/raid/home/students/hawky_luc/P-le-Projet-Zenkolab/datasets/sshikamaru__glaucoma-detection/ORIGA/ORIGA/Images/498.jpg,f1e7f6801399665bff135aa23ff0e19b
FUNDUS_SORTED,Train,429.jpg,/raid/home/students/hawky_luc/P-le-Projet-Zenkolab/datasets/sshikamaru__glaucoma-detection/Fundus_Train_Val_Data/Fundus_Scanes_Sorted/Train/Glaucoma_Positive/429.jpg,f3171c7a05a91a552b787c141f374cb5
ORIGA,B,429.jpg,/raid/home/students/hawky_luc/P-le-Projet-Zenkolab/datasets/sshikamaru__glaucoma-detection/ORIGA/ORIGA/Images/429.jpg,f3171c7a05a91a552b787c141f374cb5
FUNDUS_SORTED,Train,267.jpg,/raid/home/students/hawky_luc/P-le-Projet-Zenkolab/datasets/sshikamaru__glaucoma-detection/Fundus_Train_Val_Data/Fundus_Scanes_Sorted/Train/Glaucoma_Negative/267.jpg,f38e307a8b6b309f19b108603e5fa501
ORIGA,B,267.jpg,/raid/home/students/hawky_luc/P-le-Projet-Zenkolab/datasets/sshikamaru__glaucoma-detection/ORIGA/ORIGA/Images/267.jpg,f38e307a8b6b309f19b108603e5fa501
FUNDUS_SORTED,Train,212.jpg,/raid/home/students/hawky_luc/P-le-Projet-Zenkolab/datasets/sshikamaru__glaucoma-detection/Fundus_Train_Val_Data/Fundus_Scanes_Sorted/Train/Glaucoma_Negative/212.jpg,f3f9c0fccd60b828807a88f6b11027a5
ORIGA,B,212.jpg,/raid/home/students/hawky_luc/P-le-Projet-Zenkolab/datasets/sshikamaru__glaucoma-detection/ORIGA/ORIGA/Images/212.jpg,f3f9c0fccd60b828807a88f6b11027a5
FUNDUS_SORTED,Train,266.jpg,/raid/home/students/hawky_luc/P-le-Projet-Zenkolab/datasets/sshikamaru__glaucoma-detection/Fundus_Train_Val_Data/Fundus_Scanes_Sorted/Train/Glaucoma_Negative/266.jpg,f4754ea0d9098f73da787afe90671b36
ORIGA,A,266.jpg,/raid/home/students/hawky_luc/P-le-Projet-Zenkolab/datasets/sshikamaru__glaucoma-detection/ORIGA/ORIGA/Images/266.jpg,f4754ea0d9098f73da787afe90671b36
ORIGA,A,292.jpg,/raid/home/students/hawky_luc/P-le-Projet-Zenkolab/datasets/sshikamaru__glaucoma-detection/ORIGA/ORIGA/Images/292.jpg,f48c60e10de0f2cbe97cb1464f820556
FUNDUS_SORTED,Train,292.jpg,/raid/home/students/hawky_luc/P-le-Projet-Zenkolab/datasets/sshikamaru__glaucoma-detection/Fundus_Train_Val_Data/Fundus_Scanes_Sorted/Train/Glaucoma_Negative/292.jpg,f48c60e10de0f2cbe97cb1464f820556
ORIGA,B,628.jpg,/raid/home/students/hawky_luc/P-le-Projet-Zenkolab/datasets/sshikamaru__glaucoma-detection/ORIGA/ORIGA/Images/628.jpg,f54ae4d326a5ecd8cf3b6bbafd20c344
FUNDUS_SORTED,Validation,628.jpg,/raid/home/students/hawky_luc/P-le-Projet-Zenkolab/datasets/sshikamaru__glaucoma-detection/Fundus_Train_Val_Data/Fundus_Scanes_Sorted/Validation/Glaucoma_Positive/628.jpg,f54ae4d326a5ecd8cf3b6bbafd20c344
FUNDUS_SORTED,Train,389.jpg,/raid/home/students/hawky_luc/P-le-Projet-Zenkolab/datasets/sshikamaru__glaucoma-detection/Fundus_Train_Val_Data/Fundus_Scanes_Sorted/Train/Glaucoma_Positive/389.jpg,f58a9f355683cdf071bf9b397bb61d7f
ORIGA,B,389.jpg,/raid/home/students/hawky_luc/P-le-Projet-Zenkolab/datasets/sshikamaru__glaucoma-detection/ORIGA/ORIGA/Images/389.jpg,f58a9f355683cdf071bf9b397bb61d7f
FUNDUS_SORTED,Train,419.jpg,/raid/home/students/hawky_luc/P-le-Projet-Zenkolab/datasets/sshikamaru__glaucoma-detection/Fundus_Train_Val_Data/Fundus_Scanes_Sorted/Train/Glaucoma_Positive/419.jpg,f62a6123f144d6a3912a10ee9600c604
ORIGA,A,419.jpg,/raid/home/students/hawky_luc/P-le-Projet-Zenkolab/datasets/sshikamaru__glaucoma-detection/ORIGA/ORIGA/Images/419.jpg,f62a6123f144d6a3912a10ee9600c604
ORIGA,A,360.jpg,/raid/home/students/hawky_luc/P-le-Projet-Zenkolab/datasets/sshikamaru__glaucoma-detection/ORIGA/ORIGA/Images/360.jpg,f63023644788b653283ee73cc74510d9
FUNDUS_SORTED,Train,360.jpg,/raid/home/students/hawky_luc/P-le-Projet-Zenkolab/datasets/sshikamaru__glaucoma-detection/Fundus_Train_Val_Data/Fundus_Scanes_Sorted/Train/Glaucoma_Negative/360.jpg,f63023644788b653283ee73cc74510d9
ORIGA,A,573.jpg,/raid/home/students/hawky_luc/P-le-Projet-Zenkolab/datasets/sshikamaru__glaucoma-detection/ORIGA/ORIGA/Images/573.jpg,f68a24afb38897c196607e1c771ddc51
FUNDUS_SORTED,Validation,573.jpg,/raid/home/students/hawky_luc/P-le-Projet-Zenkolab/datasets/sshikamaru__glaucoma-detection/Fundus_Train_Val_Data/Fundus_Scanes_Sorted/Validation/Glaucoma_Negative/573.jpg,f68a24afb38897c196607e1c771ddc51
ORIGA,B,500.jpg,/raid/home/students/hawky_luc/P-le-Projet-Zenkolab/datasets/sshikamaru__glaucoma-detection/ORIGA/ORIGA/Images/500.jpg,f720e8f4f7c3b459a934fefb3a9e9ba2
FUNDUS_SORTED,Validation,500.jpg,/raid/home/students/hawky_luc/P-le-Projet-Zenkolab/datasets/sshikamaru__glaucoma-detection/Fundus_Train_Val_Data/Fundus_Scanes_Sorted/Validation/Glaucoma_Negative/500.jpg,f720e8f4f7c3b459a934fefb3a9e9ba2
FUNDUS_SORTED,Validation,537.jpg,/raid/home/students/hawky_luc/P-le-Projet-Zenkolab/datasets/sshikamaru__glaucoma-detection/Fundus_Train_Val_Data/Fundus_Scanes_Sorted/Validation/Glaucoma_Negative/537.jpg,f78a497522b36ed499d4f7c599dc059c
ORIGA,A,537.jpg,/raid/home/students/hawky_luc/P-le-Projet-Zenkolab/datasets/sshikamaru__glaucoma-detection/ORIGA/ORIGA/Images/537.jpg,f78a497522b36ed499d4f7c599dc059c
FUNDUS_SORTED,Validation,603.jpg,/raid/home/students/hawky_luc/P-le-Projet-Zenkolab/datasets/sshikamaru__glaucoma-detection/Fundus_Train_Val_Data/Fundus_Scanes_Sorted/Validation/Glaucoma_Negative/603.jpg,f83aec3a51a930ccdd13d75fb3530f68
ORIGA,A,603.jpg,/raid/home/students/hawky_luc/P-le-Projet-Zenkolab/datasets/sshikamaru__glaucoma-detection/ORIGA/ORIGA/Images/603.jpg,f83aec3a51a930ccdd13d75fb3530f68
FUNDUS_SORTED,Train,112.jpg,/raid/home/students/hawky_luc/P-le-Projet-Zenkolab/datasets/sshikamaru__glaucoma-detection/Fundus_Train_Val_Data/Fundus_Scanes_Sorted/Train/Glaucoma_Negative/112.jpg,f8578f812c5e2b2146d413271b5dfa82
ORIGA,B,112.jpg,/raid/home/students/hawky_luc/P-le-Projet-Zenkolab/datasets/sshikamaru__glaucoma-detection/ORIGA/ORIGA/Images/112.jpg,f8578f812c5e2b2146d413271b5dfa82
FUNDUS_SORTED,Train,251.jpg,/raid/home/students/hawky_luc/P-le-Projet-Zenkolab/datasets/sshikamaru__glaucoma-detection/Fundus_Train_Val_Data/Fundus_Scanes_Sorted/Train/Glaucoma_Negative/251.jpg,f8902fb5f4547005ccfe435f95360e13
ORIGA,B,251.jpg,/raid/home/students/hawky_luc/P-le-Projet-Zenkolab/datasets/sshikamaru__glaucoma-detection/ORIGA/ORIGA/Images/251.jpg,f8902fb5f4547005ccfe435f95360e13
FUNDUS_SORTED,Train,128.jpg,/raid/home/students/hawky_luc/P-le-Projet-Zenkolab/datasets/sshikamaru__glaucoma-detection/Fundus_Train_Val_Data/Fundus_Scanes_Sorted/Train/Glaucoma_Negative/128.jpg,f8d426f7875060ce77fb0f81466114cd
ORIGA,A,128.jpg,/raid/home/students/hawky_luc/P-le-Projet-Zenkolab/datasets/sshikamaru__glaucoma-detection/ORIGA/ORIGA/Images/128.jpg,f8d426f7875060ce77fb0f81466114cd
ORIGA,A,325.jpg,/raid/home/students/hawky_luc/P-le-Projet-Zenkolab/datasets/sshikamaru__glaucoma-detection/ORIGA/ORIGA/Images/325.jpg,f90618f662e115f397224e98a9384e8c
FUNDUS_SORTED,Train,325.jpg,/raid/home/students/hawky_luc/P-le-Projet-Zenkolab/datasets/sshikamaru__glaucoma-detection/Fundus_Train_Val_Data/Fundus_Scanes_Sorted/Train/Glaucoma_Negative/325.jpg,f90618f662e115f397224e98a9384e8c
ORIGA,A,224.jpg,/raid/home/students/hawky_luc/P-le-Projet-Zenkolab/datasets/sshikamaru__glaucoma-detection/ORIGA/ORIGA/Images/224.jpg,fa2d710c0caffea7f561731ea8987904
FUNDUS_SORTED,Train,224.jpg,/raid/home/students/hawky_luc/P-le-Projet-Zenkolab/datasets/sshikamaru__glaucoma-detection/Fundus_Train_Val_Data/Fundus_Scanes_Sorted/Train/Glaucoma_Negative/224.jpg,fa2d710c0caffea7f561731ea8987904
FUNDUS_SORTED,Train,058.jpg,/raid/home/students/hawky_luc/P-le-Projet-Zenkolab/datasets/sshikamaru__glaucoma-detection/Fundus_Train_Val_Data/Fundus_Scanes_Sorted/Train/Glaucoma_Negative/058.jpg,fa7892ea11c6f2bcd337d3c4461ec96a
ORIGA,A,058.jpg,/raid/home/students/hawky_luc/P-le-Projet-Zenkolab/datasets/sshikamaru__glaucoma-detection/ORIGA/ORIGA/Images/058.jpg,fa7892ea11c6f2bcd337d3c4461ec96a
ORIGA,B,442.jpg,/raid/home/students/hawky_luc/P-le-Projet-Zenkolab/datasets/sshikamaru__glaucoma-detection/ORIGA/ORIGA/Images/442.jpg,fa98bfb7efb36e987ce0bc57ff82f3f5
FUNDUS_SORTED,Train,442.jpg,/raid/home/students/hawky_luc/P-le-Projet-Zenkolab/datasets/sshikamaru__glaucoma-detection/Fundus_Train_Val_Data/Fundus_Scanes_Sorted/Train/Glaucoma_Positive/442.jpg,fa98bfb7efb36e987ce0bc57ff82f3f5
ORIGA,B,635.jpg,/raid/home/students/hawky_luc/P-le-Projet-Zenkolab/datasets/sshikamaru__glaucoma-detection/ORIGA/ORIGA/Images/635.jpg,fb7dcdfc699a20363a92a6ef63ee6654
FUNDUS_SORTED,Validation,635.jpg,/raid/home/students/hawky_luc/P-le-Projet-Zenkolab/datasets/sshikamaru__glaucoma-detection/Fundus_Train_Val_Data/Fundus_Scanes_Sorted/Validation/Glaucoma_Negative/635.jpg,fb7dcdfc699a20363a92a6ef63ee6654
FUNDUS_SORTED,Train,363.jpg,/raid/home/students/hawky_luc/P-le-Projet-Zenkolab/datasets/sshikamaru__glaucoma-detection/Fundus_Train_Val_Data/Fundus_Scanes_Sorted/Train/Glaucoma_Negative/363.jpg,fce75d06ea3f4dfc4e94714f20fea023
ORIGA,A,363.jpg,/raid/home/students/hawky_luc/P-le-Projet-Zenkolab/datasets/sshikamaru__glaucoma-detection/ORIGA/ORIGA/Images/363.jpg,fce75d06ea3f4dfc4e94714f20fea023
FUNDUS_SORTED,Train,420.jpg,/raid/home/students/hawky_luc/P-le-Projet-Zenkolab/datasets/sshikamaru__glaucoma-detection/Fundus_Train_Val_Data/Fundus_Scanes_Sorted/Train/Glaucoma_Negative/420.jpg,fd68c5afb4342dd8e330100b2b7c799d
ORIGA,B,420.jpg,/raid/home/students/hawky_luc/P-le-Projet-Zenkolab/datasets/sshikamaru__glaucoma-detection/ORIGA/ORIGA/Images/420.jpg,fd68c5afb4342dd8e330100b2b7c799d
ORIGA,B,234.jpg,/raid/home/students/hawky_luc/P-le-Projet-Zenkolab/datasets/sshikamaru__glaucoma-detection/ORIGA/ORIGA/Images/234.jpg,fdadc1d4cb84b04a5d768f9b25ae493b
FUNDUS_SORTED,Train,234.jpg,/raid/home/students/hawky_luc/P-le-Projet-Zenkolab/datasets/sshikamaru__glaucoma-detection/Fundus_Train_Val_Data/Fundus_Scanes_Sorted/Train/Glaucoma_Negative/234.jpg,fdadc1d4cb84b04a5d768f9b25ae493b
ORIGA,B,059.jpg,/raid/home/students/hawky_luc/P-le-Projet-Zenkolab/datasets/sshikamaru__glaucoma-detection/ORIGA/ORIGA/Images/059.jpg,fea2da0fe757e5587a2a8486676219d1
FUNDUS_SORTED,Train,059.jpg,/raid/home/students/hawky_luc/P-le-Projet-Zenkolab/datasets/sshikamaru__glaucoma-detection/Fundus_Train_Val_Data/Fundus_Scanes_Sorted/Train/Glaucoma_Negative/059.jpg,fea2da0fe757e5587a2a8486676219d1
ORIGA,B,195.jpg,/raid/home/students/hawky_luc/P-le-Projet-Zenkolab/datasets/sshikamaru__glaucoma-detection/ORIGA/ORIGA/Images/195.jpg,ff17cf75b4b5e20c904abe6dbfb75f56
FUNDUS_SORTED,Train,195.jpg,/raid/home/students/hawky_luc/P-le-Projet-Zenkolab/datasets/sshikamaru__glaucoma-detection/Fundus_Train_Val_Data/Fundus_Scanes_Sorted/Train/Glaucoma_Negative/195.jpg,ff17cf75b4b5e20c904abe6dbfb75f56
FUNDUS_SORTED,Train,026.jpg,/raid/home/students/hawky_luc/P-le-Projet-Zenkolab/datasets/sshikamaru__glaucoma-detection/Fundus_Train_Val_Data/Fundus_Scanes_Sorted/Train/Glaucoma_Negative/026.jpg,ff7e6cbd9598329a5a84de981a2137b3
ORIGA,A,026.jpg,/raid/home/students/hawky_luc/P-le-Projet-Zenkolab/datasets/sshikamaru__glaucoma-detection/ORIGA/ORIGA/Images/026.jpg,ff7e6cbd9598329a5a84de981a2137b3
FUNDUS_SORTED,Train,105.jpg,/raid/home/students/hawky_luc/P-le-Projet-Zenkolab/datasets/sshikamaru__glaucoma-detection/Fundus_Train_Val_Data/Fundus_Scanes_Sorted/Train/Glaucoma_Negative/105.jpg,ff8311165c0b2bd164258ff18d201c1c
ORIGA,A,105.jpg,/raid/home/students/hawky_luc/P-le-Projet-Zenkolab/datasets/sshikamaru__glaucoma-detection/ORIGA/ORIGA/Images/105.jpg,ff8311165c0b2bd164258ff18d201c1c
ORIGA,A,561.jpg,/raid/home/students/hawky_luc/P-le-Projet-Zenkolab/datasets/sshikamaru__glaucoma-detection/ORIGA/ORIGA/Images/561.jpg,ffdf2c9785e11e1d39697fb99bd363ee
FUNDUS_SORTED,Validation,561.jpg,/raid/home/students/hawky_luc/P-le-Projet-Zenkolab/datasets/sshikamaru__glaucoma-detection/Fundus_Train_Val_Data/Fundus_Scanes_Sorted/Validation/Glaucoma_Negative/561.jpg,ffdf2c9785e11e1d39697fb99bd363ee
