dataset,split,filename,label,width,height,aspect_ratio,brightness,contrast,blur_var,red_mean,green_mean,blue_mean
REFUGE2,train,g0001.jpg,1.0,2124.0,2056.0,1.0330739299610896,35.01935958862305,24.105470657348633,4.436657905578613,52.959693908691406,31.978668212890625,20.11971664428711
REFUGE2,train,g0002.jpg,1.0,2124.0,2056.0,1.0330739299610896,41.612667083740234,25.85857391357422,6.085731506347656,67.60843658447266,36.06199645996094,21.167585372924805
REFUGE2,train,g0003.jpg,1.0,2124.0,2056.0,1.0330739299610896,58.17167663574219,30.046585083007812,12.410322189331055,90.23056030273438,58.39504623413086,25.889413833618164
REFUGE2,train,g0004.jpg,1.0,2124.0,2056.0,1.0330739299610896,62.75199890136719,32.871063232421875,14.82315444946289,97.97907257080078,62.05435562133789,28.22256088256836
REFUGE2,train,g0005.jpg,1.0,2124.0,2056.0,1.0330739299610896,50.59280014038086,29.56839370727539,10.498491287231445,84.33221435546875,48.081031799316406,19.365154266357422
REFUGE2,train,g0006.jpg,1.0,2124.0,2056.0,1.0330739299610896,32.94741439819336,26.196643829345703,3.6842079162597656,54.429832458496094,28.948654174804688,15.463750839233398
REFUGE2,train,g0007.jpg,1.0,2124.0,2056.0,1.0330739299610896,30.383506774902344,22.171682357788086,3.5970497131347656,50.17708969116211,26.782062530517578,14.191366195678711
REFUGE2,train,g0008.jpg,1.0,2124.0,2056.0,1.0330739299610896,51.17323684692383,30.025638580322266,6.120182991027832,81.0126953125,50.47104263305664,22.035972595214844
REFUGE2,train,g0009.jpg,1.0,2124.0,2056.0,1.0330739299610896,45.521907806396484,27.651935577392578,5.946474075317383,75.79300689697266,41.05867004394531,19.714040756225586
REFUGE2,train,g0010.jpg,1.0,2124.0,2056.0,1.0330739299610896,42.278045654296875,27.121337890625,5.52894401550293,70.91741180419922,37.9018440246582,18.014890670776367
REFUGE2,train,g0011.jpg,1.0,2124.0,2056.0,1.0330739299610896,52.722103118896484,27.591873168945312,8.97420597076416,92.60066986083984,47.924888610839844,17.6407413482666
REFUGE2,train,g0012.jpg,1.0,2124.0,2056.0,1.0330739299610896,47.62918472290039,28.058637619018555,6.194370746612549,76.79252624511719,43.58680725097656,22.508220672607422
REFUGE2,train,g0013.jpg,1.0,2124.0,2056.0,1.0330739299610896,41.974037170410156,26.32200813293457,5.405556678771973,67.95072937011719,38.31540298461914,19.65598487854004
REFUGE2,train,g0014.jpg,1.0,2124.0,2056.0,1.0330739299610896,47.437679290771484,30.49173927307129,6.174768447875977,76.60721588134766,43.75529479980469,21.950519561767578
REFUGE2,train,g0015.jpg,1.0,2124.0,2056.0,1.0330739299610896,37.62771987915039,24.755033493041992,4.446235656738281,61.60724639892578,34.6239013671875,16.65201187133789
REFUGE2,train,g0016.jpg,1.0,2124.0,2056.0,1.0330739299610896,61.177757263183594,39.03214645385742,9.37647819519043,94.48820495605469,57.16470718383789,31.880367279052734
REFUGE2,train,g0017.jpg,1.0,2124.0,2056.0,1.0330739299610896,60.95820999145508,35.90424728393555,11.908608436584473,102.05835723876953,55.843135833740234,24.97314453125
REFUGE2,train,g0018.jpg,1.0,2124.0,2056.0,1.0330739299610896,33.48909378051758,23.243576049804688,4.370841979980469,56.28020477294922,29.83446502685547,14.352614402770996
REFUGE2,train,g0019.jpg,1.0,2124.0,2056.0,1.0330739299610896,41.87931442260742,24.34202766418457,5.587589263916016,66.91475677490234,40.372615814208984,18.35057830810547
REFUGE2,train,g0020.jpg,1.0,2124.0,2056.0,1.0330739299610896,43.075927734375,25.61043357849121,7.107895851135254,68.58226776123047,41.94804763793945,18.697465896606445
REFUGE2,train,g0021.jpg,1.0,2124.0,2056.0,1.0330739299610896,43.57128143310547,25.112939834594727,6.545027732849121,72.91093444824219,38.71478271484375,19.0881290435791
REFUGE2,train,g0022.jpg,1.0,2124.0,2056.0,1.0330739299610896,38.03321075439453,33.37578201293945,4.568851470947266,59.75373077392578,35.57126998901367,18.774627685546875
REFUGE2,train,g0023.jpg,1.0,2124.0,2056.0,1.0330739299610896,29.951030731201172,28.547622680664062,4.110395908355713,44.87165451049805,29.037450790405273,15.943984985351562
REFUGE2,train,g0024.jpg,1.0,2124.0,2056.0,1.0330739299610896,41.98226547241211,23.567846298217773,6.120710372924805,66.73119354248047,41.12342071533203,18.092174530029297
REFUGE2,train,g0025.jpg,1.0,2124.0,2056.0,1.0330739299610896,29.27613067626953,26.04356575012207,3.141977310180664,42.43151092529297,28.613414764404297,16.783464431762695
REFUGE2,train,g0026.jpg,1.0,2124.0,2056.0,1.0330739299610896,22.610198974609375,21.58674430847168,2.9444637298583984,31.3958797454834,22.908754348754883,13.52596378326416
REFUGE2,train,g0027.jpg,1.0,2124.0,2056.0,1.0330739299610896,47.316532135009766,25.855600357055664,8.377970695495605,76.06521606445312,45.64249801635742,20.24188232421875
REFUGE2,train,g0028.jpg,1.0,2124.0,2056.0,1.0330739299610896,31.717554092407227,19.61052131652832,4.678126811981201,47.511478424072266,31.409156799316406,16.23202896118164
REFUGE2,train,g0029.jpg,1.0,2124.0,2056.0,1.0330739299610896,27.590944290161133,18.939184188842773,4.303790092468262,45.889156341552734,25.513471603393555,11.370206832885742
REFUGE2,train,g0030.jpg,1.0,2124.0,2056.0,1.0330739299610896,45.879852294921875,26.609189987182617,6.696529388427734,67.3367919921875,43.59300231933594,26.709768295288086
REFUGE2,train,g0031.jpg,1.0,2124.0,2056.0,1.0330739299610896,44.02202606201172,26.06842041015625,6.951125144958496,64.64618682861328,41.658119201660156,25.76177978515625
REFUGE2,train,g0032.jpg,1.0,2124.0,2056.0,1.0330739299610896,40.663360595703125,25.02983283996582,6.861475944519043,55.553504943847656,42.16961669921875,24.2669677734375
REFUGE2,train,g0033.jpg,1.0,2124.0,2056.0,1.0330739299610896,35.832847595214844,23.67421531677246,5.414494037628174,50.26940155029297,36.75151443481445,20.477611541748047
REFUGE2,train,g0034.jpg,1.0,2124.0,2056.0,1.0330739299610896,40.867332458496094,24.520870208740234,5.035799026489258,60.696571350097656,38.351680755615234,23.553735733032227
REFUGE2,train,g0035.jpg,1.0,2124.0,2056.0,1.0330739299610896,24.590925216674805,18.713788986206055,2.6167986392974854,39.60624313354492,23.380577087402344,10.785957336425781
REFUGE2,train,g0036.jpg,1.0,2124.0,2056.0,1.0330739299610896,27.943334579467773,18.587377548217773,3.5151307582855225,47.27280044555664,25.207866668701172,11.349342346191406
REFUGE2,train,g0037.jpg,1.0,2124.0,2056.0,1.0330739299610896,31.425769805908203,20.95650291442871,4.209117889404297,52.3593864440918,28.990089416503906,12.927830696105957
REFUGE2,train,g0038.jpg,1.0,2124.0,2056.0,1.0330739299610896,36.511924743652344,24.566688537597656,6.535844802856445,56.31434631347656,35.48057174682617,17.74087142944336
REFUGE2,train,g0039.jpg,1.0,2124.0,2056.0,1.0330739299610896,49.28922653198242,27.658151626586914,6.720978736877441,80.72464752197266,43.14756393432617,23.995479583740234
REFUGE2,train,g0040.jpg,1.0,2124.0,2056.0,1.0330739299610896,34.93930435180664,22.63253402709961,4.5402913093566895,56.97916030883789,30.555870056152344,17.282880783081055
REFUGE2,train,n0001.jpg,0.0,2124.0,2056.0,1.0330739299610896,38.48110580444336,22.16834259033203,4.157442569732666,67.53858947753906,35.94737243652344,11.957348823547363
REFUGE2,train,n0002.jpg,0.0,2124.0,2056.0,1.0330739299610896,32.877296447753906,21.921754837036133,3.832427501678467,55.10905456542969,31.370708465576172,12.152120590209961
REFUGE2,train,n0003.jpg,0.0,2124.0,2056.0,1.0330739299610896,40.32266616821289,27.7879695892334,4.221630096435547,68.83086395263672,34.1788444519043,17.958284378051758
REFUGE2,train,n0004.jpg,0.0,2124.0,2056.0,1.0330739299610896,61.33415222167969,33.753475189208984,10.541084289550781,93.36363983154297,58.133968353271484,32.504859924316406
REFUGE2,train,n0005.jpg,0.0,2124.0,2056.0,1.0330739299610896,54.01792526245117,31.318889617919922,8.401716232299805,81.42914581298828,51.67112350463867,28.95350456237793
REFUGE2,train,n0006.jpg,0.0,2124.0,2056.0,1.0330739299610896,35.26814651489258,24.046354293823242,4.859798431396484,57.366336822509766,30.714122772216797,17.723974227905273
REFUGE2,train,n0007.jpg,0.0,2124.0,2056.0,1.0330739299610896,52.54641342163086,30.51859474182129,7.618442535400391,76.81489562988281,52.145198822021484,28.679149627685547
REFUGE2,train,n0008.jpg,0.0,2124.0,2056.0,1.0330739299610896,54.73264694213867,31.242570877075195,8.601312637329102,76.95529174804688,56.45941925048828,30.783245086669922
REFUGE2,train,n0009.jpg,0.0,2124.0,2056.0,1.0330739299610896,42.04518508911133,24.2901554107666,4.884787559509277,75.83688354492188,36.50392532348633,13.794751167297363
REFUGE2,train,n0010.jpg,0.0,2124.0,2056.0,1.0330739299610896,53.643856048583984,29.430400848388672,8.938419342041016,94.34722900390625,47.829105377197266,18.755229949951172
REFUGE2,train,n0011.jpg,0.0,2124.0,2056.0,1.0330739299610896,47.967464447021484,29.762548446655273,5.44528341293335,75.8650894165039,44.80573654174805,23.2315673828125
REFUGE2,train,n0012.jpg,0.0,2124.0,2056.0,1.0330739299610896,49.57636642456055,30.74725914001465,6.3357648849487305,77.36661529541016,47.010440826416016,24.3520450592041
REFUGE2,train,n0013.jpg,0.0,2124.0,2056.0,1.0330739299610896,33.863014221191406,21.999895095825195,4.7883148193359375,57.889469146728516,30.400930404663086,13.29864501953125
REFUGE2,train,n0014.jpg,0.0,2124.0,2056.0,1.0330739299610896,32.25397872924805,20.961076736450195,3.218616485595703,58.30817413330078,28.80503273010254,9.648715019226074
REFUGE2,train,n0015.jpg,0.0,2124.0,2056.0,1.0330739299610896,43.19799041748047,26.09136199951172,5.745250701904297,75.02303314208984,38.94206619262695,15.62887191772461
REFUGE2,train,n0016.jpg,0.0,2124.0,2056.0,1.0330739299610896,32.32182693481445,20.736915588378906,3.7673912048339844,55.400089263916016,29.582359313964844,11.983027458190918
REFUGE2,train,n0017.jpg,0.0,2124.0,2056.0,1.0330739299610896,38.62062072753906,24.674272537231445,4.767614841461182,67.13850402832031,34.67920684814453,14.044140815734863
REFUGE2,train,n0018.jpg,0.0,2124.0,2056.0,1.0330739299610896,48.883216857910156,29.000900268554688,5.966105937957764,75.39500427246094,46.54970169067383,24.7049503326416
REFUGE2,train,n0019.jpg,0.0,2124.0,2056.0,1.0330739299610896,47.22453308105469,30.157346725463867,6.4579362869262695,71.21742248535156,46.265342712402344,24.190834045410156
REFUGE2,train,n0020.jpg,0.0,2124.0,2056.0,1.0330739299610896,44.70094299316406,25.507389068603516,5.490175724029541,78.82341003417969,40.180702209472656,15.098712921142578
REFUGE2,train,n0021.jpg,0.0,2124.0,2056.0,1.0330739299610896,44.882205963134766,27.885478973388672,5.3539276123046875,77.29754638671875,41.09444046020508,16.254627227783203
REFUGE2,train,n0022.jpg,0.0,2124.0,2056.0,1.0330739299610896,29.838680267333984,21.583236694335938,3.1127421855926514,47.30019760131836,28.23702621459961,13.978815078735352
REFUGE2,train,n0023.jpg,0.0,2124.0,2056.0,1.0330739299610896,30.602203369140625,22.653879165649414,3.9182302951812744,48.06095504760742,29.0197696685791,14.725882530212402
REFUGE2,train,n0024.jpg,0.0,2124.0,2056.0,1.0330739299610896,55.693641662597656,29.6301212310791,10.549756050109863,85.57135772705078,55.98451232910156,25.525056838989258
REFUGE2,train,n0025.jpg,0.0,2124.0,2056.0,1.0330739299610896,43.06428146362305,24.486236572265625,5.807199478149414,71.52288055419922,40.851200103759766,16.818758010864258
REFUGE2,train,n0026.jpg,0.0,2124.0,2056.0,1.0330739299610896,48.16637420654297,27.70450782775879,6.939265251159668,81.68022918701172,44.450408935546875,18.368484497070312
REFUGE2,train,n0027.jpg,0.0,2124.0,2056.0,1.0330739299610896,37.824527740478516,23.791011810302734,5.196135520935059,57.26305389404297,37.920074462890625,18.29045867919922
REFUGE2,train,n0028.jpg,0.0,2124.0,2056.0,1.0330739299610896,53.53248596191406,28.687511444091797,10.288881301879883,87.14861297607422,49.980010986328125,23.468839645385742
REFUGE2,train,n0029.jpg,0.0,2124.0,2056.0,1.0330739299610896,52.2761344909668,29.799936294555664,8.041452407836914,85.91844177246094,46.88816452026367,24.021793365478516
REFUGE2,train,n0030.jpg,0.0,2124.0,2056.0,1.0330739299610896,50.15260696411133,27.5474796295166,7.842174530029297,80.02178192138672,48.62022399902344,21.81580924987793
REFUGE2,train,n0031.jpg,0.0,2124.0,2056.0,1.0330739299610896,52.98689651489258,29.34299659729004,9.675884246826172,88.03376007080078,51.35187530517578,19.575057983398438
REFUGE2,train,n0032.jpg,0.0,2124.0,2056.0,1.0330739299610896,38.69340896606445,24.7690372467041,4.253584861755371,58.09499740600586,37.63908386230469,20.346145629882812
REFUGE2,train,n0033.jpg,0.0,2124.0,2056.0,1.0330739299610896,48.396907806396484,26.94293212890625,8.163415908813477,79.2017593383789,44.23487091064453,21.754098892211914
REFUGE2,train,n0034.jpg,0.0,2124.0,2056.0,1.0330739299610896,41.64729690551758,25.3936710357666,6.371007919311523,70.70758056640625,37.24658203125,16.98772621154785
REFUGE2,train,n0035.jpg,0.0,2124.0,2056.0,1.0330739299610896,42.1982536315918,24.03710174560547,5.872157096862793,66.4247817993164,40.941802978515625,19.228179931640625
REFUGE2,train,n0036.jpg,0.0,2124.0,2056.0,1.0330739299610896,39.1970329284668,24.425256729125977,5.469178199768066,63.52081298828125,37.105228424072266,16.96506118774414
REFUGE2,train,n0037.jpg,0.0,2124.0,2056.0,1.0330739299610896,41.200138092041016,27.73036003112793,5.1742844581604,52.659912109375,41.56293487548828,29.377567291259766
REFUGE2,train,n0038.jpg,0.0,2124.0,2056.0,1.0330739299610896,35.46760177612305,24.48923110961914,4.864324569702148,50.01966094970703,35.148216247558594,21.23491859436035
REFUGE2,train,n0039.jpg,0.0,2124.0,2056.0,1.0330739299610896,38.811317443847656,23.65329360961914,5.1094770431518555,67.51911926269531,35.166412353515625,13.748428344726562
REFUGE2,train,n0040.jpg,0.0,2124.0,2056.0,1.0330739299610896,54.10372543334961,30.33051872253418,7.882870674133301,86.07293701171875,50.832454681396484,25.40578269958496
REFUGE2,train,n0041.jpg,0.0,2124.0,2056.0,1.0330739299610896,45.90647506713867,29.827556610107422,6.063657760620117,74.73522186279297,43.041168212890625,19.943031311035156
REFUGE2,train,n0042.jpg,0.0,2124.0,2056.0,1.0330739299610896,56.490447998046875,32.193153381347656,9.240802764892578,76.98777770996094,55.71968078613281,36.763893127441406
REFUGE2,train,n0043.jpg,0.0,2124.0,2056.0,1.0330739299610896,38.09784698486328,24.546415328979492,4.540963172912598,60.541473388671875,35.3056526184082,18.446409225463867
REFUGE2,train,n0044.jpg,0.0,2124.0,2056.0,1.0330739299610896,40.0077018737793,24.872339248657227,5.4100446701049805,64.51164245605469,36.92768859863281,18.583770751953125
REFUGE2,train,n0045.jpg,0.0,2124.0,2056.0,1.0330739299610896,36.95762252807617,22.978700637817383,6.292825222015381,49.15605163574219,39.351844787597656,22.364967346191406
REFUGE2,train,n0046.jpg,0.0,2124.0,2056.0,1.0330739299610896,46.485801696777344,28.108379364013672,7.916514873504639,74.82315826416016,44.10110092163086,20.533140182495117
REFUGE2,train,n0047.jpg,0.0,2124.0,2056.0,1.0330739299610896,37.82748031616211,23.40855598449707,4.105655670166016,68.30537414550781,32.46416473388672,12.712916374206543
REFUGE2,train,n0048.jpg,0.0,2124.0,2056.0,1.0330739299610896,43.87010955810547,26.701845169067383,5.500466346740723,79.65754699707031,37.61556625366211,14.337211608886719
REFUGE2,train,n0049.jpg,0.0,2124.0,2056.0,1.0330739299610896,38.47861099243164,22.70098876953125,4.693016529083252,66.32481384277344,35.28390121459961,13.827112197875977
REFUGE2,train,n0050.jpg,0.0,2124.0,2056.0,1.0330739299610896,45.88956832885742,25.321001052856445,6.669731616973877,74.20234680175781,44.2427864074707,19.223556518554688
REFUGE2,train,n0051.jpg,0.0,2124.0,2056.0,1.0330739299610896,46.572669982910156,26.713871002197266,5.638824462890625,77.63406372070312,44.45056915283203,17.63336181640625
REFUGE2,train,n0052.jpg,0.0,2124.0,2056.0,1.0330739299610896,45.44841003417969,25.84954833984375,7.340641975402832,74.50942993164062,44.25700759887695,17.57880210876465
REFUGE2,train,n0053.jpg,0.0,2124.0,2056.0,1.0330739299610896,43.19940185546875,24.606441497802734,5.680224418640137,68.02883911132812,41.3473014831543,20.222064971923828
REFUGE2,train,n0054.jpg,0.0,2124.0,2056.0,1.0330739299610896,50.17182540893555,29.124305725097656,8.431400299072266,69.80058288574219,49.467350006103516,31.247547149658203
REFUGE2,train,n0055.jpg,0.0,2124.0,2056.0,1.0330739299610896,50.99638366699219,29.510963439941406,6.746693134307861,73.71957397460938,49.27393341064453,29.995643615722656
REFUGE2,train,n0056.jpg,0.0,2124.0,2056.0,1.0330739299610896,54.28397750854492,31.898290634155273,7.620689392089844,77.06266021728516,53.39693832397461,32.39232635498047
REFUGE2,train,n0057.jpg,0.0,2124.0,2056.0,1.0330739299610896,52.78792190551758,29.42566680908203,7.398601531982422,78.38748168945312,51.60042190551758,28.375869750976562
REFUGE2,train,n0058.jpg,0.0,2124.0,2056.0,1.0330739299610896,52.867958068847656,30.318876266479492,6.774953842163086,76.98628997802734,49.9276237487793,31.689958572387695
REFUGE2,train,n0059.jpg,0.0,2124.0,2056.0,1.0330739299610896,45.07494354248047,28.810775756835938,5.569388389587402,65.30970764160156,43.225067138671875,26.6900577545166
REFUGE2,train,n0060.jpg,0.0,2124.0,2056.0,1.0330739299610896,47.02219009399414,27.934314727783203,6.838837623596191,78.971923828125,41.989253997802734,20.105377197265625
REFUGE2,train,n0061.jpg,0.0,2124.0,2056.0,1.0330739299610896,50.500240325927734,26.960914611816406,8.618242263793945,82.78316497802734,48.18815994262695,20.52940559387207
REFUGE2,train,n0062.jpg,0.0,2124.0,2056.0,1.0330739299610896,48.36042022705078,26.984683990478516,7.683060646057129,76.18571472167969,47.51099395751953,21.38454818725586
REFUGE2,train,n0063.jpg,0.0,2124.0,2056.0,1.0330739299610896,50.33900451660156,26.799747467041016,8.928546905517578,86.5658950805664,48.131221771240234,16.319902420043945
REFUGE2,train,n0064.jpg,0.0,2124.0,2056.0,1.0330739299610896,53.419612884521484,28.026060104370117,10.78158187866211,88.5576171875,52.94709396362305,18.754146575927734
REFUGE2,train,n0065.jpg,0.0,2124.0,2056.0,1.0330739299610896,42.74980163574219,28.498830795288086,6.484889984130859,65.65265655517578,41.834964752197266,20.761781692504883
REFUGE2,train,n0066.jpg,0.0,2124.0,2056.0,1.0330739299610896,43.95730972290039,25.921499252319336,5.057347774505615,72.50637817382812,41.2902717590332,18.075271606445312
REFUGE2,train,n0067.jpg,0.0,2124.0,2056.0,1.0330739299610896,47.91535568237305,26.88933563232422,6.844507217407227,84.02116394042969,43.25733184814453,16.467571258544922
REFUGE2,train,n0068.jpg,0.0,2124.0,2056.0,1.0330739299610896,43.04413604736328,25.371536254882812,5.911545753479004,77.55077362060547,37.970394134521484,13.61124324798584
REFUGE2,train,n0069.jpg,0.0,2124.0,2056.0,1.0330739299610896,49.005584716796875,26.2843017578125,9.656719207763672,80.7210922241211,46.910404205322266,19.38526153564453
REFUGE2,train,n0070.jpg,0.0,2124.0,2056.0,1.0330739299610896,53.100948333740234,29.240421295166016,9.370538711547852,84.72463989257812,49.643699645996094,24.93451499938965
REFUGE2,train,n0071.jpg,0.0,2124.0,2056.0,1.0330739299610896,39.62590408325195,24.485713958740234,4.945539474487305,76.18022155761719,31.70392417907715,10.993568420410156
REFUGE2,train,n0072.jpg,0.0,2124.0,2056.0,1.0330739299610896,46.0081787109375,25.14610481262207,7.268187046051025,66.68518829345703,47.3999137878418,23.939411163330078
REFUGE2,train,n0073.jpg,0.0,2124.0,2056.0,1.0330739299610896,40.41022872924805,24.66037368774414,5.905315399169922,58.40840530395508,41.5130729675293,21.3091983795166
REFUGE2,train,n0074.jpg,0.0,2124.0,2056.0,1.0330739299610896,55.8712272644043,32.17193603515625,8.768535614013672,80.61225128173828,56.16939926147461,30.832033157348633
REFUGE2,train,n0075.jpg,0.0,2124.0,2056.0,1.0330739299610896,51.30595779418945,31.097427368164062,7.882240295410156,73.84882354736328,51.20372772216797,28.865318298339844
REFUGE2,train,n0076.jpg,0.0,2124.0,2056.0,1.0330739299610896,35.930519104003906,21.711217880249023,4.749931335449219,64.3762435913086,32.6529426574707,10.762370109558105
REFUGE2,train,n0077.jpg,0.0,2124.0,2056.0,1.0330739299610896,40.990760803222656,24.19112777709961,5.62053918838501,69.30963897705078,37.80044937133789,15.862198829650879
REFUGE2,train,n0078.jpg,0.0,2124.0,2056.0,1.0330739299610896,47.51777267456055,28.57660484313965,6.813983917236328,80.9343490600586,42.2150993347168,19.40387535095215
REFUGE2,train,n0079.jpg,0.0,2124.0,2056.0,1.0330739299610896,43.10720443725586,27.835777282714844,6.502925395965576,63.230533599853516,40.67533493041992,25.415740966796875
REFUGE2,train,n0080.jpg,0.0,2124.0,2056.0,1.0330739299610896,40.857452392578125,26.943952560424805,5.840944290161133,52.09003829956055,41.44237518310547,29.039936065673828
REFUGE2,train,n0081.jpg,0.0,2124.0,2056.0,1.0330739299610896,38.429466247558594,27.51027488708496,5.409628868103027,49.303707122802734,38.98076629638672,27.003915786743164
REFUGE2,train,n0082.jpg,0.0,2124.0,2056.0,1.0330739299610896,56.06516647338867,32.080623626708984,9.022443771362305,88.03498840332031,52.00743865966797,28.15306282043457
REFUGE2,train,n0083.jpg,0.0,2124.0,2056.0,1.0330739299610896,43.640140533447266,26.09090805053711,6.632555961608887,68.5911636352539,40.64301300048828,21.686243057250977
REFUGE2,train,n0084.jpg,0.0,2124.0,2056.0,1.0330739299610896,39.79744338989258,25.134353637695312,6.738492012023926,56.72515106201172,40.283935546875,22.38323974609375
REFUGE2,train,n0085.jpg,0.0,2124.0,2056.0,1.0330739299610896,38.71486282348633,22.505884170532227,6.206707954406738,56.88956832885742,37.647857666015625,21.607160568237305
REFUGE2,train,n0086.jpg,0.0,2124.0,2056.0,1.0330739299610896,46.307708740234375,26.90774154663086,7.408263683319092,68.34454345703125,45.75410461425781,24.824480056762695
REFUGE2,train,n0087.jpg,0.0,2124.0,2056.0,1.0330739299610896,41.550697326660156,25.064542770385742,5.1182403564453125,72.65637969970703,38.94816970825195,13.047544479370117
REFUGE2,train,n0088.jpg,0.0,2124.0,2056.0,1.0330739299610896,40.96736145019531,24.874984741210938,5.83296012878418,70.23275756835938,38.74653244018555,13.922785758972168
REFUGE2,train,n0089.jpg,0.0,2124.0,2056.0,1.0330739299610896,59.9787483215332,36.09716796875,8.233823776245117,85.02491760253906,60.97015380859375,33.941192626953125
REFUGE2,train,n0090.jpg,0.0,2124.0,2056.0,1.0330739299610896,52.55080032348633,31.764371871948242,7.362899303436279,75.31652069091797,52.84511947631836,29.490755081176758
REFUGE2,train,n0091.jpg,0.0,2124.0,2056.0,1.0330739299610896,47.83058547973633,25.967172622680664,7.466073989868164,86.43647003173828,42.739593505859375,14.315690994262695
REFUGE2,train,n0092.jpg,0.0,2124.0,2056.0,1.0330739299610896,44.717594146728516,25.726051330566406,7.283574104309082,70.61739349365234,43.29839324951172,20.23699951171875
REFUGE2,train,n0093.jpg,0.0,2124.0,2056.0,1.0330739299610896,37.85818099975586,25.445823669433594,4.57696533203125,65.13179016113281,34.6169319152832,13.825822830200195
REFUGE2,train,n0094.jpg,0.0,2124.0,2056.0,1.0330739299610896,44.87650680541992,24.30310821533203,6.133550643920898,82.5788803100586,40.02565383911133,12.024972915649414
REFUGE2,train,n0095.jpg,0.0,2124.0,2056.0,1.0330739299610896,39.67769241333008,23.338520050048828,4.93223762512207,73.14595794677734,35.18058776855469,10.70653247833252
REFUGE2,train,n0096.jpg,0.0,2124.0,2056.0,1.0330739299610896,50.026031494140625,30.51772689819336,6.625214576721191,70.38097381591797,48.3362922668457,31.36082649230957
REFUGE2,train,n0097.jpg,0.0,2124.0,2056.0,1.0330739299610896,50.42435836791992,31.261436462402344,7.090364456176758,68.41117858886719,49.48809051513672,33.373817443847656
REFUGE2,train,n0098.jpg,0.0,2124.0,2056.0,1.0330739299610896,50.835548400878906,29.504756927490234,6.984062671661377,75.9916000366211,48.381439208984375,28.133617401123047
REFUGE2,train,n0099.jpg,0.0,2124.0,2056.0,1.0330739299610896,57.893375396728516,30.6152286529541,10.568723678588867,93.70596313476562,53.511627197265625,26.462522506713867
REFUGE2,train,n0100.jpg,0.0,2124.0,2056.0,1.0330739299610896,55.41067123413086,30.935766220092773,9.27547836303711,91.00942993164062,50.089805603027344,25.13276481628418
REFUGE2,train,n0101.jpg,0.0,2124.0,2056.0,1.0330739299610896,58.86684799194336,31.029346466064453,9.766735076904297,102.47541809082031,53.940460205078125,20.184659957885742
REFUGE2,train,n0102.jpg,0.0,2124.0,2056.0,1.0330739299610896,61.159629821777344,32.19091796875,11.306103706359863,108.52587127685547,55.08605194091797,19.86697006225586
REFUGE2,train,n0103.jpg,0.0,2124.0,2056.0,1.0330739299610896,43.22594451904297,23.882604598999023,5.4177422523498535,74.95639038085938,41.3954963684082,13.325936317443848
REFUGE2,train,n0104.jpg,0.0,2124.0,2056.0,1.0330739299610896,43.130374908447266,25.4163875579834,6.064680099487305,72.48340606689453,42.35639572143555,14.551331520080566
REFUGE2,train,n0105.jpg,0.0,2124.0,2056.0,1.0330739299610896,48.848907470703125,29.79096031188965,6.568573951721191,64.88227081298828,49.05691909790039,32.60755157470703
REFUGE2,train,n0106.jpg,0.0,2124.0,2056.0,1.0330739299610896,55.20286560058594,34.54662322998047,5.770683288574219,74.1521224975586,59.50635528564453,31.95011329650879
REFUGE2,train,n0107.jpg,0.0,2124.0,2056.0,1.0330739299610896,49.84589767456055,32.32851028442383,5.214415073394775,69.17410278320312,52.77229690551758,27.591293334960938
REFUGE2,train,n0108.jpg,0.0,2124.0,2056.0,1.0330739299610896,45.14744186401367,26.790023803710938,5.122829437255859,78.20748901367188,40.544410705566406,16.690431594848633
REFUGE2,train,n0109.jpg,0.0,2124.0,2056.0,1.0330739299610896,47.04867935180664,28.36142349243164,6.012225151062012,81.66842651367188,42.14521026611328,17.332399368286133
REFUGE2,train,n0110.jpg,0.0,2124.0,2056.0,1.0330739299610896,85.51456451416016,44.332664489746094,19.836864471435547,124.95844268798828,88.35236358642578,43.232906341552734
REFUGE2,train,n0111.jpg,0.0,2124.0,2056.0,1.0330739299610896,41.243682861328125,28.430971145629883,4.68194580078125,52.95412826538086,42.0327033996582,28.744213104248047
REFUGE2,train,n0112.jpg,0.0,2124.0,2056.0,1.0330739299610896,49.0274543762207,31.06800079345703,6.807930946350098,63.53706741333008,49.904571533203125,33.64071273803711
REFUGE2,train,n0113.jpg,0.0,2124.0,2056.0,1.0330739299610896,49.27901077270508,29.727930068969727,7.152185440063477,73.45683288574219,48.74284744262695,25.637359619140625
REFUGE2,train,n0114.jpg,0.0,2124.0,2056.0,1.0330739299610896,48.15711975097656,29.811349868774414,7.194822788238525,73.19869995117188,47.005516052246094,24.267139434814453
REFUGE2,train,n0115.jpg,0.0,2124.0,2056.0,1.0330739299610896,44.52968215942383,29.879262924194336,4.955593585968018,63.191802978515625,42.63809585571289,27.7591495513916
REFUGE2,train,n0116.jpg,0.0,2124.0,2056.0,1.0330739299610896,40.72421646118164,28.633026123046875,4.5873703956604,55.81776809692383,39.613685607910156,26.74119758605957
REFUGE2,train,n0117.jpg,0.0,2124.0,2056.0,1.0330739299610896,69.53617858886719,42.835208892822266,8.003233909606934,124.9188461303711,55.5597038269043,28.130006790161133
REFUGE2,train,n0118.jpg,0.0,2124.0,2056.0,1.0330739299610896,48.89808654785156,27.986984252929688,7.758066177368164,72.6568603515625,46.838890075683594,27.1984920501709
REFUGE2,train,n0119.jpg,0.0,2124.0,2056.0,1.0330739299610896,29.707563400268555,22.37377166748047,3.0799598693847656,52.542171478271484,26.398832321166992,10.181679725646973
REFUGE2,train,n0120.jpg,0.0,2124.0,2056.0,1.0330739299610896,29.499109268188477,22.577381134033203,3.3523590564727783,51.02082061767578,26.67752456665039,10.798978805541992
REFUGE2,train,n0121.jpg,0.0,2124.0,2056.0,1.0330739299610896,32.95618438720703,24.542585372924805,4.44774866104126,46.75192642211914,31.668006896972656,20.448627471923828
REFUGE2,train,n0122.jpg,0.0,2124.0,2056.0,1.0330739299610896,39.577064514160156,25.491701126098633,5.393460273742676,56.58560562133789,39.446842193603516,22.698749542236328
REFUGE2,train,n0123.jpg,0.0,2124.0,2056.0,1.0330739299610896,56.02711868286133,31.67922592163086,8.074939727783203,89.09571075439453,50.181758880615234,28.803884506225586
REFUGE2,train,n0124.jpg,0.0,2124.0,2056.0,1.0330739299610896,40.328468322753906,24.29761505126953,5.336590766906738,68.73484802246094,37.00471496582031,15.245844841003418
REFUGE2,train,n0125.jpg,0.0,2124.0,2056.0,1.0330739299610896,40.836429595947266,25.950908660888672,4.653286933898926,77.0582504272461,33.78516387939453,11.665874481201172
REFUGE2,train,n0126.jpg,0.0,2124.0,2056.0,1.0330739299610896,36.90671920776367,24.76573944091797,4.240277290344238,68.8324966430664,31.059831619262695,10.827826499938965
REFUGE2,train,n0127.jpg,0.0,2124.0,2056.0,1.0330739299610896,43.71333694458008,27.815223693847656,5.176516532897949,67.9365234375,40.550846099853516,22.652639389038086
REFUGE2,train,n0128.jpg,0.0,2124.0,2056.0,1.0330739299610896,45.36443328857422,30.35651397705078,6.169869899749756,70.30131530761719,42.295650482177734,23.49632453918457
REFUGE2,train,n0129.jpg,0.0,2124.0,2056.0,1.0330739299610896,40.62662124633789,29.791038513183594,6.966123580932617,68.20066833496094,37.13019561767578,16.548988342285156
REFUGE2,train,n0130.jpg,0.0,2124.0,2056.0,1.0330739299610896,42.77188491821289,25.30620002746582,5.751020908355713,74.93158721923828,37.85608673095703,15.52798080444336
REFUGE2,train,n0131.jpg,0.0,2124.0,2056.0,1.0330739299610896,49.81001281738281,28.40726661682129,6.113704681396484,79.13008880615234,48.71247100830078,21.587474822998047
REFUGE2,train,n0132.jpg,0.0,2124.0,2056.0,1.0330739299610896,43.314353942871094,27.825654983520508,6.118941307067871,61.09577560424805,41.357521057128906,27.489778518676758
REFUGE2,train,n0133.jpg,0.0,2124.0,2056.0,1.0330739299610896,46.168487548828125,30.188129425048828,6.395633697509766,60.89003372192383,46.179962158203125,31.435461044311523
REFUGE2,train,n0134.jpg,0.0,2124.0,2056.0,1.0330739299610896,39.34353256225586,23.56184959411621,4.760733127593994,68.45343780517578,36.81578063964844,12.76138973236084
REFUGE2,train,n0135.jpg,0.0,2124.0,2056.0,1.0330739299610896,41.87615966796875,25.102294921875,5.8892107009887695,70.87003326416016,39.92683029174805,14.831598281860352
REFUGE2,train,n0136.jpg,0.0,2124.0,2056.0,1.0330739299610896,40.98411178588867,26.138751983642578,4.986822128295898,49.65667724609375,42.868247985839844,30.427410125732422
REFUGE2,train,n0137.jpg,0.0,2124.0,2056.0,1.0330739299610896,52.33072280883789,31.913776397705078,8.13392448425293,62.03108596801758,54.79243469238281,40.16865158081055
REFUGE2,train,n0138.jpg,0.0,2124.0,2056.0,1.0330739299610896,58.891883850097656,37.71809768676758,10.88197135925293,69.61783599853516,61.989009857177734,45.06879806518555
REFUGE2,train,n0139.jpg,0.0,2124.0,2056.0,1.0330739299610896,39.340110778808594,25.40202522277832,4.5406084060668945,56.40825271606445,38.67310333251953,22.938982009887695
REFUGE2,train,n0140.jpg,0.0,2124.0,2056.0,1.0330739299610896,36.125850677490234,25.938640594482422,4.4288787841796875,51.663387298583984,35.61345672607422,21.100711822509766
REFUGE2,train,n0141.jpg,0.0,2124.0,2056.0,1.0330739299610896,43.131771087646484,25.215726852416992,4.7991437911987305,73.75711059570312,40.025169372558594,15.613027572631836
REFUGE2,train,n0142.jpg,0.0,2124.0,2056.0,1.0330739299610896,42.773555755615234,25.76548194885254,5.338324546813965,73.02423095703125,40.10954284667969,15.186902046203613
REFUGE2,train,n0143.jpg,0.0,2124.0,2056.0,1.0330739299610896,53.769989013671875,28.400814056396484,9.675264358520508,85.0698013305664,54.561241149902344,21.678926467895508
REFUGE2,train,n0144.jpg,0.0,2124.0,2056.0,1.0330739299610896,47.93933868408203,29.384544372558594,7.218926429748535,71.9104995727539,44.801292419433594,27.106220245361328
REFUGE2,train,n0145.jpg,0.0,2124.0,2056.0,1.0330739299610896,44.839691162109375,27.249004364013672,5.708778381347656,70.04653930664062,41.91702651977539,22.555503845214844
REFUGE2,train,n0146.jpg,0.0,2124.0,2056.0,1.0330739299610896,36.17781066894531,26.459718704223633,4.886401653289795,55.665618896484375,34.162742614746094,18.705081939697266
REFUGE2,train,n0147.jpg,0.0,2124.0,2056.0,1.0330739299610896,38.584625244140625,26.85843276977539,4.357600212097168,48.855350494384766,40.00645446777344,26.892074584960938
REFUGE2,train,n0148.jpg,0.0,2124.0,2056.0,1.0330739299610896,62.47446060180664,35.04828643798828,9.198189735412598,98.87124633789062,57.24087905883789,31.31126594543457
REFUGE2,train,n0149.jpg,0.0,2124.0,2056.0,1.0330739299610896,56.10047912597656,31.46875,8.931056022644043,87.01634979248047,51.856788635253906,29.428300857543945
REFUGE2,train,n0150.jpg,0.0,2124.0,2056.0,1.0330739299610896,39.14499282836914,23.03017807006836,4.508893966674805,70.3922119140625,33.37965774536133,13.663095474243164
REFUGE2,train,n0151.jpg,0.0,2124.0,2056.0,1.0330739299610896,35.14862823486328,22.998239517211914,3.9760172367095947,64.15900421142578,29.892240524291992,11.394640922546387
REFUGE2,train,n0152.jpg,0.0,2124.0,2056.0,1.0330739299610896,44.75334167480469,24.80718421936035,6.969291687011719,83.6300048828125,38.37099838256836,12.259020805358887
REFUGE2,train,n0153.jpg,0.0,2124.0,2056.0,1.0330739299610896,51.26751708984375,26.861047744750977,8.207467079162598,87.39366912841797,46.722286224365234,19.686580657958984
REFUGE2,train,n0154.jpg,0.0,2124.0,2056.0,1.0330739299610896,33.94291687011719,26.79725456237793,5.189018249511719,44.43762969970703,33.75678253173828,23.634334564208984
REFUGE2,train,n0155.jpg,0.0,2124.0,2056.0,1.0330739299610896,36.101776123046875,26.89633560180664,4.738356590270996,50.02497863769531,35.09223175048828,23.188108444213867
REFUGE2,train,n0156.jpg,0.0,2124.0,2056.0,1.0330739299610896,37.01858901977539,22.225460052490234,4.354439735412598,63.11005401611328,34.104339599609375,13.841377258300781
REFUGE2,train,n0157.jpg,0.0,2124.0,2056.0,1.0330739299610896,39.883663177490234,23.75602149963379,5.150175094604492,69.68944549560547,35.64573669433594,14.315814018249512
REFUGE2,train,n0158.jpg,0.0,2124.0,2056.0,1.0330739299610896,42.68273162841797,25.914710998535156,5.24675178527832,74.5433578491211,37.54349136352539,15.961345672607422
REFUGE2,train,n0159.jpg,0.0,2124.0,2056.0,1.0330739299610896,51.42892837524414,31.87838363647461,10.263572692871094,63.88521957397461,54.12291717529297,36.27865219116211
REFUGE2,train,n0160.jpg,0.0,2124.0,2056.0,1.0330739299610896,42.29928207397461,28.70224952697754,7.601494789123535,51.92738723754883,43.94538497924805,31.02506446838379
REFUGE2,train,n0161.jpg,0.0,2124.0,2056.0,1.0330739299610896,38.40721893310547,25.303621292114258,4.536208152770996,63.554500579833984,33.5955924987793,18.071548461914062
REFUGE2,train,n0162.jpg,0.0,2124.0,2056.0,1.0330739299610896,36.355525970458984,21.604555130004883,4.556099891662598,64.16612243652344,33.349571228027344,11.550886154174805
REFUGE2,train,n0163.jpg,0.0,2124.0,2056.0,1.0330739299610896,36.46714782714844,22.49747085571289,4.428625106811523,65.55429077148438,32.892093658447266,10.955061912536621
REFUGE2,train,n0164.jpg,0.0,2124.0,2056.0,1.0330739299610896,36.35981750488281,22.277019500732422,4.9176788330078125,62.216922760009766,34.944271087646484,11.918256759643555
REFUGE2,train,n0165.jpg,0.0,2124.0,2056.0,1.0330739299610896,66.48771667480469,42.00493621826172,9.118267059326172,100.68324279785156,55.741188049316406,43.03871154785156
REFUGE2,train,n0166.jpg,0.0,2124.0,2056.0,1.0330739299610896,39.892112731933594,25.576026916503906,4.595176696777344,54.931732177734375,39.60805892944336,25.136547088623047
REFUGE2,train,n0167.jpg,0.0,2124.0,2056.0,1.0330739299610896,35.75986862182617,25.76326560974121,3.959909439086914,50.64134216308594,34.855674743652344,21.782581329345703
REFUGE2,train,n0168.jpg,0.0,2124.0,2056.0,1.0330739299610896,47.65056610107422,26.6649227142334,7.901648044586182,79.37372589111328,45.10710144042969,18.47087287902832
REFUGE2,train,n0169.jpg,0.0,2124.0,2056.0,1.0330739299610896,45.55896759033203,26.35346221923828,5.790831565856934,77.73666381835938,41.316566467285156,17.623668670654297
REFUGE2,train,n0170.jpg,0.0,2124.0,2056.0,1.0330739299610896,55.37307357788086,32.25740051269531,7.997048377990723,74.05845642089844,62.81610870361328,29.24464225769043
REFUGE2,train,n0171.jpg,0.0,2124.0,2056.0,1.0330739299610896,49.530555725097656,29.616897583007812,7.017875671386719,82.20498657226562,45.4632682800293,20.92342185974121
REFUGE2,train,n0172.jpg,0.0,2124.0,2056.0,1.0330739299610896,55.59012985229492,33.672183990478516,7.475118637084961,85.83761596679688,51.92097854614258,29.01179313659668
REFUGE2,train,n0173.jpg,0.0,2124.0,2056.0,1.0330739299610896,57.61124038696289,30.8925724029541,10.721246719360352,101.08845520019531,54.67409133911133,17.071170806884766
REFUGE2,train,n0174.jpg,0.0,2124.0,2056.0,1.0330739299610896,72.14183044433594,38.228599548339844,15.641946792602539,109.76061248779297,71.51577758789062,35.14908981323242
REFUGE2,train,n0175.jpg,0.0,2124.0,2056.0,1.0330739299610896,67.5792236328125,36.85399627685547,14.01545524597168,98.96539306640625,69.03131866455078,34.7409553527832
REFUGE2,train,n0176.jpg,0.0,2124.0,2056.0,1.0330739299610896,35.63045120239258,23.80592155456543,4.524984359741211,57.84293746948242,33.812599182128906,15.235821723937988
REFUGE2,train,n0177.jpg,0.0,2124.0,2056.0,1.0330739299610896,44.04655456542969,27.184396743774414,6.304940223693848,65.87811279296875,42.571189880371094,23.690359115600586
REFUGE2,train,n0178.jpg,0.0,2124.0,2056.0,1.0330739299610896,45.069000244140625,26.754627227783203,6.07191276550293,70.68709564208984,43.32323455810547,21.196666717529297
REFUGE2,train,n0179.jpg,0.0,2124.0,2056.0,1.0330739299610896,52.063438415527344,29.341495513916016,7.41210412979126,88.93804168701172,45.833351135253906,21.418922424316406
REFUGE2,train,n0180.jpg,0.0,2124.0,2056.0,1.0330739299610896,53.85799789428711,30.119495391845703,6.894667625427246,93.4599838256836,45.21658706665039,22.897422790527344
REFUGE2,train,n0181.jpg,0.0,2124.0,2056.0,1.0330739299610896,50.921875,30.213376998901367,7.402196884155273,78.93351745605469,46.4373664855957,27.394750595092773
REFUGE2,train,n0182.jpg,0.0,2124.0,2056.0,1.0330739299610896,48.52778244018555,27.429241180419922,6.172634601593018,85.52508544921875,44.04655456542969,16.01171112060547
REFUGE2,train,n0183.jpg,0.0,2124.0,2056.0,1.0330739299610896,46.2961540222168,27.077266693115234,6.1405839920043945,83.911376953125,40.68265914916992,14.294425010681152
REFUGE2,train,n0184.jpg,0.0,2124.0,2056.0,1.0330739299610896,37.85847473144531,23.4703311920166,4.261054039001465,61.34136962890625,35.04047775268555,17.193578720092773
REFUGE2,train,n0185.jpg,0.0,2124.0,2056.0,1.0330739299610896,39.96357345581055,25.060405731201172,5.034802436828613,64.92882537841797,36.971290588378906,17.990610122680664
REFUGE2,train,n0186.jpg,0.0,2124.0,2056.0,1.0330739299610896,46.612831115722656,26.401084899902344,5.249516010284424,75.61521911621094,44.75513458251953,19.468124389648438
REFUGE2,train,n0187.jpg,0.0,2124.0,2056.0,1.0330739299610896,43.61802291870117,25.806386947631836,5.502497673034668,68.17253875732422,42.922088623046875,19.75943946838379
REFUGE2,train,n0188.jpg,0.0,2124.0,2056.0,1.0330739299610896,47.45545959472656,25.971403121948242,7.260651588439941,78.92552947998047,45.389259338378906,18.05158233642578
REFUGE2,train,n0189.jpg,0.0,2124.0,2056.0,1.0330739299610896,43.74556350708008,25.031042098999023,6.796944618225098,71.97801208496094,41.816890716552734,17.441804885864258
REFUGE2,train,n0190.jpg,0.0,2124.0,2056.0,1.0330739299610896,45.6247673034668,27.336437225341797,6.558470726013184,78.37435150146484,41.25358963012695,17.246362686157227
REFUGE2,train,n0191.jpg,0.0,2124.0,2056.0,1.0330739299610896,45.114620208740234,27.52745246887207,6.290706634521484,70.37916564941406,43.72287368774414,21.24181365966797
REFUGE2,train,n0192.jpg,0.0,2124.0,2056.0,1.0330739299610896,51.52133560180664,31.278226852416992,7.748481750488281,67.25827026367188,52.33158874511719,34.974143981933594
REFUGE2,train,n0193.jpg,0.0,2124.0,2056.0,1.0330739299610896,40.74434280395508,27.5142765045166,5.734336853027344,52.6008186340332,41.4534797668457,28.178714752197266
REFUGE2,train,n0194.jpg,0.0,2124.0,2056.0,1.0330739299610896,55.1602897644043,28.45712661743164,9.841651916503906,93.37992095947266,52.17445373535156,19.926498413085938
REFUGE2,train,n0195.jpg,0.0,2124.0,2056.0,1.0330739299610896,45.52067565917969,25.43874740600586,7.09906530380249,80.3144760131836,41.19194412231445,15.055599212646484
REFUGE2,train,n0196.jpg,0.0,2124.0,2056.0,1.0330739299610896,53.9454231262207,29.286672592163086,8.693656921386719,91.08822631835938,48.2384033203125,22.509639739990234
REFUGE2,train,n0197.jpg,0.0,2124.0,2056.0,1.0330739299610896,43.94496536254883,26.126699447631836,6.431378364562988,72.92922973632812,40.100433349609375,18.80523109436035
REFUGE2,train,n0198.jpg,0.0,2124.0,2056.0,1.0330739299610896,41.124759674072266,23.804466247558594,4.648582935333252,71.2153549194336,37.26367950439453,14.89523983001709
REFUGE2,train,n0199.jpg,0.0,2124.0,2056.0,1.0330739299610896,35.77031707763672,22.420745849609375,4.008418560028076,62.26652526855469,32.353363037109375,12.69106388092041
REFUGE2,train,n0200.jpg,0.0,2124.0,2056.0,1.0330739299610896,56.487979888916016,30.856287002563477,10.542850494384766,94.02336120605469,54.4574089050293,20.983163833618164
REFUGE2,train,n0201.jpg,0.0,2124.0,2056.0,1.0330739299610896,51.29392623901367,28.45594024658203,9.439760208129883,82.03690338134766,50.87092208862305,20.973953247070312
REFUGE2,train,n0202.jpg,0.0,2124.0,2056.0,1.0330739299610896,44.010658264160156,25.14567756652832,5.408631324768066,79.99967956542969,36.73253631591797,15.29975700378418
REFUGE2,train,n0203.jpg,0.0,2124.0,2056.0,1.0330739299610896,38.8226318359375,24.804168701171875,4.551143646240234,69.57559204101562,33.061283111572266,13.831023216247559
REFUGE2,train,n0204.jpg,0.0,2124.0,2056.0,1.0330739299610896,56.42317199707031,29.600360870361328,9.305049896240234,97.09366607666016,52.814449310302734,19.361406326293945
REFUGE2,train,n0205.jpg,0.0,2124.0,2056.0,1.0330739299610896,46.75693130493164,26.538379669189453,7.805027484893799,76.89019012451172,45.188148498535156,18.19245719909668
REFUGE2,train,n0206.jpg,0.0,2124.0,2056.0,1.0330739299610896,38.83872985839844,24.07246971130371,4.979951858520508,67.14590454101562,35.22173309326172,14.148550987243652
REFUGE2,train,n0207.jpg,0.0,2124.0,2056.0,1.0330739299610896,45.619747161865234,25.75979995727539,5.823009490966797,74.36504364013672,40.6776008605957,21.816598892211914
REFUGE2,train,n0208.jpg,0.0,2124.0,2056.0,1.0330739299610896,34.06867980957031,25.982784271240234,4.045370101928711,55.52653503417969,29.5817928314209,17.09770965576172
REFUGE2,train,n0209.jpg,0.0,2124.0,2056.0,1.0330739299610896,40.012149810791016,25.814228057861328,5.67326021194458,62.49594497680664,37.31264877319336,20.22786521911621
REFUGE2,train,n0210.jpg,0.0,2124.0,2056.0,1.0330739299610896,31.450965881347656,22.28295135498047,3.6810367107391357,55.6254768371582,27.697296142578125,11.03011703491211
REFUGE2,train,n0211.jpg,0.0,2124.0,2056.0,1.0330739299610896,46.666709899902344,26.45134735107422,6.425061225891113,86.96746063232422,39.59285354614258,13.43982219696045
REFUGE2,train,n0212.jpg,0.0,2124.0,2056.0,1.0330739299610896,49.91520309448242,33.96870422363281,9.339900970458984,83.12372589111328,47.254852294921875,19.367033004760742
REFUGE2,train,n0213.jpg,0.0,2124.0,2056.0,1.0330739299610896,40.942989349365234,25.306407928466797,5.311284065246582,72.3114013671875,36.96010208129883,13.557464599609375
REFUGE2,train,n0214.jpg,0.0,2124.0,2056.0,1.0330739299610896,52.43450927734375,28.07368278503418,8.336071014404297,81.75897979736328,53.063232421875,22.481306076049805
REFUGE2,train,n0215.jpg,0.0,2124.0,2056.0,1.0330739299610896,40.52356719970703,24.948518753051758,5.835227966308594,65.59062957763672,37.7067756652832,18.273292541503906
REFUGE2,train,n0216.jpg,0.0,2124.0,2056.0,1.0330739299610896,32.785865783691406,23.42548942565918,3.301187038421631,49.24774932861328,30.144786834716797,18.965057373046875
REFUGE2,train,n0217.jpg,0.0,2124.0,2056.0,1.0330739299610896,33.924049377441406,25.13055992126465,4.70258903503418,49.78150939941406,31.435691833496094,20.554946899414062
REFUGE2,train,n0218.jpg,0.0,2124.0,2056.0,1.0330739299610896,51.14038848876953,30.371631622314453,8.122152328491211,69.45421600341797,53.65522766113281,30.311723709106445
REFUGE2,train,n0219.jpg,0.0,2124.0,2056.0,1.0330739299610896,77.06794738769531,40.321006774902344,16.611186981201172,110.59410858154297,83.24425506591797,37.36549377441406
REFUGE2,train,n0220.jpg,0.0,2124.0,2056.0,1.0330739299610896,44.54568862915039,28.759523391723633,5.92071533203125,55.2361946105957,46.61559295654297,31.78528594970703
REFUGE2,train,n0221.jpg,0.0,2124.0,2056.0,1.0330739299610896,50.297889709472656,27.798023223876953,7.505878925323486,71.58759307861328,51.97951889038086,27.326555252075195
REFUGE2,train,n0222.jpg,0.0,2124.0,2056.0,1.0330739299610896,42.81964111328125,25.75174331665039,6.05821418762207,61.15834426879883,44.60195541381836,22.69862937927246
REFUGE2,train,n0223.jpg,0.0,2124.0,2056.0,1.0330739299610896,46.49081802368164,28.613916397094727,8.548139572143555,59.99011993408203,48.47416687011719,31.00817108154297
REFUGE2,train,n0224.jpg,0.0,2124.0,2056.0,1.0330739299610896,41.862274169921875,24.618732452392578,5.877899646759033,74.68096923828125,37.949710845947266,12.956145286560059
REFUGE2,train,n0225.jpg,0.0,2124.0,2056.0,1.0330739299610896,55.90127944946289,30.916887283325195,9.664008140563965,85.32485961914062,53.7155876159668,28.66337776184082
REFUGE2,train,n0226.jpg,0.0,2124.0,2056.0,1.0330739299610896,49.322364807128906,30.510889053344727,7.602481842041016,69.668701171875,47.85643005371094,30.441959381103516
REFUGE2,train,n0227.jpg,0.0,2124.0,2056.0,1.0330739299610896,48.597877502441406,28.264432907104492,6.7605485916137695,77.59342193603516,45.795555114746094,22.404651641845703
REFUGE2,train,n0228.jpg,0.0,2124.0,2056.0,1.0330739299610896,40.86463165283203,26.392902374267578,5.232742786407471,66.87301635742188,37.278499603271484,18.44237518310547
REFUGE2,train,n0229.jpg,0.0,2124.0,2056.0,1.0330739299610896,63.3309440612793,35.0156364440918,15.555262565612793,96.96654510498047,59.65907669067383,33.36722946166992
REFUGE2,train,n0230.jpg,0.0,2124.0,2056.0,1.0330739299610896,62.853084564208984,34.22193908691406,10.679617881774902,101.30558776855469,62.89426803588867,24.35940933227539
REFUGE2,train,n0231.jpg,0.0,2124.0,2056.0,1.0330739299610896,53.84766387939453,29.582006454467773,8.217611312866211,91.15882873535156,51.39546585083008,18.988697052001953
REFUGE2,train,n0232.jpg,0.0,2124.0,2056.0,1.0330739299610896,41.12955093383789,29.114688873291016,4.650001525878906,51.834808349609375,41.61568069458008,29.93816375732422
REFUGE2,train,n0233.jpg,0.0,2124.0,2056.0,1.0330739299610896,36.14253616333008,23.069332122802734,4.19821834564209,60.01362228393555,33.94900894165039,14.46497917175293
REFUGE2,train,n0234.jpg,0.0,2124.0,2056.0,1.0330739299610896,34.36337661743164,20.34454917907715,4.438393592834473,59.299583435058594,31.270586013793945,12.5199556350708
REFUGE2,train,n0235.jpg,0.0,2124.0,2056.0,1.0330739299610896,35.21295166015625,25.840133666992188,3.675004482269287,61.77070617675781,28.799560546875,15.068589210510254
REFUGE2,train,n0236.jpg,0.0,2124.0,2056.0,1.0330739299610896,44.715301513671875,28.86290168762207,6.504302978515625,50.91682052612305,47.704280853271484,35.52479553222656
REFUGE2,train,n0237.jpg,0.0,2124.0,2056.0,1.0330739299610896,43.69557189941406,24.38758659362793,6.553647994995117,72.17841339111328,41.129676818847656,17.77861976623535
REFUGE2,train,n0238.jpg,0.0,2124.0,2056.0,1.0330739299610896,55.75584411621094,31.879932403564453,7.627564430236816,84.25056457519531,52.83414077758789,30.182836532592773
REFUGE2,train,n0239.jpg,0.0,2124.0,2056.0,1.0330739299610896,53.74274826049805,31.625625610351562,8.579120635986328,80.10625457763672,51.55251693725586,29.56947898864746
REFUGE2,train,n0240.jpg,0.0,2124.0,2056.0,1.0330739299610896,35.22645950317383,23.256275177001953,3.92661190032959,51.95063400268555,32.70623016357422,21.022525787353516
REFUGE2,train,n0241.jpg,0.0,2124.0,2056.0,1.0330739299610896,32.17814636230469,23.246248245239258,4.410784721374512,48.1650276184082,29.81146812438965,18.557947158813477
REFUGE2,train,n0242.jpg,0.0,2124.0,2056.0,1.0330739299610896,43.65400314331055,28.036619186401367,5.619413375854492,69.14924621582031,41.874900817871094,19.937875747680664
REFUGE2,train,n0243.jpg,0.0,2124.0,2056.0,1.0330739299610896,56.873382568359375,30.86209487915039,8.676725387573242,95.6253890991211,50.08367156982422,24.91109848022461
REFUGE2,train,n0244.jpg,0.0,2124.0,2056.0,1.0330739299610896,44.054344177246094,27.650514602661133,5.700192928314209,73.7502670288086,38.68838882446289,19.724369049072266
REFUGE2,train,n0245.jpg,0.0,2124.0,2056.0,1.0330739299610896,34.21631622314453,21.068571090698242,4.476359844207764,56.98389434814453,32.26116180419922,13.403897285461426
REFUGE2,train,n0246.jpg,0.0,2124.0,2056.0,1.0330739299610896,48.50397872924805,27.295679092407227,6.719280242919922,81.89659881591797,44.85846710205078,18.75687599182129
REFUGE2,train,n0247.jpg,0.0,2124.0,2056.0,1.0330739299610896,41.170936584472656,24.371231079101562,5.447553634643555,64.58949279785156,41.007225036621094,17.916086196899414
REFUGE2,train,n0248.jpg,0.0,2124.0,2056.0,1.0330739299610896,42.37360763549805,25.79010581970215,5.314875602722168,69.44864654541016,39.96631622314453,17.70586585998535
REFUGE2,train,n0249.jpg,0.0,2124.0,2056.0,1.0330739299610896,45.27202224731445,26.44109344482422,6.43025016784668,77.11808776855469,41.092220306396484,17.60576057434082
REFUGE2,train,n0250.jpg,0.0,2124.0,2056.0,1.0330739299610896,51.20376968383789,28.628284454345703,8.15632438659668,87.20848083496094,46.46920394897461,19.933618545532227
REFUGE2,train,n0251.jpg,0.0,2124.0,2056.0,1.0330739299610896,44.4802131652832,28.257213592529297,6.578787803649902,68.4239273071289,41.984764099121094,23.031949996948242
REFUGE2,train,n0252.jpg,0.0,2124.0,2056.0,1.0330739299610896,38.15789031982422,22.891708374023438,4.289496421813965,63.847442626953125,34.659915924072266,15.96632194519043
REFUGE2,train,n0253.jpg,0.0,2124.0,2056.0,1.0330739299610896,33.98869323730469,22.170347213745117,4.194729328155518,57.253787994384766,30.918094635009766,13.794196128845215
REFUGE2,train,n0254.jpg,0.0,2124.0,2056.0,1.0330739299610896,58.710514068603516,32.374420166015625,9.269969940185547,105.60972595214844,52.16671371459961,18.355104446411133
REFUGE2,train,n0255.jpg,0.0,2124.0,2056.0,1.0330739299610896,42.63029861450195,25.917007446289062,5.611464500427246,76.27405548095703,37.91272735595703,13.704118728637695
REFUGE2,train,n0256.jpg,0.0,2124.0,2056.0,1.0330739299610896,48.61631774902344,29.0771541595459,6.659724235534668,78.62651062011719,44.80398941040039,22.41845703125
REFUGE2,train,n0257.jpg,0.0,2124.0,2056.0,1.0330739299610896,44.571407318115234,29.705123901367188,5.301590919494629,68.035888671875,42.44183349609375,23.236495971679688
REFUGE2,train,n0258.jpg,0.0,2124.0,2056.0,1.0330739299610896,47.916351318359375,26.82987403869629,6.090947151184082,80.6634292602539,45.064510345458984,18.021114349365234
REFUGE2,train,n0259.jpg,0.0,2124.0,2056.0,1.0330739299610896,36.269737243652344,27.217872619628906,4.118826389312744,53.70392990112305,33.947227478027344,21.158056259155273
REFUGE2,train,n0260.jpg,0.0,2124.0,2056.0,1.0330739299610896,48.007789611816406,26.492198944091797,6.170871734619141,83.9554214477539,44.00257110595703,16.065378189086914
REFUGE2,train,n0261.jpg,0.0,2124.0,2056.0,1.0330739299610896,46.09868240356445,27.765016555786133,5.611844062805176,81.2109603881836,41.97354507446289,15.111550331115723
REFUGE2,train,n0262.jpg,0.0,2124.0,2056.0,1.0330739299610896,45.322208404541016,27.747201919555664,5.272174835205078,75.69635009765625,41.63351058959961,18.63676643371582
REFUGE2,train,n0263.jpg,0.0,2124.0,2056.0,1.0330739299610896,41.368534088134766,28.52364730834961,4.526298522949219,70.52650451660156,37.11466598510742,16.46442413330078
REFUGE2,train,n0264.jpg,0.0,2124.0,2056.0,1.0330739299610896,48.85194778442383,27.386856079101562,7.106865406036377,75.05998992919922,46.2738037109375,25.222063064575195
REFUGE2,train,n0265.jpg,0.0,2124.0,2056.0,1.0330739299610896,38.50396728515625,23.881359100341797,5.408924102783203,62.53519058227539,35.76288604736328,17.213834762573242
REFUGE2,train,n0266.jpg,0.0,2124.0,2056.0,1.0330739299610896,40.57071304321289,25.273107528686523,5.67636251449585,64.36697387695312,38.3028564453125,19.04230499267578
REFUGE2,train,n0267.jpg,0.0,2124.0,2056.0,1.0330739299610896,57.55829620361328,31.30519676208496,8.24087142944336,101.63999938964844,49.99934768676758,21.035531997680664
REFUGE2,train,n0268.jpg,0.0,2124.0,2056.0,1.0330739299610896,47.87443923950195,28.66278839111328,6.0264787673950195,84.97500610351562,41.99847412109375,16.64983367919922
REFUGE2,train,n0269.jpg,0.0,2124.0,2056.0,1.0330739299610896,47.74835968017578,27.29865074157715,6.339841365814209,78.26937866210938,45.04005813598633,19.935644149780273
REFUGE2,train,n0270.jpg,0.0,2124.0,2056.0,1.0330739299610896,44.19204330444336,25.958908081054688,6.080485820770264,72.55916595458984,41.82283401489258,18.194124221801758
REFUGE2,train,n0271.jpg,0.0,2124.0,2056.0,1.0330739299610896,59.03007507324219,31.81202507019043,8.818231582641602,96.64895629882812,51.9935302734375,28.447736740112305
REFUGE2,train,n0272.jpg,0.0,2124.0,2056.0,1.0330739299610896,49.939369201660156,29.655866622924805,6.691458702087402,82.59392547607422,43.623470306396484,23.600717544555664
REFUGE2,train,n0273.jpg,0.0,2124.0,2056.0,1.0330739299610896,75.69619750976562,39.38158416748047,15.989494323730469,104.27239990234375,76.19390869140625,46.622291564941406
REFUGE2,train,n0274.jpg,0.0,2124.0,2056.0,1.0330739299610896,52.579978942871094,29.614110946655273,7.793395042419434,75.50003051757812,52.06360626220703,30.176305770874023
REFUGE2,train,n0275.jpg,0.0,2124.0,2056.0,1.0330739299610896,50.79803466796875,29.171245574951172,5.871478080749512,74.49375915527344,47.68297576904297,30.217378616333008
REFUGE2,train,n0276.jpg,0.0,2124.0,2056.0,1.0330739299610896,44.88032150268555,27.51949691772461,5.1501665115356445,66.33058166503906,41.91522216796875,26.395164489746094
REFUGE2,train,n0277.jpg,0.0,2124.0,2056.0,1.0330739299610896,45.512718200683594,26.98633575439453,6.376913070678711,66.1496810913086,44.31601333618164,26.072446823120117
REFUGE2,train,n0278.jpg,0.0,2124.0,2056.0,1.0330739299610896,47.282997131347656,26.580854415893555,6.553818702697754,79.03253936767578,42.64108657836914,20.175371170043945
REFUGE2,train,n0279.jpg,0.0,2124.0,2056.0,1.0330739299610896,49.22312927246094,28.49367904663086,6.462977886199951,77.86103820800781,46.69080352783203,23.117557525634766
REFUGE2,train,n0280.jpg,0.0,2124.0,2056.0,1.0330739299610896,53.473793029785156,28.795692443847656,8.904460906982422,75.97677612304688,54.493064880371094,29.951534271240234
REFUGE2,train,n0281.jpg,0.0,2124.0,2056.0,1.0330739299610896,46.40776824951172,27.7150936126709,5.746112823486328,69.68858337402344,43.546546936035156,25.98817253112793
REFUGE2,train,n0282.jpg,0.0,2124.0,2056.0,1.0330739299610896,37.846012115478516,27.18532943725586,4.3744797706604,56.26297378540039,34.78434371948242,22.49071502685547
REFUGE2,train,n0283.jpg,0.0,2124.0,2056.0,1.0330739299610896,43.48490905761719,23.933975219726562,5.849609375,79.8828125,38.799747467041016,11.77216625213623
REFUGE2,train,n0284.jpg,0.0,2124.0,2056.0,1.0330739299610896,38.43278503417969,22.939218521118164,4.926987648010254,70.3511734008789,34.315528869628906,10.6316499710083
REFUGE2,train,n0285.jpg,0.0,2124.0,2056.0,1.0330739299610896,51.37510299682617,33.36297607421875,7.917079925537109,64.6989974975586,51.353004455566406,38.07331466674805
REFUGE2,train,n0286.jpg,0.0,2124.0,2056.0,1.0330739299610896,40.13906478881836,28.17609977722168,5.5039963722229,56.55056381225586,38.02727127075195,25.83934783935547
REFUGE2,train,n0287.jpg,0.0,2124.0,2056.0,1.0330739299610896,41.12502670288086,31.035688400268555,6.175544261932373,56.131683349609375,39.57898712158203,27.664405822753906
REFUGE2,train,n0288.jpg,0.0,2124.0,2056.0,1.0330739299610896,41.84746551513672,24.68829345703125,5.04312801361084,71.73930358886719,37.34211349487305,16.460983276367188
REFUGE2,train,n0289.jpg,0.0,2124.0,2056.0,1.0330739299610896,38.17119598388672,25.039386749267578,4.491434097290039,62.83930969238281,35.665958404541016,16.008310317993164
REFUGE2,train,n0290.jpg,0.0,2124.0,2056.0,1.0330739299610896,33.044334411621094,26.043306350708008,4.005152225494385,42.26462936401367,33.294857025146484,23.573509216308594
REFUGE2,train,n0291.jpg,0.0,2124.0,2056.0,1.0330739299610896,46.56978988647461,30.313318252563477,6.683858394622803,60.97349548339844,46.21750259399414,32.51836395263672
REFUGE2,train,n0292.jpg,0.0,2124.0,2056.0,1.0330739299610896,41.83506774902344,27.464550018310547,5.813785076141357,53.2398567199707,42.3945198059082,29.870813369750977
REFUGE2,train,n0293.jpg,0.0,2124.0,2056.0,1.0330739299610896,47.31711196899414,26.9197998046875,6.569700241088867,78.3378677368164,41.627315521240234,21.98615837097168
REFUGE2,train,n0294.jpg,0.0,2124.0,2056.0,1.0330739299610896,42.44429397583008,25.874574661254883,5.327709197998047,64.27304077148438,39.347110748291016,23.71272850036621
REFUGE2,train,n0295.jpg,0.0,2124.0,2056.0,1.0330739299610896,47.62415313720703,27.482622146606445,6.694258213043213,72.16639709472656,44.97901153564453,25.727046966552734
REFUGE2,train,n0296.jpg,0.0,2124.0,2056.0,1.0330739299610896,50.108516693115234,28.038511276245117,6.825913429260254,85.83888244628906,43.972381591796875,20.51428985595703
REFUGE2,train,n0297.jpg,0.0,2124.0,2056.0,1.0330739299610896,39.03117370605469,26.18963623046875,4.813713073730469,67.31309509277344,33.809749603271484,15.970674514770508
REFUGE2,train,n0298.jpg,0.0,2124.0,2056.0,1.0330739299610896,53.84292221069336,30.740476608276367,8.201454162597656,98.61951446533203,44.828125,18.08111572265625
REFUGE2,train,n0299.jpg,0.0,2124.0,2056.0,1.0330739299610896,43.656803131103516,28.31876564025879,4.8585591316223145,71.82820892333984,38.087825775146484,21.05437660217285
REFUGE2,train,n0300.jpg,0.0,2124.0,2056.0,1.0330739299610896,43.578792572021484,27.851858139038086,5.382238388061523,70.62936401367188,38.63675308227539,21.470256805419922
REFUGE2,train,n0301.jpg,0.0,2124.0,2056.0,1.0330739299610896,51.842620849609375,27.842493057250977,6.921704292297363,90.22137451171875,48.043731689453125,17.262765884399414
REFUGE2,train,n0302.jpg,0.0,2124.0,2056.0,1.0330739299610896,42.084144592285156,25.61490249633789,5.02470588684082,76.89249420166016,35.41533279418945,13.944613456726074
REFUGE2,train,n0303.jpg,0.0,2124.0,2056.0,1.0330739299610896,32.531410217285156,20.383874893188477,4.3083367347717285,54.54363250732422,30.750940322875977,12.299660682678223
REFUGE2,train,n0304.jpg,0.0,2124.0,2056.0,1.0330739299610896,52.24101638793945,30.88765525817871,7.886568546295166,78.0632553100586,50.69560241699219,27.96419334411621
REFUGE2,train,n0305.jpg,0.0,2124.0,2056.0,1.0330739299610896,52.54903793334961,32.62122344970703,7.385939121246338,78.71057891845703,50.60409164428711,28.33243751525879
REFUGE2,train,n0306.jpg,0.0,2124.0,2056.0,1.0330739299610896,39.000850677490234,23.004165649414062,4.942480087280273,64.5707015991211,36.52634048461914,15.905502319335938
REFUGE2,train,n0307.jpg,0.0,2124.0,2056.0,1.0330739299610896,50.95331954956055,28.33653450012207,7.095276832580566,84.4632797241211,47.00368118286133,21.392988204956055
REFUGE2,train,n0308.jpg,0.0,2124.0,2056.0,1.0330739299610896,43.8475227355957,27.34263801574707,5.924110412597656,71.62753295898438,40.86205291748047,19.052982330322266
REFUGE2,train,n0309.jpg,0.0,2124.0,2056.0,1.0330739299610896,63.39521026611328,35.63385772705078,10.354493141174316,115.7645034790039,57.026092529296875,17.39503288269043
REFUGE2,train,n0310.jpg,0.0,2124.0,2056.0,1.0330739299610896,58.49934768676758,31.397323608398438,10.578317642211914,101.92526245117188,52.13141632080078,21.44136619567871
REFUGE2,train,n0311.jpg,0.0,2124.0,2056.0,1.0330739299610896,65.58480834960938,35.44125747680664,15.407033920288086,105.93362426757812,62.65675354003906,28.164039611816406
REFUGE2,train,n0312.jpg,0.0,2124.0,2056.0,1.0330739299610896,45.27358627319336,27.947084426879883,5.623783111572266,67.55754852294922,41.61806106567383,26.645145416259766
REFUGE2,train,n0313.jpg,0.0,2124.0,2056.0,1.0330739299610896,28.77479362487793,22.045242309570312,3.7287967205047607,48.25929260253906,25.247140884399414,12.817947387695312
REFUGE2,train,n0314.jpg,0.0,2124.0,2056.0,1.0330739299610896,44.6899299621582,25.41217041015625,6.185329437255859,67.11641693115234,42.6954345703125,24.257938385009766
REFUGE2,train,n0315.jpg,0.0,2124.0,2056.0,1.0330739299610896,46.52779006958008,27.100181579589844,7.000807762145996,65.56453704833984,46.070003509521484,27.94882583618164
REFUGE2,train,n0316.jpg,0.0,2124.0,2056.0,1.0330739299610896,51.298274993896484,27.42905044555664,7.756279468536377,91.54776000976562,47.276885986328125,15.070180892944336
REFUGE2,train,n0317.jpg,0.0,2124.0,2056.0,1.0330739299610896,50.843318939208984,27.675922393798828,8.116846084594727,89.2779541015625,48.03556823730469,15.216423034667969
REFUGE2,train,n0318.jpg,0.0,2124.0,2056.0,1.0330739299610896,46.68321228027344,27.048250198364258,6.705404758453369,82.79774475097656,38.259918212890625,18.991979598999023
REFUGE2,train,n0319.jpg,0.0,2124.0,2056.0,1.0330739299610896,41.16533279418945,25.55000877380371,4.823483943939209,61.3958625793457,38.92130661010742,23.178834915161133
REFUGE2,train,n0320.jpg,0.0,2124.0,2056.0,1.0330739299610896,48.074684143066406,28.935440063476562,5.62120246887207,76.26554107666016,43.51624298095703,24.4422607421875
REFUGE2,train,n0321.jpg,0.0,2124.0,2056.0,1.0330739299610896,44.328338623046875,27.504968643188477,5.4597625732421875,72.79869842529297,39.1852912902832,21.001033782958984
REFUGE2,train,n0322.jpg,0.0,2124.0,2056.0,1.0330739299610896,75.97355651855469,43.67252731323242,13.88473129272461,90.93038177490234,81.37004852294922,55.6202392578125
REFUGE2,train,n0323.jpg,0.0,2124.0,2056.0,1.0330739299610896,62.203529357910156,36.795867919921875,10.956510543823242,71.9193115234375,65.68099212646484,49.01028060913086
REFUGE2,train,n0324.jpg,0.0,2124.0,2056.0,1.0330739299610896,69.9775161743164,38.80573272705078,11.16522216796875,116.0201644897461,61.84784698486328,32.064544677734375
REFUGE2,train,n0325.jpg,0.0,2124.0,2056.0,1.0330739299610896,72.41765594482422,40.319244384765625,11.051076889038086,121.0872573852539,64.85247039794922,31.31321907043457
REFUGE2,train,n0326.jpg,0.0,2124.0,2056.0,1.0330739299610896,41.69487762451172,25.296688079833984,5.349766731262207,52.306114196777344,43.04712677001953,29.731401443481445
REFUGE2,train,n0327.jpg,0.0,2124.0,2056.0,1.0330739299610896,32.780094146728516,25.08218002319336,4.720355033874512,42.497337341308594,33.58049774169922,22.262453079223633
REFUGE2,train,n0328.jpg,0.0,2124.0,2056.0,1.0330739299610896,45.27149963378906,28.83930778503418,6.697850704193115,58.85602951049805,47.25883483886719,29.69963836669922
REFUGE2,train,n0329.jpg,0.0,2124.0,2056.0,1.0330739299610896,36.252525329589844,22.713916778564453,4.26853084564209,51.266822814941406,36.552024841308594,20.938735961914062
REFUGE2,train,n0330.jpg,0.0,2124.0,2056.0,1.0330739299610896,42.05021667480469,25.65394401550293,5.777543067932129,62.07825469970703,41.51317596435547,22.559223175048828
REFUGE2,train,n0331.jpg,0.0,2124.0,2056.0,1.0330739299610896,38.99542236328125,27.110689163208008,4.914331436157227,59.77613067626953,37.04325485229492,20.166887283325195
REFUGE2,train,n0332.jpg,0.0,2124.0,2056.0,1.0330739299610896,29.109905242919922,23.16596031188965,3.2260971069335938,48.2775993347168,25.71704864501953,13.335063934326172
REFUGE2,train,n0333.jpg,0.0,2124.0,2056.0,1.0330739299610896,30.57740020751953,23.602872848510742,4.071042060852051,46.864994049072266,28.74300765991211,16.124202728271484
REFUGE2,train,n0334.jpg,0.0,2124.0,2056.0,1.0330739299610896,55.852603912353516,30.462322235107422,7.568638801574707,91.7861099243164,54.044734954833984,21.72697639465332
REFUGE2,train,n0335.jpg,0.0,2124.0,2056.0,1.0330739299610896,58.51127243041992,32.13536071777344,8.656953811645508,98.12489318847656,56.23667907714844,21.172256469726562
REFUGE2,train,n0336.jpg,0.0,2124.0,2056.0,1.0330739299610896,44.89136505126953,28.03829574584961,5.615240097045898,67.82352447509766,44.052345275878906,22.798229217529297
REFUGE2,train,n0337.jpg,0.0,2124.0,2056.0,1.0330739299610896,51.68602752685547,29.380128860473633,8.082956314086914,79.36790466308594,50.185768127441406,25.504411697387695
REFUGE2,train,n0338.jpg,0.0,2124.0,2056.0,1.0330739299610896,23.38236427307129,22.375564575195312,2.8481945991516113,40.355445861816406,21.723285675048828,8.068357467651367
REFUGE2,train,n0339.jpg,0.0,2124.0,2056.0,1.0330739299610896,80.01866149902344,42.17089080810547,20.25545883178711,112.55338287353516,80.17375946044922,47.32884979248047
REFUGE2,train,n0340.jpg,0.0,2124.0,2056.0,1.0330739299610896,36.93112564086914,24.54300880432129,4.933688640594482,62.76270294189453,32.70993423461914,15.320748329162598
REFUGE2,train,n0341.jpg,0.0,2124.0,2056.0,1.0330739299610896,44.487548828125,24.46489906311035,6.470008850097656,71.13581085205078,43.24531173706055,19.081531524658203
REFUGE2,train,n0342.jpg,0.0,2124.0,2056.0,1.0330739299610896,55.04983901977539,29.33913803100586,10.154699325561523,91.9955825805664,51.291934967041016,21.861997604370117
REFUGE2,train,n0343.jpg,0.0,2124.0,2056.0,1.0330739299610896,27.683929443359375,20.194067001342773,3.592620849609375,51.91518783569336,22.745656967163086,8.390945434570312
REFUGE2,train,n0344.jpg,0.0,2124.0,2056.0,1.0330739299610896,50.47893524169922,28.649423599243164,7.737500190734863,77.84027862548828,49.65029525756836,23.94624137878418
REFUGE2,train,n0345.jpg,0.0,2124.0,2056.0,1.0330739299610896,47.40549087524414,28.842302322387695,6.758271217346191,72.12904357910156,43.914306640625,26.173128128051758
REFUGE2,train,n0346.jpg,0.0,2124.0,2056.0,1.0330739299610896,40.09724807739258,26.795513153076172,5.434197902679443,59.96548080444336,38.51296615600586,21.81328773498535
REFUGE2,train,n0347.jpg,0.0,2124.0,2056.0,1.0330739299610896,40.17026138305664,24.343738555908203,4.912919044494629,70.0242919921875,36.32008361816406,14.166406631469727
REFUGE2,train,n0348.jpg,0.0,2124.0,2056.0,1.0330739299610896,30.783580780029297,22.221891403198242,3.677335739135742,54.11214065551758,27.53519058227539,10.70341682434082
REFUGE2,train,n0349.jpg,0.0,2124.0,2056.0,1.0330739299610896,51.4827766418457,29.275951385498047,6.678585052490234,78.39076232910156,50.211341857910156,25.84621810913086
REFUGE2,train,n0350.jpg,0.0,2124.0,2056.0,1.0330739299610896,49.69914627075195,28.058513641357422,6.751873016357422,81.89263153076172,46.00067138671875,21.204133987426758
REFUGE2,train,n0351.jpg,0.0,2124.0,2056.0,1.0330739299610896,48.76548767089844,28.7764835357666,6.518149375915527,79.8255844116211,45.681270599365234,20.789608001708984
REFUGE2,train,n0352.jpg,0.0,2124.0,2056.0,1.0330739299610896,30.632505416870117,20.225337982177734,4.637628555297852,44.03755569458008,30.48839569091797,17.371562957763672
REFUGE2,train,n0353.jpg,0.0,2124.0,2056.0,1.0330739299610896,31.144643783569336,23.58160972595215,4.109894752502441,48.88874816894531,29.379255294799805,15.165916442871094
REFUGE2,train,n0354.jpg,0.0,2124.0,2056.0,1.0330739299610896,42.668434143066406,24.96071434020996,5.32004976272583,73.36096954345703,39.3506965637207,15.293633460998535
REFUGE2,train,n0355.jpg,0.0,2124.0,2056.0,1.0330739299610896,41.234188079833984,24.07176971435547,5.232795238494873,73.56192016601562,37.385162353515625,12.755475997924805
REFUGE2,train,n0356.jpg,0.0,2124.0,2056.0,1.0330739299610896,30.947734832763672,21.91831398010254,3.8501205444335938,55.23735427856445,28.16017723083496,9.445670127868652
REFUGE2,train,n0357.jpg,0.0,2124.0,2056.0,1.0330739299610896,47.046600341796875,27.319923400878906,6.690090179443359,77.12083435058594,41.846351623535156,22.172622680664062
REFUGE2,train,n0358.jpg,0.0,2124.0,2056.0,1.0330739299610896,30.240615844726562,23.188865661621094,3.9926371574401855,43.8854866027832,28.751583099365234,18.08477783203125
REFUGE2,train,n0359.jpg,0.0,2124.0,2056.0,1.0330739299610896,43.889984130859375,28.49884605407715,6.010265350341797,67.4145278930664,39.86431121826172,24.391115188598633
REFUGE2,train,n0360.jpg,0.0,2124.0,2056.0,1.0330739299610896,42.079071044921875,25.3897762298584,6.026219844818115,70.25447845458984,39.739990234375,16.242740631103516
REFUGE2,val,V0001.jpg,,1940.0,1940.0,1.0,25.86153221130371,16.87119483947754,5.973987579345703,55.777626037597656,20.652265548706055,1.154709815979004
REFUGE2,val,V0002.jpg,,1940.0,1940.0,1.0,48.30418014526367,36.85927200317383,12.970600128173828,89.48521423339844,43.12092590332031,12.306401252746582
REFUGE2,val,V0003.jpg,,1940.0,1940.0,1.0,40.24036407470703,23.625347137451172,14.129026412963867,67.72120666503906,41.015953063964844,11.983936309814453
REFUGE2,val,V0004.jpg,,1940.0,1940.0,1.0,62.06129455566406,40.56907653808594,16.587650299072266,118.77604675292969,55.645423889160156,11.76241683959961
REFUGE2,val,V0005.jpg,,1940.0,1940.0,1.0,30.926801681518555,22.63503074645996,9.525924682617188,58.836544036865234,29.414884567260742,4.528980731964111
REFUGE2,val,V0006.jpg,,1940.0,1940.0,1.0,47.499656677246094,32.34707260131836,15.693574905395508,86.65498352050781,43.94878005981445,11.895216941833496
REFUGE2,val,V0007.jpg,,1940.0,1940.0,1.0,53.73969650268555,39.82267379760742,15.006319999694824,84.15288543701172,50.64854431152344,26.41766357421875
REFUGE2,val,V0008.jpg,,1940.0,1940.0,1.0,41.74766540527344,37.53273391723633,11.363937377929688,73.001220703125,38.128692626953125,14.113079071044922
REFUGE2,val,V0009.jpg,,1940.0,1940.0,1.0,51.972164154052734,38.683921813964844,12.323028564453125,98.928466796875,46.94141387939453,10.04662036895752
REFUGE2,val,V0010.jpg,,1940.0,1940.0,1.0,73.9516830444336,45.61971664428711,14.118106842041016,145.43516540527344,68.54157257080078,7.878281593322754
REFUGE2,val,V0011.jpg,,1940.0,1940.0,1.0,42.774356842041016,37.29225158691406,8.999961853027344,92.09188079833984,31.81426239013672,4.416934013366699
REFUGE2,val,V0012.jpg,,1940.0,1940.0,1.0,28.453693389892578,30.297151565551758,5.836146831512451,61.541748046875,20.599458694458008,3.2198798656463623
REFUGE2,val,V0013.jpg,,1940.0,1940.0,1.0,41.30839538574219,26.16457176208496,10.966835975646973,87.39745330810547,34.70169448852539,1.8260385990142822
REFUGE2,val,V0014.jpg,,1940.0,1940.0,1.0,51.17366027832031,35.93376922607422,12.484573364257812,105.63555908203125,43.09726333618164,4.788146018981934
REFUGE2,val,V0015.jpg,,1940.0,1940.0,1.0,53.783775329589844,42.65745162963867,9.291576385498047,112.7608871459961,41.86039733886719,6.73004674911499
REFUGE2,val,V0016.jpg,,1940.0,1940.0,1.0,96.70001983642578,57.16469955444336,16.799985885620117,152.991455078125,88.72846221923828,48.380126953125
REFUGE2,val,V0017.jpg,,1940.0,1940.0,1.0,58.37816619873047,38.10734176635742,10.321988105773926,122.50160217285156,49.026123046875,3.6067585945129395
REFUGE2,val,V0018.jpg,,1940.0,1940.0,1.0,51.080787658691406,32.729698181152344,13.510367393493652,100.88483428955078,46.703147888183594,5.654366970062256
REFUGE2,val,V0019.jpg,,1940.0,1940.0,1.0,32.4932861328125,20.986574172973633,8.555055618286133,68.21039581298828,27.8199462890625,1.4495164155960083
REFUGE2,val,V0020.jpg,,1940.0,1940.0,1.0,56.410728454589844,39.87747573852539,17.812864303588867,104.09857940673828,50.50026321411133,14.633344650268555
REFUGE2,val,V0021.jpg,,1940.0,1940.0,1.0,43.80961990356445,36.65959167480469,13.783806800842285,84.22331237792969,38.389617919921875,8.815935134887695
REFUGE2,val,V0022.jpg,,1940.0,1940.0,1.0,64.38187408447266,43.713050842285156,14.782148361206055,122.1549072265625,57.874664306640625,13.116029739379883
REFUGE2,val,V0023.jpg,,1940.0,1940.0,1.0,62.508731842041016,42.228694915771484,17.015785217285156,97.84545135498047,58.97074890136719,30.709985733032227
REFUGE2,val,V0024.jpg,,1940.0,1940.0,1.0,74.6632308959961,42.93669891357422,17.4966983795166,147.25856018066406,70.08995056152344,6.641189098358154
REFUGE2,val,V0025.jpg,,1940.0,1940.0,1.0,33.909244537353516,24.03050422668457,9.72349739074707,69.70877838134766,29.30910873413086,2.7098519802093506
REFUGE2,val,V0026.jpg,,1940.0,1940.0,1.0,59.175777435302734,34.61405563354492,6.894024848937988,117.98905944824219,57.70561981201172,1.832624912261963
REFUGE2,val,V0027.jpg,,1940.0,1940.0,1.0,61.79899978637695,35.404876708984375,7.395098686218262,125.27284240722656,58.28025817871094,1.8439021110534668
REFUGE2,val,V0028.jpg,,1940.0,1940.0,1.0,59.2966423034668,33.89289855957031,7.1575798988342285,121.87959289550781,54.332218170166016,1.6780989170074463
REFUGE2,val,V0029.jpg,,1940.0,1940.0,1.0,61.97120666503906,35.90917205810547,7.263359069824219,127.39999389648438,56.42676544189453,2.0868630409240723
REFUGE2,val,V0030.jpg,,1940.0,1940.0,1.0,62.08760452270508,40.52030563354492,8.621496200561523,118.56810760498047,55.748714447021484,11.945996284484863
REFUGE2,val,V0031.jpg,,1940.0,1940.0,1.0,51.00493621826172,31.109560012817383,5.448872089385986,106.78392028808594,44.30104064941406,1.9298522472381592
REFUGE2,val,V0032.jpg,,1940.0,1940.0,1.0,65.95306396484375,44.020057678222656,6.7697343826293945,118.39317321777344,58.25413513183594,21.211877822875977
REFUGE2,val,V0033.jpg,,1940.0,1940.0,1.0,44.010101318359375,32.42233657836914,5.731454849243164,88.82193756103516,37.25735855102539,5.951014041900635
REFUGE2,val,V0034.jpg,,1940.0,1940.0,1.0,69.77446746826172,44.392333984375,9.853303909301758,131.25189208984375,64.74079895019531,13.33072566986084
REFUGE2,val,V0035.jpg,,1940.0,1940.0,1.0,55.353702545166016,41.6506233215332,5.944403648376465,98.58499908447266,50.06581497192383,17.41029930114746
REFUGE2,val,V0036.jpg,,1940.0,1940.0,1.0,59.72547149658203,36.32267761230469,6.41539192199707,119.22765350341797,55.16464614868164,4.784102916717529
REFUGE2,val,V0037.jpg,,1940.0,1940.0,1.0,54.05401611328125,33.824981689453125,5.588778495788574,108.88719940185547,50.307430267333984,2.967411994934082
REFUGE2,val,V0038.jpg,,1940.0,1940.0,1.0,68.53685760498047,39.916168212890625,10.703843116760254,131.83291625976562,64.17057037353516,9.607073783874512
REFUGE2,val,V0039.jpg,,1940.0,1940.0,1.0,56.350730895996094,39.32955551147461,11.546976089477539,105.65800476074219,50.63381576538086,12.760380744934082
REFUGE2,val,V0040.jpg,,1940.0,1940.0,1.0,61.897178649902344,40.73816680908203,13.112213134765625,106.65151977539062,57.23829650878906,21.801713943481445
REFUGE2,val,V0041.jpg,,1940.0,1940.0,1.0,63.59089660644531,41.18922424316406,13.084131240844727,110.39787292480469,60.13862609863281,20.236194610595703
REFUGE2,val,V0042.jpg,,1940.0,1940.0,1.0,39.79030990600586,26.282812118530273,11.259438514709473,84.14277648925781,33.29339599609375,1.9347467422485352
REFUGE2,val,V0043.jpg,,1940.0,1940.0,1.0,52.3961067199707,39.680702209472656,14.875837326049805,94.92528533935547,46.6014404296875,15.661589622497559
REFUGE2,val,V0044.jpg,,1940.0,1940.0,1.0,62.65870666503906,37.948429107666016,19.14593505859375,106.24262237548828,61.69866180419922,20.034826278686523
REFUGE2,val,V0045.jpg,,1940.0,1940.0,1.0,64.36805725097656,41.658470153808594,19.815139770507812,120.48587036132812,58.088314056396484,14.52998161315918
REFUGE2,val,V0046.jpg,,1940.0,1940.0,1.0,41.5230827331543,28.21754264831543,15.915653228759766,77.69763946533203,40.45286178588867,6.41874885559082
REFUGE2,val,V0047.jpg,,1940.0,1940.0,1.0,50.03840637207031,37.20163345336914,16.39607810974121,90.28223419189453,45.32329177856445,14.509714126586914
REFUGE2,val,V0048.jpg,,1940.0,1940.0,1.0,51.724239349365234,39.449466705322266,18.415714263916016,82.99288177490234,48.21730422973633,23.96253776550293
REFUGE2,val,V0049.jpg,,1940.0,1940.0,1.0,34.46046447753906,32.48167037963867,11.422943115234375,62.8967399597168,31.307798385620117,9.176849365234375
REFUGE2,val,V0050.jpg,,1940.0,1940.0,1.0,59.63612747192383,42.64441680908203,15.319427490234375,111.85630798339844,53.31863021850586,13.733441352844238
REFUGE2,val,V0051.jpg,,1940.0,1940.0,1.0,57.466552734375,39.88480758666992,13.34033203125,116.35494232177734,51.57181930541992,4.47289514541626
REFUGE2,val,V0052.jpg,,1940.0,1940.0,1.0,77.07624816894531,52.429405212402344,12.099298477172852,143.96031188964844,66.92607879638672,20.34233856201172
REFUGE2,val,V0053.jpg,,1940.0,1940.0,1.0,61.139591217041016,39.188079833984375,15.455408096313477,119.58415985107422,56.57105255126953,7.263548851013184
REFUGE2,val,V0054.jpg,,1940.0,1940.0,1.0,51.44419860839844,33.59090042114258,13.370142936706543,105.53227233886719,45.61709976196289,3.1832354068756104
REFUGE2,val,V0055.jpg,,1940.0,1940.0,1.0,53.065711975097656,37.116092681884766,14.86623764038086,107.34422302246094,45.6104736328125,6.242438316345215
REFUGE2,val,V0056.jpg,,1940.0,1940.0,1.0,54.78214645385742,42.45991134643555,11.719598770141602,109.7552490234375,45.53379821777344,9.057388305664062
REFUGE2,val,V0057.jpg,,1940.0,1940.0,1.0,64.8324966430664,39.98577880859375,17.2773494720459,123.77628326416016,61.06121826171875,9.659980773925781
REFUGE2,val,V0058.jpg,,1940.0,1940.0,1.0,58.21985626220703,38.733341217041016,12.44273567199707,125.56684112548828,45.4338264465332,3.6588892936706543
REFUGE2,val,V0059.jpg,,1940.0,1940.0,1.0,65.04954528808594,40.496315002441406,19.730342864990234,118.9373779296875,62.32826614379883,13.882986068725586
REFUGE2,val,V0060.jpg,,1940.0,1940.0,1.0,64.49972534179688,39.48413848876953,16.486923217773438,126.58158111572266,60.93012237548828,5.9874677658081055
REFUGE2,val,V0061.jpg,,1940.0,1940.0,1.0,54.362220764160156,39.40790557861328,20.039947509765625,102.8265380859375,47.8397102355957,12.420414924621582
REFUGE2,val,V0062.jpg,,1940.0,1940.0,1.0,47.14263916015625,37.69365310668945,15.91352653503418,89.05363464355469,42.1293830871582,10.244893074035645
REFUGE2,val,V0063.jpg,,1940.0,1940.0,1.0,63.84403991699219,43.11057662963867,16.674461364746094,120.03390502929688,57.720924377441406,13.777270317077637
REFUGE2,val,V0064.jpg,,1940.0,1940.0,1.0,60.5661735534668,40.77253723144531,18.08528709411621,94.04666137695312,57.288665771484375,30.363187789916992
REFUGE2,val,V0065.jpg,,1940.0,1940.0,1.0,53.60673141479492,32.43082046508789,13.646333694458008,110.14232635498047,48.50685119628906,2.1710073947906494
REFUGE2,val,V0066.jpg,,1940.0,1940.0,1.0,36.03825378417969,28.04222869873047,10.042580604553223,75.1036148071289,29.60503387451172,3.4061033725738525
REFUGE2,val,V0067.jpg,,1940.0,1940.0,1.0,64.3826904296875,41.600677490234375,10.42732048034668,120.2731704711914,58.17616271972656,14.698739051818848
REFUGE2,val,V0068.jpg,,1940.0,1940.0,1.0,45.35369873046875,29.132869720458984,5.013505458831787,96.76361846923828,37.43791961669922,1.8595736026763916
REFUGE2,val,V0069.jpg,,1940.0,1940.0,1.0,61.04033279418945,41.94166564941406,7.209220886230469,113.188720703125,53.18739318847656,16.74489402770996
REFUGE2,val,V0070.jpg,,1940.0,1940.0,1.0,62.67338562011719,42.016754150390625,13.498271942138672,116.11317443847656,55.47753143310547,16.429452896118164
REFUGE2,val,V0071.jpg,,1940.0,1940.0,1.0,73.01402282714844,46.859954833984375,12.56622314453125,134.5701446533203,68.2350082397461,16.23691749572754
REFUGE2,val,V0072.jpg,,1940.0,1940.0,1.0,52.87351608276367,40.5589485168457,6.4181132316589355,95.83091735839844,47.46917724609375,15.320444107055664
REFUGE2,val,V0073.jpg,,1940.0,1940.0,1.0,53.664669036865234,35.0482292175293,5.955692291259766,108.69611358642578,48.07971954345703,4.218174934387207
REFUGE2,val,V0074.jpg,,1940.0,1940.0,1.0,54.51314163208008,35.590904235839844,6.742063522338867,109.7821044921875,49.72999572753906,4.027322769165039
REFUGE2,val,V0075.jpg,,1940.0,1940.0,1.0,72.4207763671875,46.8140869140625,12.599397659301758,126.96687316894531,67.80842590332031,22.487031936645508
REFUGE2,val,V0076.jpg,,1940.0,1940.0,1.0,76.10728454589844,48.68532180786133,11.749113082885742,131.40806579589844,71.07225036621094,25.841543197631836
REFUGE2,val,V0077.jpg,,1940.0,1940.0,1.0,54.36062240600586,35.30107116699219,7.998340606689453,110.05644989013672,48.28793716430664,4.737483024597168
REFUGE2,val,V0078.jpg,,1940.0,1940.0,1.0,57.220890045166016,40.60090637207031,11.446243286132812,106.59264373779297,51.01596450805664,14.054059028625488
REFUGE2,val,V0079.jpg,,1940.0,1940.0,1.0,60.48321533203125,40.28251647949219,10.893192291259766,105.11466217041016,55.53287124633789,20.80211639404297
REFUGE2,val,V0080.jpg,,1940.0,1940.0,1.0,67.31092071533203,41.81510925292969,15.081871032714844,116.638427734375,63.53429412841797,21.760042190551758
REFUGE2,val,V0081.jpg,,1940.0,1940.0,1.0,67.22415924072266,41.52656173706055,18.332218170166016,107.68913269042969,64.9258804321289,29.05745506286621
REFUGE2,val,V0082.jpg,,1940.0,1940.0,1.0,84.31846618652344,51.482540130615234,19.138959884643555,138.8567657470703,76.53560638427734,37.56303787231445
REFUGE2,val,V0083.jpg,,1940.0,1940.0,1.0,67.34859466552734,40.6888542175293,17.239126205444336,116.90985107421875,60.57441329956055,24.561542510986328
REFUGE2,val,V0084.jpg,,1940.0,1940.0,1.0,60.9325065612793,36.689266204833984,16.292333602905273,121.01605224609375,56.26336669921875,5.518104076385498
REFUGE2,val,V0085.jpg,,1940.0,1940.0,1.0,66.55296325683594,41.50871658325195,17.379520416259766,124.73604583740234,61.38234329223633,13.540494918823242
REFUGE2,val,V0086.jpg,,1940.0,1940.0,1.0,65.56912231445312,43.89269256591797,16.82749366760254,119.55561065673828,59.47529983520508,17.67645263671875
REFUGE2,val,V0087.jpg,,1940.0,1940.0,1.0,54.325599670410156,33.579593658447266,13.534345626831055,109.77742004394531,49.5306282043457,3.668743133544922
REFUGE2,val,V0088.jpg,,1940.0,1940.0,1.0,61.9365119934082,40.513038635253906,17.321269989013672,110.55901336669922,55.067230224609375,20.18328857421875
REFUGE2,val,V0089.jpg,,1940.0,1940.0,1.0,80.48606872558594,45.7566032409668,20.281410217285156,145.66213989257812,75.00847625732422,20.78759002685547
REFUGE2,val,V0090.jpg,,1940.0,1940.0,1.0,58.32570266723633,34.43938446044922,19.060447692871094,111.79061126708984,55.32310485839844,7.8633880615234375
REFUGE2,val,V0091.jpg,,1940.0,1940.0,1.0,66.02104187011719,43.51408767700195,17.88400650024414,114.40408325195312,61.17890930175781,22.48012351989746
REFUGE2,val,V0092.jpg,,1940.0,1940.0,1.0,82.0660629272461,50.598880767822266,20.719696044921875,140.13592529296875,74.36529541015625,31.696975708007812
REFUGE2,val,V0093.jpg,,1940.0,1940.0,1.0,74.41835021972656,46.57358932495117,23.127147674560547,125.15336608886719,68.23486328125,29.866804122924805
REFUGE2,val,V0094.jpg,,1940.0,1940.0,1.0,64.87845611572266,38.41559982299805,16.83329963684082,129.86705017089844,59.1585578918457,5.609747886657715
REFUGE2,val,V0095.jpg,,1940.0,1940.0,1.0,76.33538818359375,47.444820404052734,17.562217712402344,135.0256805419922,70.13577270507812,23.844697952270508
REFUGE2,val,V0096.jpg,,1940.0,1940.0,1.0,71.92659759521484,42.87933349609375,18.538448333740234,135.85928344726562,68.82762908935547,11.092874526977539
REFUGE2,val,V0097.jpg,,1940.0,1940.0,1.0,57.78746795654297,40.3792839050293,9.374868392944336,111.87237548828125,48.518192291259766,12.971837997436523
REFUGE2,val,V0098.jpg,,1940.0,1940.0,1.0,68.4284896850586,48.10160827636719,6.938726425170898,127.88446807861328,60.386268615722656,17.014726638793945
REFUGE2,val,V0099.jpg,,1940.0,1940.0,1.0,68.75119018554688,45.78427505493164,7.1300249099731445,120.65328216552734,61.52642822265625,24.07386589050293
REFUGE2,val,V0100.jpg,,1940.0,1940.0,1.0,73.51769256591797,43.8284912109375,9.150518417358398,125.49063110351562,72.50590515136719,22.55655288696289
REFUGE2,val,V0101.jpg,,1940.0,1940.0,1.0,47.20146179199219,33.215248107910156,6.628491401672363,92.50447845458984,41.47684097290039,7.623083591461182
REFUGE2,val,V0102.jpg,,1940.0,1940.0,1.0,62.1800422668457,46.15138244628906,10.12370491027832,110.62611389160156,55.48876953125,20.425243377685547
REFUGE2,val,V0103.jpg,,1940.0,1940.0,1.0,74.95539855957031,48.71533966064453,8.914433479309082,135.4017791748047,69.21341705322266,20.251007080078125
REFUGE2,val,V0104.jpg,,1940.0,1940.0,1.0,46.11825180053711,29.324810028076172,6.875877857208252,94.31456756591797,41.564910888671875,2.47528076171875
REFUGE2,val,V0105.jpg,,1940.0,1940.0,1.0,37.296051025390625,24.890779495239258,5.735246658325195,75.25254821777344,33.194915771484375,3.4406871795654297
REFUGE2,val,V0106.jpg,,1940.0,1940.0,1.0,72.23353576660156,43.89488220214844,7.706457138061523,144.1260223388672,64.59014892578125,7.9844255447387695
REFUGE2,val,V0107.jpg,,1940.0,1940.0,1.0,44.13675308227539,29.052562713623047,5.133136749267578,91.23506927490234,39.00407791137695,2.1710989475250244
REFUGE2,val,V0108.jpg,,1940.0,1940.0,1.0,46.53117752075195,33.64407730102539,7.739104270935059,82.80016326904297,42.84297180175781,13.950394630432129
REFUGE2,val,V0109.jpg,,1940.0,1940.0,1.0,57.55990982055664,39.57386779785156,15.858057022094727,100.95569610595703,52.802730560302734,18.92130470275879
REFUGE2,val,V0110.jpg,,1940.0,1940.0,1.0,60.49626541137695,40.61581802368164,10.483373641967773,118.31688690185547,55.50345993041992,7.6684346199035645
REFUGE2,val,V0111.jpg,,1940.0,1940.0,1.0,62.38188171386719,39.772396087646484,9.305715560913086,110.2358627319336,57.531097412109375,19.37868881225586
REFUGE2,val,V0112.jpg,,1940.0,1940.0,1.0,47.384029388427734,30.09202003479004,6.175361156463623,86.72687530517578,43.821388244628906,11.603815078735352
REFUGE2,val,V0113.jpg,,1940.0,1940.0,1.0,46.7958984375,29.933887481689453,6.8953752517700195,92.99356842041016,43.734066009521484,3.6600470542907715
REFUGE2,val,V0114.jpg,,1940.0,1940.0,1.0,50.8813591003418,35.0699462890625,10.764814376831055,95.50675964355469,46.4067497253418,10.730568885803223
REFUGE2,val,V0115.jpg,,1940.0,1940.0,1.0,41.85540771484375,31.80596351623535,8.361351013183594,78.22740173339844,38.32002639770508,9.018791198730469
REFUGE2,val,V0116.jpg,,1940.0,1940.0,1.0,47.410274505615234,30.388134002685547,9.605534553527832,94.03861236572266,42.75661849975586,5.435602188110352
REFUGE2,val,V0117.jpg,,1940.0,1940.0,1.0,47.290714263916016,32.72275161743164,6.2197418212890625,95.89949798583984,42.73201370239258,3.2406375408172607
REFUGE2,val,V0118.jpg,,1940.0,1940.0,1.0,39.3907585144043,27.903921127319336,8.447491645812988,73.59841918945312,39.80698013305664,4.766874313354492
REFUGE2,val,V0119.jpg,,1940.0,1940.0,1.0,43.14286422729492,31.937026977539062,5.994866847991943,86.2781753540039,38.76228332519531,4.388131618499756
REFUGE2,val,V0120.jpg,,1940.0,1940.0,1.0,70.08348846435547,45.44597244262695,18.180702209472656,111.85640716552734,65.48410034179688,32.90994644165039
REFUGE2,val,V0121.jpg,,1940.0,1940.0,1.0,70.59309387207031,45.22196578979492,10.412679672241211,121.03704071044922,64.71981811523438,26.022417068481445
REFUGE2,val,V0122.jpg,,1940.0,1940.0,1.0,69.70697021484375,42.373313903808594,10.142413139343262,125.47972106933594,66.97250366210938,16.668685913085938
REFUGE2,val,V0123.jpg,,1940.0,1940.0,1.0,63.677490234375,43.4972038269043,10.909856796264648,104.0500717163086,59.86380386352539,27.118600845336914
REFUGE2,val,V0124.jpg,,1940.0,1940.0,1.0,84.11177062988281,50.79692840576172,18.884246826171875,133.2182159423828,77.71504211425781,41.402061462402344
REFUGE2,val,V0125.jpg,,1940.0,1940.0,1.0,73.7650146484375,43.95219039916992,14.046285629272461,135.01173400878906,68.66011810302734,17.62322425842285
REFUGE2,val,V0126.jpg,,1940.0,1940.0,1.0,72.90525817871094,52.15098571777344,6.306947708129883,116.24210357666016,69.3385009765625,33.13516616821289
REFUGE2,val,V0127.jpg,,1940.0,1940.0,1.0,63.80585479736328,45.78887176513672,8.628950119018555,110.90049743652344,57.31446075439453,23.202600479125977
REFUGE2,val,V0128.jpg,,1940.0,1940.0,1.0,85.39849853515625,51.37593078613281,11.533811569213867,135.9580841064453,80.50843811035156,39.728973388671875
REFUGE2,val,V0129.jpg,,1940.0,1940.0,1.0,69.79873657226562,48.08809280395508,16.150737762451172,107.99557495117188,66.31128692626953,35.0893440246582
REFUGE2,val,V0130.jpg,,1940.0,1940.0,1.0,69.967041015625,44.46088790893555,10.007404327392578,126.01132202148438,65.00265502929688,18.88713264465332
REFUGE2,val,V0131.jpg,,1940.0,1940.0,1.0,68.74068450927734,43.529151916503906,11.46540641784668,120.24862670898438,63.9337043762207,22.039745330810547
REFUGE2,val,V0132.jpg,,1940.0,1940.0,1.0,64.97217559814453,42.29842758178711,13.026716232299805,107.9655990600586,60.07938766479492,26.871532440185547
REFUGE2,val,V0133.jpg,,1940.0,1940.0,1.0,62.06898880004883,42.192970275878906,10.574152946472168,106.92308807373047,54.828914642333984,24.454959869384766
REFUGE2,val,V0134.jpg,,1940.0,1940.0,1.0,69.4064712524414,43.99275207519531,13.058822631835938,116.55542755126953,64.58433532714844,27.07966423034668
REFUGE2,val,V0135.jpg,,1940.0,1940.0,1.0,69.54551696777344,45.849342346191406,9.531477928161621,120.64412689208984,60.16490173339844,27.82752227783203
REFUGE2,val,V0136.jpg,,1940.0,1940.0,1.0,67.14983367919922,45.31794357299805,8.790897369384766,108.96179962158203,61.70413589477539,30.78357696533203
REFUGE2,val,V0137.jpg,,1940.0,1940.0,1.0,52.95175552368164,36.688751220703125,9.074079513549805,95.6658935546875,48.77994155883789,14.409428596496582
REFUGE2,val,V0138.jpg,,1940.0,1940.0,1.0,77.97657775878906,48.58099365234375,9.237954139709473,138.74533081054688,72.9944839477539,22.189916610717773
REFUGE2,val,V0139.jpg,,1940.0,1940.0,1.0,62.57245635986328,41.000030517578125,15.611186981201172,116.05960083007812,54.171112060546875,17.486642837524414
REFUGE2,val,V0140.jpg,,1940.0,1940.0,1.0,48.5981330871582,33.44966506958008,10.530344009399414,84.9085464477539,44.11650085449219,16.769351959228516
REFUGE2,val,V0141.jpg,,1940.0,1940.0,1.0,70.17826080322266,45.926822662353516,9.318085670471191,136.14720153808594,61.416038513183594,12.97156047821045
REFUGE2,val,V0142.jpg,,1940.0,1940.0,1.0,44.730533599853516,36.95256805419922,6.652022838592529,83.91020202636719,38.980709075927734,11.300687789916992
REFUGE2,val,V0143.jpg,,1940.0,1940.0,1.0,49.43209457397461,39.2469596862793,7.236316204071045,94.95938110351562,42.370487213134766,10.966418266296387
REFUGE2,val,V0144.jpg,,1940.0,1940.0,1.0,51.72178268432617,36.71571350097656,7.207196235656738,92.82752990722656,51.503662109375,10.834135055541992
REFUGE2,val,V0145.jpg,,1940.0,1940.0,1.0,48.33236312866211,30.03231430053711,6.359148979187012,93.36002349853516,46.65978240966797,4.97728967666626
REFUGE2,val,V0146.jpg,,1940.0,1940.0,1.0,57.88345718383789,37.51259994506836,10.13949203491211,98.21025085449219,55.250946044921875,20.189176559448242
REFUGE2,val,V0147.jpg,,1940.0,1940.0,1.0,58.949974060058594,35.867774963378906,9.528310775756836,110.48451232910156,56.49299240112305,9.87242317199707
REFUGE2,val,V0148.jpg,,1940.0,1940.0,1.0,74.04741668701172,42.18275451660156,11.64107894897461,140.62246704101562,70.87744140625,10.64234733581543
REFUGE2,val,V0149.jpg,,1940.0,1940.0,1.0,62.051448822021484,39.6056022644043,12.63125991821289,111.66340637207031,55.142822265625,19.348112106323242
REFUGE2,val,V0150.jpg,,1940.0,1940.0,1.0,51.43550491333008,35.40292739868164,8.88162612915039,95.18610382080078,45.93634033203125,13.184080123901367
REFUGE2,val,V0151.jpg,,1940.0,1940.0,1.0,56.63600540161133,38.313331604003906,9.671064376831055,107.6455078125,50.522701263427734,11.739822387695312
REFUGE2,val,V0152.jpg,,1940.0,1940.0,1.0,63.32548522949219,42.0821418762207,13.731904983520508,110.9195556640625,59.81288146972656,19.244009017944336
REFUGE2,val,V0153.jpg,,1940.0,1940.0,1.0,63.27705001831055,44.532073974609375,10.33163070678711,117.7031021118164,52.43273162841797,19.695322036743164
REFUGE2,val,V0154.jpg,,1940.0,1940.0,1.0,48.366172790527344,32.79545974731445,7.9205474853515625,89.14141082763672,47.248958587646484,8.708157539367676
REFUGE2,val,V0155.jpg,,1940.0,1940.0,1.0,49.2628288269043,35.992347717285156,9.460203170776367,86.9192123413086,45.02521896362305,15.844051361083984
REFUGE2,val,V0156.jpg,,1940.0,1940.0,1.0,44.4326171875,29.163692474365234,6.539569854736328,93.42753601074219,37.5843620300293,2.285956621170044
REFUGE2,val,V0157.jpg,,1940.0,1940.0,1.0,43.852848052978516,33.55718231201172,6.234986305236816,90.05474853515625,37.18787384033203,4.315923690795898
REFUGE2,val,V0158.jpg,,1940.0,1940.0,1.0,55.04294204711914,36.44418716430664,12.83340072631836,99.76844024658203,50.40740203857422,14.952980995178223
REFUGE2,val,V0159.jpg,,1940.0,1940.0,1.0,44.920719146728516,35.405853271484375,8.033390045166016,82.3618392944336,40.83759689331055,11.56270980834961
REFUGE2,val,V0160.jpg,,1940.0,1940.0,1.0,52.21288299560547,36.31206130981445,10.53145980834961,98.91680145263672,47.731201171875,9.990653038024902
REFUGE2,val,V0161.jpg,,1940.0,1940.0,1.0,62.23530578613281,39.87804412841797,9.675378799438477,109.0108413696289,57.7486686706543,19.946409225463867
REFUGE2,val,V0162.jpg,,1940.0,1940.0,1.0,46.64421463012695,29.56389808654785,10.777442932128906,91.78169250488281,43.713706970214844,4.437243461608887
REFUGE2,val,V0163.jpg,,1940.0,1940.0,1.0,49.53850555419922,34.465248107910156,4.87861442565918,90.94133758544922,44.54592514038086,13.12824821472168
REFUGE2,val,V0164.jpg,,1940.0,1940.0,1.0,49.43715286254883,33.73344802856445,10.873359680175781,91.92701721191406,44.90436935424805,11.480076789855957
REFUGE2,val,V0165.jpg,,1940.0,1940.0,1.0,55.01675033569336,38.27294921875,10.499380111694336,101.84686279296875,49.347713470458984,13.85567855834961
REFUGE2,val,V0166.jpg,,1940.0,1940.0,1.0,63.01545715332031,39.60597229003906,10.103013038635254,115.09297180175781,57.322174072265625,16.631223678588867
REFUGE2,val,V0167.jpg,,1940.0,1940.0,1.0,55.56117630004883,39.5338020324707,7.730268955230713,99.4166259765625,49.45783996582031,17.80907440185547
REFUGE2,val,V0168.jpg,,1940.0,1940.0,1.0,61.84882736206055,43.520286560058594,6.03803825378418,101.24891662597656,56.795955657958984,27.501611709594727
REFUGE2,val,V0169.jpg,,1940.0,1940.0,1.0,36.17577362060547,23.69379997253418,4.074909210205078,78.30943298339844,28.543371200561523,1.674522042274475
REFUGE2,val,V0170.jpg,,1940.0,1940.0,1.0,57.414241790771484,39.215641021728516,9.891913414001465,111.04300689697266,51.823028564453125,9.376687049865723
REFUGE2,val,V0171.jpg,,1940.0,1940.0,1.0,61.17007064819336,37.86513900756836,11.572755813598633,117.82472229003906,57.45052719116211,8.234978675842285
REFUGE2,val,V0172.jpg,,1940.0,1940.0,1.0,61.51028060913086,41.00852584838867,7.1042656898498535,110.40164184570312,55.808067321777344,18.32114601135254
REFUGE2,val,V0173.jpg,,1940.0,1940.0,1.0,53.219444274902344,36.51948165893555,10.676166534423828,92.25757598876953,48.72641372680664,18.674354553222656
REFUGE2,val,V0174.jpg,,1940.0,1940.0,1.0,52.281517028808594,36.245418548583984,6.3071722984313965,94.2649154663086,47.533721923828125,15.0458984375
REFUGE2,val,V0175.jpg,,1940.0,1940.0,1.0,81.94863891601562,48.88933563232422,15.547666549682617,137.94094848632812,76.21603393554688,31.68894386291504
REFUGE2,val,V0176.jpg,,1940.0,1940.0,1.0,45.34175109863281,30.345767974853516,6.041072845458984,89.3583755493164,41.79343032836914,4.873436450958252
REFUGE2,val,V0177.jpg,,1940.0,1940.0,1.0,55.954559326171875,36.20451354980469,11.481725692749023,103.41258239746094,52.508575439453125,11.942508697509766
REFUGE2,val,V0178.jpg,,1940.0,1940.0,1.0,58.249874114990234,39.06814193725586,5.616113662719727,122.69734954833984,46.0220947265625,6.030178546905518
REFUGE2,val,V0179.jpg,,1940.0,1940.0,1.0,70.67730712890625,47.155670166015625,14.550201416015625,118.71553039550781,65.49789428710938,27.818525314331055
REFUGE2,val,V0180.jpg,,1940.0,1940.0,1.0,69.51828002929688,45.497093200683594,12.362741470336914,115.56914520263672,65.10285949707031,27.882854461669922
REFUGE2,val,V0181.jpg,,1940.0,1940.0,1.0,76.25005340576172,46.17481994628906,13.97409439086914,119.7412338256836,70.39305877685547,38.6158447265625
REFUGE2,val,V0182.jpg,,1940.0,1940.0,1.0,50.303836822509766,36.371482849121094,8.178634643554688,98.59474182128906,44.983619689941406,7.333148956298828
REFUGE2,val,V0183.jpg,,1940.0,1940.0,1.0,46.51776885986328,32.34292984008789,5.924200057983398,85.06983184814453,42.50388717651367,11.979593276977539
REFUGE2,val,V0184.jpg,,1940.0,1940.0,1.0,56.571231842041016,41.72410583496094,9.958064079284668,97.39495086669922,51.683555603027344,20.63520050048828
REFUGE2,val,V0185.jpg,,1940.0,1940.0,1.0,46.715179443359375,32.19696044921875,6.213929653167725,95.58964538574219,41.22159194946289,3.3343124389648438
REFUGE2,val,V0186.jpg,,1940.0,1940.0,1.0,31.52665138244629,20.4622802734375,3.909043312072754,64.70407104492188,28.54930305480957,1.3265838623046875
REFUGE2,val,V0187.jpg,,1940.0,1940.0,1.0,50.24407958984375,36.295345306396484,5.201261043548584,99.47745513916016,44.184879302978516,7.0699143409729
REFUGE2,val,V0188.jpg,,1940.0,1940.0,1.0,45.674686431884766,31.510513305664062,5.205229759216309,92.53429412841797,39.240478515625,5.249281406402588
REFUGE2,val,V0189.jpg,,1940.0,1940.0,1.0,38.75132751464844,27.259321212768555,7.080188751220703,75.75525665283203,34.2062873840332,6.2924370765686035
REFUGE2,val,V0190.jpg,,1940.0,1940.0,1.0,61.3061408996582,40.2357063293457,8.38467025756836,103.09403991699219,58.729835510253906,22.09454345703125
REFUGE2,val,V0191.jpg,,1940.0,1940.0,1.0,50.77433395385742,37.89537811279297,4.192379951477051,91.509033203125,45.03124237060547,15.782733917236328
REFUGE2,val,V0192.jpg,,1940.0,1940.0,1.0,49.02558898925781,32.39338302612305,6.525179386138916,89.30300903320312,44.25968933105469,13.514078140258789
REFUGE2,val,V0193.jpg,,1940.0,1940.0,1.0,51.498294830322266,35.80838394165039,11.36572265625,94.824462890625,45.83888626098633,13.831523895263672
REFUGE2,val,V0194.jpg,,1940.0,1940.0,1.0,50.02861022949219,39.73875427246094,6.262744903564453,88.00338745117188,45.371456146240234,16.710983276367188
REFUGE2,val,V0195.jpg,,1940.0,1940.0,1.0,44.474727630615234,30.545625686645508,6.406857490539551,82.76353454589844,40.239891052246094,10.420774459838867
REFUGE2,val,V0196.jpg,,1940.0,1940.0,1.0,59.626747131347656,39.08774185180664,7.180475234985352,103.61531829833984,54.89531707763672,20.36961555480957
REFUGE2,val,V0197.jpg,,1940.0,1940.0,1.0,58.36978530883789,41.06443786621094,7.809169292449951,101.4210205078125,54.70280075073242,18.985532760620117
REFUGE2,val,V0198.jpg,,1940.0,1940.0,1.0,55.47002410888672,38.712547302246094,9.918684005737305,97.60171508789062,51.435302734375,17.373046875
REFUGE2,val,V0199.jpg,,1940.0,1940.0,1.0,52.37223815917969,37.82741165161133,8.17739486694336,88.5037841796875,48.5174446105957,20.095504760742188
REFUGE2,val,V0200.jpg,,1940.0,1940.0,1.0,47.05879592895508,34.04460525512695,9.670555114746094,83.59676361083984,42.5059700012207,15.073657035827637
REFUGE2,val,V0201.jpg,,1940.0,1940.0,1.0,49.25897216796875,37.358150482177734,6.897272109985352,94.55247497558594,44.46709060668945,8.757342338562012
REFUGE2,val,V0202.jpg,,1940.0,1940.0,1.0,49.83353805541992,36.49384689331055,7.5771284103393555,91.8753890991211,44.88279724121094,12.742416381835938
REFUGE2,val,V0203.jpg,,1940.0,1940.0,1.0,79.33345794677734,49.90923309326172,8.120798110961914,137.5286407470703,70.3173828125,30.154348373413086
REFUGE2,val,V0204.jpg,,1940.0,1940.0,1.0,54.09066390991211,36.5324821472168,5.0594868659973145,112.58568572998047,44.89125442504883,4.795046329498291
REFUGE2,val,V0205.jpg,,1940.0,1940.0,1.0,47.00855255126953,34.298789978027344,4.697206497192383,90.05671691894531,43.8041877746582,7.1647562980651855
REFUGE2,val,V0206.jpg,,1940.0,1940.0,1.0,49.93277359008789,34.6986198425293,9.800518035888672,86.24777221679688,46.554996490478516,16.99555778503418
REFUGE2,val,V0207.jpg,,1940.0,1940.0,1.0,49.51885223388672,37.4793701171875,4.96601676940918,92.00780487060547,44.44668197631836,12.102060317993164
REFUGE2,val,V0208.jpg,,1940.0,1940.0,1.0,42.83806610107422,33.48250198364258,6.626044273376465,73.788330078125,39.64537811279297,15.08049488067627
REFUGE2,val,V0209.jpg,,1940.0,1940.0,1.0,69.1094970703125,42.816715240478516,14.340749740600586,119.47583770751953,67.53781127929688,20.314855575561523
REFUGE2,val,V0210.jpg,,1940.0,1940.0,1.0,74.13661193847656,44.721195220947266,11.741460800170898,133.6547393798828,69.67997741699219,19.07512855529785
REFUGE2,val,V0211.jpg,,1940.0,1940.0,1.0,40.21089172363281,28.69833755493164,5.986018180847168,73.24551391601562,38.24655532836914,9.140597343444824
REFUGE2,val,V0212.jpg,,1940.0,1940.0,1.0,57.29226303100586,36.757503509521484,10.837248802185059,113.8077163696289,50.111289978027344,7.957780838012695
REFUGE2,val,V0213.jpg,,1940.0,1940.0,1.0,52.85105895996094,33.70525360107422,9.674402236938477,100.50493621826172,50.38440704345703,7.663821697235107
REFUGE2,val,V0214.jpg,,1940.0,1940.0,1.0,48.78651428222656,30.641925811767578,8.112455368041992,93.04191589355469,46.40460968017578,6.913005828857422
REFUGE2,val,V0215.jpg,,1940.0,1940.0,1.0,61.74407196044922,39.26472854614258,8.31118106842041,119.7712631225586,54.388580322265625,11.072366714477539
REFUGE2,val,V0216.jpg,,1940.0,1940.0,1.0,80.87470245361328,47.63862991333008,11.904586791992188,139.8158416748047,77.16317749023438,25.64508628845215
REFUGE2,val,V0217.jpg,,1940.0,1940.0,1.0,70.07929229736328,45.59329605102539,7.99552059173584,122.67738342285156,67.30680084228516,20.25368881225586
REFUGE2,val,V0218.jpg,,1940.0,1940.0,1.0,48.03678894042969,33.39167404174805,7.689857482910156,95.48731994628906,43.17225646972656,5.450782775878906
REFUGE2,val,V0219.jpg,,1940.0,1940.0,1.0,49.26483154296875,34.645442962646484,5.761607646942139,89.36872863769531,45.972442626953125,12.453323364257812
REFUGE2,val,V0220.jpg,,1940.0,1940.0,1.0,76.56420135498047,48.0545539855957,9.511784553527832,122.22947692871094,71.36416625976562,36.09896469116211
REFUGE2,val,V0221.jpg,,1940.0,1940.0,1.0,75.0681381225586,46.73347091674805,10.099749565124512,123.18956756591797,68.57890319824219,33.43593215942383
REFUGE2,val,V0222.jpg,,1940.0,1940.0,1.0,55.057579040527344,41.04621887207031,9.359134674072266,96.33145904541016,49.3155632019043,19.525718688964844
REFUGE2,val,V0223.jpg,,1940.0,1940.0,1.0,59.51356506347656,37.96197509765625,14.097627639770508,101.19647216796875,54.638206481933594,22.706005096435547
REFUGE2,val,V0224.jpg,,1940.0,1940.0,1.0,43.142005920410156,29.942846298217773,13.055363655090332,79.09194946289062,40.81553268432617,9.518528938293457
REFUGE2,val,V0225.jpg,,1940.0,1940.0,1.0,54.413387298583984,38.14653778076172,9.733680725097656,101.5033187866211,47.28459930419922,14.45224380493164
REFUGE2,val,V0226.jpg,,1940.0,1940.0,1.0,56.35415267944336,37.477294921875,8.83453369140625,102.66117858886719,53.03269577026367,13.368584632873535
REFUGE2,val,V0227.jpg,,1940.0,1940.0,1.0,41.01007080078125,26.812034606933594,7.972455978393555,84.1890640258789,35.865386962890625,2.9757585525512695
REFUGE2,val,V0228.jpg,,1940.0,1940.0,1.0,39.99348831176758,26.874561309814453,5.437276363372803,84.52989196777344,33.60955047607422,1.8410205841064453
REFUGE2,val,V0229.jpg,,1940.0,1940.0,1.0,56.62116622924805,37.59278106689453,5.80430793762207,106.22625732421875,50.57324981689453,13.063993453979492
REFUGE2,val,V0230.jpg,,1940.0,1940.0,1.0,47.37556076049805,30.76728630065918,7.050074577331543,86.0159912109375,43.2562255859375,12.854442596435547
REFUGE2,val,V0231.jpg,,1940.0,1940.0,1.0,58.001792907714844,36.30104064941406,9.074544906616211,108.97671508789062,54.721614837646484,10.30704402923584
REFUGE2,val,V0232.jpg,,1940.0,1940.0,1.0,56.732601165771484,36.53099060058594,5.7730817794799805,113.60127258300781,50.25547790527344,6.341043472290039
REFUGE2,val,V0233.jpg,,1940.0,1940.0,1.0,43.317222595214844,31.056865692138672,4.782764434814453,84.7017822265625,38.37788391113281,6.872013092041016
REFUGE2,val,V0234.jpg,,1940.0,1940.0,1.0,47.930667877197266,34.17162322998047,8.916009902954102,87.43212127685547,44.6629753112793,11.696910858154297
REFUGE2,val,V0235.jpg,,1940.0,1940.0,1.0,50.99277877807617,39.17404556274414,6.635231018066406,99.79360961914062,43.999473571777344,9.185257911682129
REFUGE2,val,V0236.jpg,,1940.0,1940.0,1.0,56.74237823486328,36.141075134277344,8.680047988891602,110.66896057128906,51.41300582885742,8.145153999328613
REFUGE2,val,V0237.jpg,,1940.0,1940.0,1.0,48.1719856262207,30.247802734375,6.534746170043945,96.480712890625,45.60905456542969,2.4261868000030518
REFUGE2,val,V0238.jpg,,1940.0,1940.0,1.0,50.440528869628906,35.878936767578125,9.871582984924316,98.1739273071289,43.242759704589844,9.904897689819336
REFUGE2,val,V0239.jpg,,1940.0,1940.0,1.0,57.18304443359375,35.91162109375,12.038509368896484,108.10664367675781,53.3132438659668,10.129257202148438
REFUGE2,val,V0240.jpg,,1940.0,1940.0,1.0,59.06569290161133,33.452369689941406,9.454581260681152,118.21387481689453,56.14868927001953,2.8345141410827637
REFUGE2,val,V0241.jpg,,1940.0,1940.0,1.0,56.060176849365234,35.24051284790039,23.665443420410156,93.68997955322266,54.30950927734375,20.1810302734375
REFUGE2,val,V0242.jpg,,1940.0,1940.0,1.0,80.87435913085938,50.71710968017578,18.73015594482422,135.25302124023438,72.9414291381836,34.42863464355469
REFUGE2,val,V0243.jpg,,1940.0,1940.0,1.0,65.86148834228516,41.40428924560547,19.78638458251953,114.793701171875,59.5042610168457,23.28648567199707
REFUGE2,val,V0244.jpg,,1940.0,1940.0,1.0,79.26654815673828,46.79564666748047,20.227760314941406,146.2834014892578,74.6373062133789,16.87893295288086
REFUGE2,val,V0245.jpg,,1940.0,1940.0,1.0,68.80371856689453,42.912384033203125,19.27422332763672,126.43248748779297,64.20262145996094,15.77602767944336
REFUGE2,val,V0246.jpg,,1940.0,1940.0,1.0,63.68271255493164,44.4863166809082,17.334545135498047,116.70375061035156,57.49246597290039,16.8519344329834
REFUGE2,val,V0247.jpg,,1940.0,1940.0,1.0,61.68577194213867,39.26251983642578,15.725936889648438,121.07039642333984,57.29155349731445,6.69536828994751
REFUGE2,val,V0248.jpg,,1940.0,1940.0,1.0,64.81778717041016,43.15006637573242,19.535879135131836,113.06748962402344,58.25093078613281,23.13493537902832
REFUGE2,val,V0249.jpg,,1940.0,1940.0,1.0,80.87886047363281,46.822452545166016,22.636882781982422,146.18258666992188,75.23503112792969,21.218965530395508
REFUGE2,val,V0250.jpg,,1940.0,1940.0,1.0,57.20139694213867,34.518218994140625,20.166271209716797,110.60462188720703,54.49184036254883,6.50773811340332
REFUGE2,val,V0251.jpg,,1940.0,1940.0,1.0,67.48516845703125,44.3134765625,18.25764274597168,116.65509796142578,62.33872985839844,23.4616641998291
REFUGE2,val,V0252.jpg,,1940.0,1940.0,1.0,81.35975646972656,51.03400421142578,22.170089721679688,137.89019775390625,74.25353240966797,31.935529708862305
REFUGE2,val,V0253.jpg,,1940.0,1940.0,1.0,77.1498794555664,47.95735168457031,26.770456314086914,128.0515594482422,70.63788604736328,32.76019287109375
REFUGE2,val,V0254.jpg,,1940.0,1940.0,1.0,48.46165466308594,30.433258056640625,13.191278457641602,100.82195281982422,42.28974151611328,2.273273468017578
REFUGE2,val,V0255.jpg,,1940.0,1940.0,1.0,75.92936706542969,47.79121398925781,17.71885108947754,135.18292236328125,69.59429168701172,23.01089096069336
REFUGE2,val,V0256.jpg,,1940.0,1940.0,1.0,70.54037475585938,42.581085205078125,20.38278579711914,134.50152587890625,66.78894805908203,10.330652236938477
REFUGE2,val,V0257.jpg,,1940.0,1940.0,1.0,65.90614318847656,45.474246978759766,13.799169540405273,117.79523468017578,58.176021575927734,21.747167587280273
REFUGE2,val,V0258.jpg,,1940.0,1940.0,1.0,69.9537124633789,49.24897003173828,8.74122428894043,128.361083984375,62.614952087402344,18.885114669799805
REFUGE2,val,V0259.jpg,,1940.0,1940.0,1.0,70.2272720336914,49.93568801879883,7.7754225730896,122.74395751953125,63.30970764160156,24.628149032592773
REFUGE2,val,V0260.jpg,,1940.0,1940.0,1.0,72.62547302246094,45.09627151489258,9.028450012207031,123.42501068115234,70.9573745727539,23.494037628173828
REFUGE2,val,V0261.jpg,,1940.0,1940.0,1.0,39.35197448730469,30.23963165283203,6.752954483032227,78.02095794677734,34.437042236328125,5.5979180335998535
REFUGE2,val,V0262.jpg,,1940.0,1940.0,1.0,57.45317840576172,44.9262580871582,12.996931076049805,102.26818084716797,51.16767501831055,18.92368507385254
REFUGE2,val,V0263.jpg,,1940.0,1940.0,1.0,74.44844818115234,47.53822326660156,6.868717193603516,134.68836975097656,69.2664794921875,19.390493392944336
REFUGE2,val,V0264.jpg,,1940.0,1940.0,1.0,38.49064636230469,25.65785026550293,6.0559492111206055,79.62298583984375,33.866233825683594,1.9827120304107666
REFUGE2,val,V0265.jpg,,1940.0,1940.0,1.0,55.10542297363281,36.20927047729492,8.77473258972168,103.57550811767578,50.2963752746582,11.444391250610352
REFUGE2,val,V0266.jpg,,1940.0,1940.0,1.0,74.2845687866211,44.922401428222656,10.02192497253418,147.55740356445312,66.36138916015625,8.934890747070312
REFUGE2,val,V0267.jpg,,1940.0,1940.0,1.0,43.77263641357422,28.953950881958008,4.842755317687988,91.51576232910156,37.77781295776367,2.0243239402770996
REFUGE2,val,V0268.jpg,,1940.0,1940.0,1.0,45.96589660644531,33.83024978637695,7.78228235244751,82.36663818359375,41.91462707519531,13.616434097290039
REFUGE2,val,V0269.jpg,,1940.0,1940.0,1.0,54.915130615234375,37.61220169067383,18.073307037353516,98.24775695800781,49.721221923828125,16.776445388793945
REFUGE2,val,V0270.jpg,,1940.0,1940.0,1.0,64.35394287109375,41.97877502441406,13.080377578735352,122.46331024169922,59.96276092529297,10.63575267791748
REFUGE2,val,V0271.jpg,,1940.0,1940.0,1.0,58.15632629394531,37.69749450683594,8.1712064743042,103.53491973876953,53.738685607910156,17.19538688659668
REFUGE2,val,V0272.jpg,,1940.0,1940.0,1.0,55.47408676147461,36.067352294921875,11.328390121459961,100.200927734375,51.536930084228516,14.684407234191895
REFUGE2,val,V0273.jpg,,1940.0,1940.0,1.0,55.58613204956055,36.98948669433594,6.630237579345703,107.81512451171875,51.55012893676758,7.393137454986572
REFUGE2,val,V0274.jpg,,1940.0,1940.0,1.0,54.53448486328125,37.600608825683594,12.759834289550781,99.90652465820312,50.08131790161133,13.615602493286133
REFUGE2,val,V0275.jpg,,1940.0,1940.0,1.0,41.76247024536133,31.668729782104492,5.6113104820251465,77.78178405761719,38.03398513793945,9.47165298461914
REFUGE2,val,V0276.jpg,,1940.0,1940.0,1.0,51.813232421875,35.6346549987793,8.14175796508789,101.12357330322266,46.00409698486328,8.31203842163086
REFUGE2,val,V0277.jpg,,1940.0,1940.0,1.0,62.46730422973633,39.762210845947266,7.916782379150391,119.70877075195312,58.453460693359375,9.239681243896484
REFUGE2,val,V0278.jpg,,1940.0,1940.0,1.0,49.265865325927734,34.42939758300781,11.35922908782959,90.99300384521484,49.00083923339844,7.803734302520752
REFUGE2,val,V0279.jpg,,1940.0,1940.0,1.0,49.23846435546875,35.132564544677734,6.6196370124816895,95.15967559814453,46.00437545776367,6.551349639892578
REFUGE2,val,V0280.jpg,,1940.0,1940.0,1.0,71.91361999511719,46.81167984008789,19.332141876220703,113.689453125,67.34319305419922,34.70822525024414
REFUGE2,val,V0281.jpg,,1940.0,1940.0,1.0,72.5918960571289,46.536949157714844,10.671607971191406,124.07850646972656,66.5597152709961,27.137470245361328
REFUGE2,val,V0282.jpg,,1940.0,1940.0,1.0,72.75032806396484,44.11288833618164,16.0198974609375,129.16036987304688,69.67340087890625,19.417226791381836
REFUGE2,val,V0283.jpg,,1940.0,1940.0,1.0,59.91407012939453,43.72904586791992,9.272574424743652,102.13936614990234,55.60295867919922,21.9998836517334
REFUGE2,val,V0284.jpg,,1940.0,1940.0,1.0,71.01622772216797,45.57292556762695,13.686338424682617,117.01094818115234,64.6616439819336,31.376083374023438
REFUGE2,val,V0285.jpg,,1940.0,1940.0,1.0,89.40780639648438,51.99620056152344,16.65534019470215,152.6856689453125,84.23739624023438,31.300355911254883
REFUGE2,val,V0286.jpg,,1940.0,1940.0,1.0,71.59123992919922,49.93416976928711,7.546649932861328,116.62088775634766,67.8392105102539,30.313640594482422
REFUGE2,val,V0287.jpg,,1940.0,1940.0,1.0,60.6423454284668,44.66897201538086,7.188221454620361,106.37784576416016,54.70743179321289,20.841768264770508
REFUGE2,val,V0288.jpg,,1940.0,1940.0,1.0,84.65646362304688,50.089447021484375,10.887545585632324,134.4322967529297,80.63114166259766,38.905941009521484
REFUGE2,val,V0289.jpg,,1940.0,1940.0,1.0,66.03363037109375,44.41328430175781,16.139816284179688,105.08610534667969,62.15744400024414,30.857328414916992
REFUGE2,val,V0290.jpg,,1940.0,1940.0,1.0,76.82456970214844,47.231815338134766,11.093328475952148,134.2706756591797,71.98098754882812,24.22203826904297
REFUGE2,val,V0291.jpg,,1940.0,1940.0,1.0,74.80387115478516,46.28146743774414,12.290651321411133,127.58354949951172,69.53030395507812,27.297740936279297
REFUGE2,val,V0292.jpg,,1940.0,1940.0,1.0,65.37616729736328,42.02195739746094,14.409223556518555,109.40746307373047,59.401588439941406,27.319461822509766
REFUGE2,val,V0293.jpg,,1940.0,1940.0,1.0,63.30228042602539,44.21670913696289,9.030966758728027,108.63630676269531,55.82850646972656,25.4420166015625
REFUGE2,val,V0294.jpg,,1940.0,1940.0,1.0,68.64849090576172,45.89286804199219,12.065568923950195,113.8705825805664,64.35282135009766,27.72205924987793
REFUGE2,val,V0295.jpg,,1940.0,1940.0,1.0,69.54767608642578,47.059696197509766,10.520360946655273,122.70917510986328,59.71709060668945,26.216766357421875
REFUGE2,val,V0296.jpg,,1940.0,1940.0,1.0,65.61376190185547,45.70933532714844,7.831632614135742,107.58963775634766,60.44617462158203,28.805503845214844
REFUGE2,val,V0297.jpg,,1940.0,1940.0,1.0,56.36884307861328,39.31931686401367,6.761120796203613,100.7590103149414,52.08148956298828,16.26602554321289
REFUGE2,val,V0298.jpg,,1940.0,1940.0,1.0,73.5887451171875,45.21571350097656,11.355902671813965,133.08924865722656,68.97844696044922,18.69852638244629
REFUGE2,val,V0299.jpg,,1940.0,1940.0,1.0,63.47026443481445,42.187774658203125,14.840190887451172,118.42205810546875,54.790008544921875,17.198728561401367
REFUGE2,val,V0300.jpg,,1940.0,1940.0,1.0,61.66230773925781,42.45280075073242,8.291278839111328,100.6214370727539,56.994102478027344,27.371387481689453
REFUGE2,val,V0301.jpg,,1940.0,1940.0,1.0,70.67837524414062,45.14773178100586,6.9247612953186035,138.4532012939453,61.533016204833984,12.04889965057373
REFUGE2,val,V0302.jpg,,1940.0,1940.0,1.0,45.85878372192383,36.99070358276367,11.053094863891602,85.01475524902344,40.46711730957031,12.094463348388672
REFUGE2,val,V0303.jpg,,1940.0,1940.0,1.0,49.7296257019043,37.55131530761719,8.271650314331055,95.39352416992188,42.65665817260742,11.138689994812012
REFUGE2,val,V0304.jpg,,1940.0,1940.0,1.0,76.79003143310547,46.407806396484375,9.895395278930664,122.26663970947266,76.27632141113281,31.827123641967773
REFUGE2,val,V0305.jpg,,1940.0,1940.0,1.0,49.883975982666016,34.951881408691406,6.3883748054504395,96.34742736816406,46.95333480834961,6.351151943206787
REFUGE2,val,V0306.jpg,,1940.0,1940.0,1.0,64.05595397949219,42.19287872314453,15.740499496459961,105.63994598388672,61.426734924316406,25.101173400878906
REFUGE2,val,V0307.jpg,,1940.0,1940.0,1.0,53.6807746887207,36.98334884643555,6.773458480834961,100.79039001464844,50.368141174316406,9.883796691894531
REFUGE2,val,V0308.jpg,,1940.0,1940.0,1.0,74.62176513671875,43.25651168823242,12.532716751098633,142.2579345703125,70.75372314453125,10.853643417358398
REFUGE2,val,V0309.jpg,,1940.0,1940.0,1.0,62.177303314208984,39.94742202758789,8.62960147857666,110.9541244506836,55.33525085449219,20.242525100708008
REFUGE2,val,V0310.jpg,,1940.0,1940.0,1.0,46.304100036621094,34.106719970703125,8.101678848266602,86.1494369506836,41.524505615234375,11.238348007202148
REFUGE2,val,V0311.jpg,,1940.0,1940.0,1.0,65.8350830078125,43.479156494140625,12.924074172973633,118.22510528564453,59.57951736450195,19.700626373291016
REFUGE2,val,V0312.jpg,,1940.0,1940.0,1.0,66.70382690429688,45.08403015136719,9.770902633666992,119.81315612792969,61.02972412109375,19.26860237121582
REFUGE2,val,V0313.jpg,,1940.0,1940.0,1.0,83.75183868408203,54.21613693237305,10.929040908813477,145.53660583496094,71.7037582397461,34.01515579223633
REFUGE2,val,V0314.jpg,,1940.0,1940.0,1.0,48.51023864746094,34.4498291015625,9.045787811279297,88.48130798339844,47.43133544921875,9.618075370788574
REFUGE2,val,V0315.jpg,,1940.0,1940.0,1.0,49.71343231201172,37.02454376220703,14.465497970581055,87.54402160644531,45.453426361083984,16.14284324645996
REFUGE2,val,V0316.jpg,,1940.0,1940.0,1.0,52.77193069458008,34.79145812988281,9.429830551147461,106.55606842041016,46.72992706298828,5.029783248901367
REFUGE2,val,V0317.jpg,,1940.0,1940.0,1.0,48.61335372924805,35.2677001953125,8.195932388305664,98.81981658935547,42.18175506591797,4.838484764099121
REFUGE2,val,V0318.jpg,,1940.0,1940.0,1.0,45.345848083496094,34.973567962646484,6.246999740600586,84.7042465209961,40.40290832519531,10.93038558959961
REFUGE2,val,V0319.jpg,,1940.0,1940.0,1.0,50.7320442199707,34.80157470703125,7.521171569824219,91.35247039794922,46.828758239746094,14.014904975891113
REFUGE2,val,V0320.jpg,,1940.0,1940.0,1.0,54.28633117675781,37.94413375854492,10.958064079284668,101.81175994873047,49.23342514038086,11.813796997070312
REFUGE2,val,V0321.jpg,,1940.0,1940.0,1.0,65.8344955444336,42.5334587097168,12.256729125976562,112.14617156982422,62.045127868652344,23.312177658081055
REFUGE2,val,V0322.jpg,,1940.0,1940.0,1.0,58.58567428588867,38.505714416503906,7.207275390625,108.68714141845703,55.62900161743164,11.440878868103027
REFUGE2,val,V0323.jpg,,1940.0,1940.0,1.0,50.64274597167969,35.4255485534668,5.50333833694458,92.95338439941406,45.420440673828125,13.554424285888672
REFUGE2,val,V0324.jpg,,1940.0,1940.0,1.0,48.33558654785156,35.24924087524414,7.38676118850708,89.74286651611328,43.98183059692383,11.282059669494629
REFUGE2,val,V0325.jpg,,1940.0,1940.0,1.0,73.02147674560547,46.88633346557617,14.169198989868164,124.07020568847656,66.87835693359375,28.115859985351562
REFUGE2,val,V0326.jpg,,1940.0,1940.0,1.0,70.10259246826172,43.422122955322266,13.25427532196045,125.76725769042969,63.83446502685547,20.70604705810547
REFUGE2,val,V0327.jpg,,1940.0,1940.0,1.0,52.991111755371094,37.4608154296875,9.268896102905273,96.65354919433594,47.622528076171875,14.69725227355957
REFUGE2,val,V0328.jpg,,1940.0,1940.0,1.0,41.95793151855469,33.85334396362305,6.580019950866699,74.51481628417969,37.79179763793945,13.567164421081543
REFUGE2,val,V0329.jpg,,1940.0,1940.0,1.0,60.54752731323242,37.68375015258789,8.128218650817871,121.27951049804688,53.906524658203125,6.45656681060791
REFUGE2,val,V0330.jpg,,1940.0,1940.0,1.0,61.33686447143555,39.19510269165039,9.361371994018555,119.04828643798828,55.14604187011719,9.816267013549805
REFUGE2,val,V0331.jpg,,1940.0,1940.0,1.0,59.505741119384766,36.153175354003906,11.681673049926758,115.77073669433594,55.50255584716797,7.243924140930176
REFUGE2,val,V0332.jpg,,1940.0,1940.0,1.0,58.18503952026367,38.131805419921875,7.484182357788086,102.94551849365234,53.35383224487305,18.255775451660156
REFUGE2,val,V0333.jpg,,1940.0,1940.0,1.0,55.23012924194336,37.92914962768555,15.95455551147461,94.1546859741211,50.8060417175293,20.72965431213379
REFUGE2,val,V0334.jpg,,1940.0,1940.0,1.0,56.16102600097656,37.77914810180664,6.827315330505371,99.69770050048828,51.457618713378906,17.32774543762207
REFUGE2,val,V0335.jpg,,1940.0,1940.0,1.0,85.98477172851562,50.814476013183594,17.234092712402344,141.88009643554688,79.94315338134766,36.1310920715332
REFUGE2,val,V0336.jpg,,1940.0,1940.0,1.0,52.52896499633789,34.41383361816406,11.402124404907227,100.87090301513672,49.49924087524414,7.216744899749756
REFUGE2,val,V0337.jpg,,1940.0,1940.0,1.0,56.87885284423828,37.485713958740234,11.666171073913574,105.041748046875,53.300838470458984,12.293972969055176
REFUGE2,val,V0338.jpg,,1940.0,1940.0,1.0,59.598297119140625,39.6398811340332,6.173501491546631,124.33004760742188,47.59453201293945,6.870306015014648
REFUGE2,val,V0339.jpg,,1940.0,1940.0,1.0,70.31482696533203,47.86042404174805,11.095277786254883,120.17305755615234,64.1441650390625,26.62727165222168
REFUGE2,val,V0340.jpg,,1940.0,1940.0,1.0,73.50933074951172,46.885135650634766,12.076549530029297,120.56311798095703,68.7312240600586,31.2336483001709
REFUGE2,val,V0341.jpg,,1940.0,1940.0,1.0,79.63465118408203,47.92718505859375,14.78350830078125,123.71023559570312,73.34146118164062,41.85221862792969
REFUGE2,val,V0342.jpg,,1940.0,1940.0,1.0,59.846824645996094,41.18653869628906,11.507780075073242,112.26997375488281,54.7380256652832,12.532477378845215
REFUGE2,val,V0343.jpg,,1940.0,1940.0,1.0,51.98283386230469,38.3202018737793,5.681493759155273,89.82047271728516,47.09221649169922,19.03581428527832
REFUGE2,val,V0344.jpg,,1940.0,1940.0,1.0,42.4758186340332,38.494834899902344,5.680047988891602,74.71556854248047,38.56485366821289,14.147014617919922
REFUGE2,val,V0345.jpg,,1940.0,1940.0,1.0,48.776939392089844,33.606990814208984,7.097045421600342,87.36868286132812,44.67215347290039,14.290000915527344
REFUGE2,val,V0346.jpg,,1940.0,1940.0,1.0,57.038612365722656,40.463069915771484,10.20660400390625,98.60506439208984,51.86308288574219,20.6476993560791
REFUGE2,val,V0347.jpg,,1940.0,1940.0,1.0,57.175846099853516,35.83487319946289,7.339330673217773,113.9855728149414,52.534332275390625,5.007643699645996
REFUGE2,val,V0348.jpg,,1940.0,1940.0,1.0,38.73727035522461,25.230152130126953,6.070096015930176,77.98193359375,36.39518737792969,1.834689974784851
REFUGE2,val,V0349.jpg,,1940.0,1940.0,1.0,51.79923629760742,37.12721633911133,5.384326457977295,100.99994659423828,45.95414733886719,8.443617820739746
REFUGE2,val,V0350.jpg,,1940.0,1940.0,1.0,55.77244186401367,36.84973907470703,7.615167617797852,105.9743881225586,50.37763977050781,10.965296745300293
REFUGE2,val,V0351.jpg,,1940.0,1940.0,1.0,52.83999252319336,36.467628479003906,6.668367862701416,95.27395629882812,48.558502197265625,14.68751049041748
REFUGE2,val,V0352.jpg,,1940.0,1940.0,1.0,58.84286880493164,40.17430877685547,7.797147274017334,100.55784606933594,56.61148452758789,19.359275817871094
REFUGE2,val,V0353.jpg,,1940.0,1940.0,1.0,50.934017181396484,37.35658264160156,4.695612907409668,91.01496887207031,45.573482513427734,16.21360206604004
REFUGE2,val,V0354.jpg,,1940.0,1940.0,1.0,47.51212692260742,32.38467025756836,5.7279953956604,86.48633575439453,42.91675567626953,13.133283615112305
REFUGE2,val,V0355.jpg,,1940.0,1940.0,1.0,52.740875244140625,36.020259857177734,10.501675605773926,95.63014221191406,47.37977981567383,15.212698936462402
REFUGE2,val,V0356.jpg,,1940.0,1940.0,1.0,47.70823669433594,34.071937561035156,5.499777793884277,88.52694702148438,42.219058990478516,12.378687858581543
REFUGE2,val,V0357.jpg,,1940.0,1940.0,1.0,47.405616760253906,35.26435470581055,9.097167015075684,85.89384460449219,42.9692497253418,13.353738784790039
REFUGE2,val,V0358.jpg,,1940.0,1940.0,1.0,59.44034194946289,40.024139404296875,7.848957538604736,104.25843048095703,53.79132843017578,20.271263122558594
REFUGE2,val,V0359.jpg,,1940.0,1940.0,1.0,44.71975326538086,33.850799560546875,5.752869606018066,80.7208251953125,41.70964813232422,11.728785514831543
REFUGE2,val,V0360.jpg,,1940.0,1940.0,1.0,53.71955490112305,38.435585021972656,10.850534439086914,95.3421859741211,49.65326690673828,16.1632080078125
REFUGE2,val,V0361.jpg,,1940.0,1940.0,1.0,52.02497863769531,37.96732711791992,12.876245498657227,87.77220153808594,48.317440032958984,19.98530387878418
REFUGE2,val,V0362.jpg,,1940.0,1940.0,1.0,46.96929168701172,34.24443817138672,8.467299461364746,84.05194854736328,42.174903869628906,14.681035995483398
REFUGE2,val,V0363.jpg,,1940.0,1940.0,1.0,44.64308547973633,34.25576400756836,6.785755157470703,87.36124420166016,39.91958236694336,6.64843225479126
REFUGE2,val,V0364.jpg,,1940.0,1940.0,1.0,53.538482666015625,38.37776184082031,9.159818649291992,98.1481704711914,48.44477462768555,14.022497177124023
REFUGE2,val,V0365.jpg,,1940.0,1940.0,1.0,69.55384063720703,45.5319938659668,8.350561141967773,126.91140747070312,60.63681411743164,21.11329460144043
REFUGE2,val,V0366.jpg,,1940.0,1940.0,1.0,72.45481872558594,45.41130447387695,6.628468036651611,142.9293670654297,62.18389892578125,12.251169204711914
REFUGE2,val,V0367.jpg,,1940.0,1940.0,1.0,48.9552116394043,35.13931655883789,4.728605270385742,93.05985260009766,45.620277404785156,8.185516357421875
REFUGE2,val,V0368.jpg,,1940.0,1940.0,1.0,48.59635543823242,35.09063720703125,10.104244232177734,83.5027084350586,45.011634826660156,17.274728775024414
REFUGE2,val,V0369.jpg,,1940.0,1940.0,1.0,48.89219284057617,36.713279724121094,5.266243934631348,90.55775451660156,43.65687561035156,12.46194076538086
REFUGE2,val,V0370.jpg,,1940.0,1940.0,1.0,43.4333381652832,34.0101432800293,9.757074356079102,74.92222595214844,39.96906661987305,15.408729553222656
REFUGE2,val,V0371.jpg,,1940.0,1940.0,1.0,63.25052261352539,40.091678619384766,12.71975326538086,113.06395721435547,61.40540313720703,15.282198905944824
REFUGE2,val,V0372.jpg,,1940.0,1940.0,1.0,71.26956939697266,41.42988967895508,10.81484603881836,126.83602142333984,68.07007598876953,18.90260887145996
REFUGE2,val,V0373.jpg,,1940.0,1940.0,1.0,49.00632095336914,34.33291244506836,8.744304656982422,86.36882781982422,46.11017990112305,14.539963722229004
REFUGE2,val,V0374.jpg,,1940.0,1940.0,1.0,81.84381103515625,51.494693756103516,9.130565643310547,145.95281982421875,74.1610107421875,25.41762924194336
REFUGE2,val,V0375.jpg,,1940.0,1940.0,1.0,53.6742057800293,34.89366149902344,8.886720657348633,101.31481170654297,50.986568450927734,8.72125244140625
REFUGE2,val,V0376.jpg,,1940.0,1940.0,1.0,58.18186950683594,37.43917465209961,10.040149688720703,108.041748046875,54.60352325439453,11.900348663330078
REFUGE2,val,V0377.jpg,,1940.0,1940.0,1.0,47.31267166137695,33.26798629760742,5.790308475494385,96.84673309326172,39.64031982421875,5.450963973999023
REFUGE2,val,V0378.jpg,,1940.0,1940.0,1.0,57.18503189086914,37.03510284423828,11.938501358032227,110.15951538085938,52.5220947265625,8.873478889465332
REFUGE2,val,V0379.jpg,,1940.0,1940.0,1.0,41.86423873901367,31.294998168945312,5.565927982330322,79.21953582763672,38.3603515625,8.01282787322998
REFUGE2,val,V0380.jpg,,1940.0,1940.0,1.0,71.00425720214844,46.0878791809082,14.232516288757324,117.81861114501953,65.0151138305664,30.179052352905273
REFUGE2,val,V0381.jpg,,1940.0,1940.0,1.0,74.22534942626953,45.87460708618164,11.380178451538086,122.10637664794922,67.79879760742188,32.77085494995117
REFUGE2,val,V0382.jpg,,1940.0,1940.0,1.0,57.250999450683594,40.617679595947266,6.338438987731934,100.58419036865234,51.164241790771484,20.00455665588379
REFUGE2,val,V0383.jpg,,1940.0,1940.0,1.0,59.82978057861328,37.93592071533203,14.63664722442627,103.12930297851562,54.437530517578125,21.922513961791992
REFUGE2,val,V0384.jpg,,1940.0,1940.0,1.0,47.75989532470703,33.754974365234375,10.98863410949707,84.96063232421875,45.38187026977539,12.93719482421875
REFUGE2,val,V0385.jpg,,1940.0,1940.0,1.0,52.67599105834961,37.52995681762695,9.310866355895996,98.84908294677734,45.600868225097656,13.578014373779297
REFUGE2,val,V0386.jpg,,1940.0,1940.0,1.0,46.25629425048828,32.968406677246094,5.213884353637695,89.8270263671875,41.949920654296875,6.9919328689575195
REFUGE2,val,V0387.jpg,,1940.0,1940.0,1.0,52.194091796875,35.21464538574219,4.567872524261475,100.52837371826172,47.59817123413086,8.455719947814941
REFUGE2,val,V0388.jpg,,1940.0,1940.0,1.0,58.833351135253906,35.85688018798828,6.506038665771484,116.76483154296875,55.64984893798828,4.085379600524902
REFUGE2,val,V0389.jpg,,1940.0,1940.0,1.0,59.412681579589844,39.36479949951172,6.224723815917969,110.30793762207031,53.23783493041992,14.692282676696777
REFUGE2,val,V0390.jpg,,1940.0,1940.0,1.0,55.50825119018555,39.75913619995117,8.304267883300781,96.84663391113281,50.605743408203125,19.072370529174805
REFUGE2,val,V0391.jpg,,1940.0,1940.0,1.0,55.65748596191406,36.19003677368164,9.494436264038086,105.45753479003906,52.14202880859375,9.372879981994629
REFUGE2,val,V0392.jpg,,1940.0,1940.0,1.0,59.87247085571289,39.433837890625,6.261667251586914,116.92772674560547,53.49767303466797,9.192010879516602
REFUGE2,val,V0393.jpg,,1940.0,1940.0,1.0,54.72551727294922,39.045955657958984,6.485077381134033,101.85242462158203,48.741600036621094,13.582529067993164
REFUGE2,val,V0394.jpg,,1940.0,1940.0,1.0,47.56848907470703,34.44871139526367,7.810643196105957,88.04061889648438,43.556270599365234,11.10858154296875
REFUGE2,val,V0395.jpg,,1940.0,1940.0,1.0,58.35643768310547,42.36554718017578,9.058931350708008,111.62626647949219,51.18246841430664,12.260587692260742
REFUGE2,val,V0396.jpg,,1940.0,1940.0,1.0,54.81883239746094,35.452117919921875,11.192235946655273,107.67403411865234,49.2740592956543,7.508401393890381
REFUGE2,val,V0397.jpg,,1940.0,1940.0,1.0,58.853240966796875,37.24788284301758,8.149890899658203,114.16810607910156,56.189632415771484,6.20200252532959
REFUGE2,val,V0398.jpg,,1940.0,1940.0,1.0,50.52952194213867,36.357765197753906,10.352182388305664,97.0943832397461,43.97872543334961,10.515463829040527
REFUGE2,val,V0399.jpg,,1940.0,1940.0,1.0,54.217288970947266,35.011817932128906,7.52540397644043,104.66873931884766,50.86383819580078,7.119287967681885
REFUGE2,val,V0400.jpg,,1940.0,1940.0,1.0,65.90886688232422,37.64619064331055,11.476339340209961,127.61245727539062,63.909423828125,6.204736232757568
REFUGE2,test,T0001.jpg,,1634.0,1634.0,1.0,81.38452911376953,56.2572135925293,21.568031311035156,105.99569702148438,74.4892349243164,63.668643951416016
REFUGE2,test,T0002.jpg,,1634.0,1634.0,1.0,69.17852783203125,46.78768539428711,20.99689483642578,98.39234161376953,62.80352783203125,46.33968734741211
REFUGE2,test,T0003.jpg,,1634.0,1634.0,1.0,63.814186096191406,48.2889289855957,13.643526077270508,83.29753112792969,57.648460388183594,50.49657440185547
REFUGE2,test,T0004.jpg,,1634.0,1634.0,1.0,89.13185119628906,63.716365814208984,28.43539810180664,122.94181060791016,86.87403106689453,57.5797119140625
REFUGE2,test,T0005.jpg,,1634.0,1634.0,1.0,82.57703399658203,57.20469665527344,15.840926170349121,111.92950439453125,76.2690658569336,59.53255081176758
REFUGE2,test,T0006.jpg,,1634.0,1634.0,1.0,77.2603530883789,54.97174835205078,15.17357063293457,100.47402954101562,70.02069854736328,61.28634262084961
REFUGE2,test,T0007.jpg,,1634.0,1634.0,1.0,84.3782730102539,55.09113693237305,21.639568328857422,111.48918151855469,76.27059936523438,65.37505340576172
REFUGE2,test,T0008.jpg,,1634.0,1634.0,1.0,68.43000030517578,50.551361083984375,11.85263729095459,100.9996337890625,58.72416687011719,45.5661735534668
REFUGE2,test,T0009.jpg,,1634.0,1634.0,1.0,76.50150299072266,54.737770080566406,15.358033180236816,104.40062713623047,69.33308410644531,55.77080154418945
REFUGE2,test,T0010.jpg,,1634.0,1634.0,1.0,70.91575622558594,48.60435104370117,15.502640724182129,102.89264678955078,64.50220489501953,45.35243606567383
REFUGE2,test,T0011.jpg,,1634.0,1634.0,1.0,83.71473693847656,57.25502395629883,17.672300338745117,103.50564575195312,79.89998626708984,67.73858642578125
REFUGE2,test,T0012.jpg,,1634.0,1634.0,1.0,78.64308166503906,55.63894271850586,17.381092071533203,99.86206817626953,72.44913482666016,63.6180419921875
REFUGE2,test,T0013.jpg,,1634.0,1634.0,1.0,87.24727630615234,58.44187545776367,19.69471549987793,120.599609375,78.0755386352539,63.06667709350586
REFUGE2,test,T0014.jpg,,1634.0,1634.0,1.0,67.90227508544922,50.604148864746094,21.329288482666016,82.70465087890625,61.79933547973633,59.20284652709961
REFUGE2,test,T0015.jpg,,1634.0,1634.0,1.0,77.62284851074219,52.39612579345703,24.076427459716797,105.57408142089844,73.08250427246094,54.21194839477539
REFUGE2,test,T0016.jpg,,1634.0,1634.0,1.0,72.00833129882812,50.47689437866211,20.225244522094727,100.69198608398438,61.59934997558594,53.73366165161133
REFUGE2,test,T0017.jpg,,1634.0,1634.0,1.0,68.92271423339844,49.654823303222656,19.48179054260254,98.3480453491211,60.248355865478516,48.17173767089844
REFUGE2,test,T0018.jpg,,1634.0,1634.0,1.0,71.55130767822266,51.614986419677734,17.826879501342773,99.5759506225586,62.357173919677734,52.72080993652344
REFUGE2,test,T0019.jpg,,1634.0,1634.0,1.0,91.45183563232422,62.872798919677734,19.294437408447266,122.92082977294922,83.09010314941406,68.34455871582031
REFUGE2,test,T0020.jpg,,1634.0,1634.0,1.0,76.27215576171875,54.4726676940918,13.80955982208252,112.48322296142578,64.78324127197266,51.55001449584961
REFUGE2,test,T0021.jpg,,1634.0,1634.0,1.0,94.37162017822266,64.16680145263672,28.542387008666992,114.95145416259766,90.08320617675781,78.08016967773438
REFUGE2,test,T0022.jpg,,1634.0,1634.0,1.0,75.45540618896484,53.93379211425781,19.881134033203125,93.9446792602539,67.94889831542969,64.47266387939453
REFUGE2,test,T0023.jpg,,1634.0,1634.0,1.0,81.85523986816406,57.11347961425781,18.1072998046875,108.3638687133789,74.95689392089844,62.24493408203125
REFUGE2,test,T0024.jpg,,1634.0,1634.0,1.0,82.53003692626953,56.596561431884766,14.908519744873047,108.30838775634766,76.06819915771484,63.21351623535156
REFUGE2,test,T0025.jpg,,1634.0,1634.0,1.0,52.18701171875,38.052101135253906,13.08499813079834,72.82162475585938,44.655433654785156,39.08396530151367
REFUGE2,test,T0026.jpg,,1634.0,1634.0,1.0,90.46577453613281,60.80266189575195,27.97601318359375,122.53960418701172,92.88983917236328,55.96786880493164
REFUGE2,test,T0027.jpg,,1634.0,1634.0,1.0,81.02215576171875,56.355682373046875,15.655550003051758,109.06486511230469,72.42721557617188,61.57439041137695
REFUGE2,test,T0028.jpg,,1634.0,1634.0,1.0,80.40790557861328,53.44941329956055,17.65312957763672,112.5672378540039,71.63170623779297,57.02476119995117
REFUGE2,test,T0029.jpg,,1634.0,1634.0,1.0,74.90678405761719,53.29229736328125,21.451953887939453,105.28964233398438,67.3908462524414,52.03986740112305
REFUGE2,test,T0030.jpg,,1634.0,1634.0,1.0,49.03641128540039,38.753509521484375,8.055811882019043,74.87337493896484,40.84014129638672,31.395734786987305
REFUGE2,test,T0031.jpg,,1634.0,1634.0,1.0,87.68864440917969,57.72092056274414,28.668516159057617,122.9989013671875,81.92471313476562,58.1423225402832
REFUGE2,test,T0032.jpg,,1634.0,1634.0,1.0,64.64512634277344,46.397850036621094,12.745698928833008,95.56060028076172,55.28746795654297,43.08732223510742
REFUGE2,test,T0033.jpg,,1634.0,1634.0,1.0,69.06302642822266,50.28596496582031,16.585018157958984,95.00154876708984,61.98136520385742,50.206172943115234
REFUGE2,test,T0034.jpg,,1634.0,1634.0,1.0,75.96033477783203,54.95819091796875,12.554644584655762,103.06180572509766,68.47022247314453,56.34897232055664
REFUGE2,test,T0035.jpg,,1634.0,1634.0,1.0,76.79690551757812,53.04518508911133,20.970333099365234,97.32278442382812,70.5694351196289,62.49849319458008
REFUGE2,test,T0036.jpg,,1634.0,1634.0,1.0,76.9085922241211,53.645347595214844,14.72647476196289,104.17952728271484,67.80029296875,58.74595642089844
REFUGE2,test,T0037.jpg,,1634.0,1634.0,1.0,79.65096282958984,54.72135925292969,13.743318557739258,114.7265853881836,68.95230865478516,55.27400207519531
REFUGE2,test,T0038.jpg,,1634.0,1634.0,1.0,62.7823371887207,45.47191619873047,14.418729782104492,89.1148910522461,54.57521438598633,44.65688705444336
REFUGE2,test,T0039.jpg,,1634.0,1634.0,1.0,57.716583251953125,40.3294677734375,22.355548858642578,78.96180725097656,54.64371109008789,39.54422378540039
REFUGE2,test,T0040.jpg,,1634.0,1634.0,1.0,61.08864212036133,43.34885787963867,14.267334938049316,77.94120025634766,55.56268310546875,49.76203536987305
REFUGE2,test,T0041.jpg,,1634.0,1634.0,1.0,69.39131164550781,47.71855163574219,16.943449020385742,95.31137084960938,61.94257736206055,50.91998291015625
REFUGE2,test,T0042.jpg,,1634.0,1634.0,1.0,73.39324188232422,53.31038284301758,16.139888763427734,104.57098388671875,65.4745864868164,50.13418197631836
REFUGE2,test,T0043.jpg,,1634.0,1634.0,1.0,73.48587036132812,53.42591857910156,13.400415420532227,105.04656219482422,68.22438049316406,47.18665313720703
REFUGE2,test,T0044.jpg,,1634.0,1634.0,1.0,69.11979675292969,50.62639617919922,14.004130363464355,95.7942886352539,62.274200439453125,49.29092025756836
REFUGE2,test,T0045.jpg,,1634.0,1634.0,1.0,75.74600219726562,54.45904541015625,16.35763931274414,103.04996490478516,69.76097106933594,54.427066802978516
REFUGE2,test,T0046.jpg,,1634.0,1634.0,1.0,58.0460090637207,41.403038024902344,11.525616645812988,86.96246337890625,49.4120979309082,37.763450622558594
REFUGE2,test,T0047.jpg,,1634.0,1634.0,1.0,68.92357635498047,48.72393035888672,11.622915267944336,98.44784545898438,62.396942138671875,45.925941467285156
REFUGE2,test,T0048.jpg,,1634.0,1634.0,1.0,62.59651184082031,44.79954147338867,16.455032348632812,80.5618667602539,57.10643768310547,50.121238708496094
REFUGE2,test,T0049.jpg,,1634.0,1634.0,1.0,86.5020523071289,58.79022216796875,19.121004104614258,113.86995697021484,79.97771453857422,65.65850067138672
REFUGE2,test,T0050.jpg,,1634.0,1634.0,1.0,88.95022583007812,61.047245025634766,16.67234992980957,114.10438537597656,82.36994171142578,70.37635040283203
REFUGE2,test,T0051.jpg,,1634.0,1634.0,1.0,82.91324615478516,59.95560836791992,15.78001880645752,114.63811492919922,74.05718994140625,60.0444221496582
REFUGE2,test,T0052.jpg,,1634.0,1634.0,1.0,73.08165740966797,51.07705307006836,14.271320343017578,100.772216796875,66.66226196289062,51.810482025146484
REFUGE2,test,T0053.jpg,,1634.0,1634.0,1.0,109.23176574707031,70.29293823242188,34.08544921875,143.94918823242188,105.49166870117188,78.25440979003906
REFUGE2,test,T0054.jpg,,1634.0,1634.0,1.0,63.457794189453125,46.47313690185547,11.156522750854492,98.66746520996094,55.811065673828125,35.894866943359375
REFUGE2,test,T0055.jpg,,1634.0,1634.0,1.0,79.58030700683594,53.599727630615234,15.995750427246094,106.72337341308594,71.14440155029297,60.873165130615234
REFUGE2,test,T0056.jpg,,1634.0,1634.0,1.0,88.72522735595703,61.288883209228516,19.899608612060547,119.0233383178711,80.80184173583984,66.35050964355469
REFUGE2,test,T0057.jpg,,1634.0,1634.0,1.0,79.05199432373047,51.4802131652832,22.186264038085938,103.1314468383789,72.52732849121094,61.49721145629883
REFUGE2,test,T0058.jpg,,1634.0,1634.0,1.0,72.27942657470703,51.424842834472656,10.604825973510742,98.85298919677734,64.83028411865234,53.154991149902344
REFUGE2,test,T0059.jpg,,1634.0,1634.0,1.0,84.74327850341797,57.38325500488281,30.008468627929688,107.65875244140625,80.48165893554688,66.08943176269531
REFUGE2,test,T0060.jpg,,1634.0,1634.0,1.0,87.39781188964844,59.47464370727539,31.861370086669922,118.24669647216797,81.88790893554688,62.058860778808594
REFUGE2,test,T0061.jpg,,1634.0,1634.0,1.0,87.41641235351562,59.181602478027344,21.403278350830078,117.00070190429688,78.64851379394531,66.60001373291016
REFUGE2,test,T0062.jpg,,1634.0,1634.0,1.0,83.07823181152344,56.46868896484375,17.006959915161133,111.59931182861328,73.97640991210938,63.65901565551758
REFUGE2,test,T0063.jpg,,1634.0,1634.0,1.0,64.79440307617188,47.1572265625,16.80659294128418,92.5699234008789,57.909210205078125,43.904056549072266
REFUGE2,test,T0064.jpg,,1634.0,1634.0,1.0,83.0259780883789,59.02924346923828,14.868498802185059,113.4986801147461,74.20431518554688,61.37495040893555
REFUGE2,test,T0065.jpg,,1634.0,1634.0,1.0,83.10523223876953,57.55506134033203,16.985591888427734,108.49873352050781,75.81023406982422,65.00672149658203
REFUGE2,test,T0066.jpg,,1634.0,1634.0,1.0,82.15272521972656,55.393367767333984,16.452362060546875,106.72893524169922,74.59833526611328,65.13090515136719
REFUGE2,test,T0067.jpg,,1634.0,1634.0,1.0,79.27146911621094,53.31757354736328,26.265491485595703,107.2723617553711,74.816650390625,55.725372314453125
REFUGE2,test,T0068.jpg,,1634.0,1634.0,1.0,65.70030975341797,46.450077056884766,16.528005599975586,88.48217010498047,57.88255310058594,50.736202239990234
REFUGE2,test,T0069.jpg,,1634.0,1634.0,1.0,90.16924285888672,59.82241439819336,27.70549774169922,116.86048126220703,91.36605072021484,62.28117752075195
REFUGE2,test,T0070.jpg,,1634.0,1634.0,1.0,91.1593246459961,66.53760528564453,30.03738784790039,123.0919189453125,88.85265350341797,61.53340530395508
REFUGE2,test,T0071.jpg,,1634.0,1634.0,1.0,87.69802856445312,59.68027114868164,22.69395637512207,106.89830017089844,81.7248306274414,74.470947265625
REFUGE2,test,T0072.jpg,,1634.0,1634.0,1.0,68.9041519165039,47.476966857910156,13.505200386047363,97.1284408569336,57.93175506591797,51.652259826660156
REFUGE2,test,T0073.jpg,,1634.0,1634.0,1.0,82.35496520996094,55.97618865966797,17.375438690185547,115.93203735351562,75.04965209960938,56.08319091796875
REFUGE2,test,T0074.jpg,,1634.0,1634.0,1.0,71.48746490478516,50.95356750488281,13.95207405090332,99.77165985107422,64.39852142333984,50.292213439941406
REFUGE2,test,T0075.jpg,,1634.0,1634.0,1.0,93.85418701171875,63.52297592163086,28.362380981445312,122.8851318359375,89.01322937011719,69.66419219970703
REFUGE2,test,T0076.jpg,,1634.0,1634.0,1.0,60.8947868347168,45.31533432006836,12.461932182312012,87.66454315185547,52.10753631591797,42.91229248046875
REFUGE2,test,T0077.jpg,,1634.0,1634.0,1.0,92.5462417602539,62.36869430541992,27.643951416015625,121.9067611694336,84.92418670654297,70.8077621459961
REFUGE2,test,T0078.jpg,,1634.0,1634.0,1.0,52.329193115234375,38.637306213378906,9.458263397216797,71.62494659423828,46.12171173095703,39.240928649902344
REFUGE2,test,T0079.jpg,,1634.0,1634.0,1.0,76.57343292236328,52.07640838623047,15.022760391235352,102.53052520751953,70.5844497680664,56.60531234741211
REFUGE2,test,T0080.jpg,,1634.0,1634.0,1.0,90.90937805175781,62.20436477661133,18.96291732788086,115.34527587890625,85.46277618408203,71.92007446289062
REFUGE2,test,T0081.jpg,,1634.0,1634.0,1.0,77.62078857421875,53.35870361328125,16.05058479309082,102.8983154296875,70.85237121582031,59.11164855957031
REFUGE2,test,T0082.jpg,,1634.0,1634.0,1.0,63.21294403076172,45.51994323730469,14.231193542480469,89.73468780517578,54.541404724121094,45.36274337768555
REFUGE2,test,T0083.jpg,,1634.0,1634.0,1.0,68.12776184082031,47.89544677734375,12.498176574707031,95.19401550292969,60.84159469604492,48.34767150878906
REFUGE2,test,T0084.jpg,,1634.0,1634.0,1.0,53.88965606689453,41.733943939208984,16.003665924072266,73.20294952392578,45.928531646728516,42.537479400634766
REFUGE2,test,T0085.jpg,,1634.0,1634.0,1.0,70.6230697631836,53.45915222167969,10.897136688232422,96.10508728027344,63.773765563964844,51.99034118652344
REFUGE2,test,T0086.jpg,,1634.0,1634.0,1.0,83.12647247314453,56.029205322265625,21.91320037841797,113.41544342041016,75.03143310546875,60.932552337646484
REFUGE2,test,T0087.jpg,,1634.0,1634.0,1.0,67.51319885253906,46.488914489746094,15.400733947753906,91.58406066894531,60.09929275512695,50.856231689453125
REFUGE2,test,T0088.jpg,,1634.0,1634.0,1.0,73.53987121582031,51.77449035644531,14.069470405578613,97.66009521484375,66.37586212158203,56.583656311035156
REFUGE2,test,T0089.jpg,,1634.0,1634.0,1.0,83.4103775024414,57.26497268676758,18.520709991455078,114.73088073730469,76.83885192871094,58.6613883972168
REFUGE2,test,T0090.jpg,,1634.0,1634.0,1.0,86.79415893554688,58.38855743408203,22.06113052368164,103.54889678955078,81.05682373046875,75.77674865722656
REFUGE2,test,T0091.jpg,,1634.0,1634.0,1.0,83.33409881591797,57.11975860595703,17.42328643798828,114.9393539428711,73.28375244140625,61.779197692871094
REFUGE2,test,T0092.jpg,,1634.0,1634.0,1.0,73.88525390625,49.788978576660156,21.927204132080078,103.80585479736328,67.27486419677734,50.57504653930664
REFUGE2,test,T0093.jpg,,1634.0,1634.0,1.0,80.92262268066406,53.50498962402344,20.641345977783203,107.76197814941406,72.3963623046875,62.609527587890625
REFUGE2,test,T0094.jpg,,1634.0,1634.0,1.0,85.8900146484375,55.22833251953125,25.2509708404541,116.86566162109375,76.0623550415039,64.74203491210938
REFUGE2,test,T0095.jpg,,1634.0,1634.0,1.0,86.27206420898438,57.58799362182617,20.39097785949707,116.58223724365234,79.2981185913086,62.93582534790039
REFUGE2,test,T0096.jpg,,1634.0,1634.0,1.0,104.6654052734375,68.54460906982422,22.936843872070312,127.27742004394531,99.68606567382812,87.03274536132812
REFUGE2,test,T0097.jpg,,1634.0,1634.0,1.0,81.29961395263672,54.2000846862793,19.836856842041016,117.89159393310547,76.38323974609375,49.62401580810547
REFUGE2,test,T0098.jpg,,1634.0,1634.0,1.0,92.80006408691406,62.97401428222656,23.301715850830078,123.39802551269531,87.04971313476562,67.95246124267578
REFUGE2,test,T0099.jpg,,1634.0,1634.0,1.0,78.34011840820312,55.11341094970703,16.484731674194336,104.04399871826172,70.74472045898438,60.231624603271484
REFUGE2,test,T0100.jpg,,1634.0,1634.0,1.0,88.71028900146484,61.20061111450195,15.442232131958008,116.73241424560547,80.53666687011719,68.8617935180664
REFUGE2,test,T0101.jpg,,1634.0,1634.0,1.0,75.78656005859375,55.45911407470703,11.87951946258545,105.28681945800781,68.34428405761719,53.72861099243164
REFUGE2,test,T0102.jpg,,1634.0,1634.0,1.0,68.36478424072266,47.08164978027344,14.19740104675293,93.2728271484375,61.520450592041016,50.30106735229492
REFUGE2,test,T0103.jpg,,1634.0,1634.0,1.0,59.5142822265625,46.81241226196289,9.977798461914062,87.03225708007812,50.585594177246094,40.92499923706055
REFUGE2,test,T0104.jpg,,1634.0,1634.0,1.0,59.7403450012207,46.95802688598633,9.457006454467773,87.45311737060547,51.97311019897461,39.79482650756836
REFUGE2,test,T0105.jpg,,1634.0,1634.0,1.0,70.32781219482422,48.395320892333984,19.1890811920166,94.45117950439453,62.202938079833984,54.329307556152344
REFUGE2,test,T0106.jpg,,1634.0,1634.0,1.0,79.22379302978516,56.035308837890625,18.263771057128906,106.05078887939453,73.47859191894531,58.141990661621094
REFUGE2,test,T0107.jpg,,1634.0,1634.0,1.0,86.21431732177734,58.96183776855469,22.489360809326172,114.06864929199219,78.34420013427734,66.23011016845703
REFUGE2,test,T0108.jpg,,1634.0,1634.0,1.0,77.95928955078125,53.28630447387695,21.73957061767578,100.13671875,71.58113098144531,62.16004180908203
REFUGE2,test,T0109.jpg,,1634.0,1634.0,1.0,90.1232681274414,60.35166549682617,25.278596878051758,121.0202865600586,81.81969451904297,67.52982330322266
REFUGE2,test,T0110.jpg,,1634.0,1634.0,1.0,55.614524841308594,39.940120697021484,11.738578796386719,76.60124206542969,49.2900276184082,40.952301025390625
REFUGE2,test,T0111.jpg,,1634.0,1634.0,1.0,75.48397064208984,52.98096466064453,16.319671630859375,103.10773468017578,67.01492309570312,56.329246520996094
REFUGE2,test,T0112.jpg,,1634.0,1634.0,1.0,82.31956481933594,56.960628509521484,23.170700073242188,105.93509674072266,75.89344024658203,65.13017272949219
REFUGE2,test,T0113.jpg,,1634.0,1634.0,1.0,84.38951110839844,57.75799560546875,13.816838264465332,108.53783416748047,77.74877166748047,66.88195037841797
REFUGE2,test,T0114.jpg,,1634.0,1634.0,1.0,78.41055297851562,53.678955078125,15.227424621582031,101.78147888183594,73.24160766601562,60.20856857299805
REFUGE2,test,T0115.jpg,,1634.0,1634.0,1.0,80.09078979492188,55.269161224365234,17.783336639404297,106.28288269042969,73.2216796875,60.76781463623047
REFUGE2,test,T0116.jpg,,1634.0,1634.0,1.0,61.14448547363281,46.08500671386719,9.535283088684082,79.55560302734375,53.56062316894531,50.317222595214844
REFUGE2,test,T0117.jpg,,1634.0,1634.0,1.0,71.9745101928711,50.903953552246094,15.063179016113281,95.95234680175781,64.4860610961914,55.485137939453125
REFUGE2,test,T0118.jpg,,1634.0,1634.0,1.0,84.74784851074219,57.00080871582031,20.18886947631836,110.71028137207031,77.03424835205078,66.49901580810547
REFUGE2,test,T0119.jpg,,1634.0,1634.0,1.0,86.82286071777344,59.85554885864258,17.90790557861328,114.15789031982422,80.89696502685547,65.41372680664062
REFUGE2,test,T0120.jpg,,1634.0,1634.0,1.0,81.814208984375,58.122371673583984,12.439153671264648,111.39799499511719,73.50403594970703,60.54059982299805
REFUGE2,test,T0121.jpg,,1634.0,1634.0,1.0,54.41155242919922,42.77583312988281,15.798248291015625,68.15650939941406,47.707786560058594,47.37035369873047
REFUGE2,test,T0122.jpg,,1634.0,1634.0,1.0,66.0379409790039,47.86736297607422,12.63521957397461,89.21244812011719,58.26832962036133,50.63303756713867
REFUGE2,test,T0123.jpg,,1634.0,1634.0,1.0,77.55332946777344,53.11612319946289,14.168514251708984,104.1285400390625,70.16497802734375,58.36647033691406
REFUGE2,test,T0124.jpg,,1634.0,1634.0,1.0,72.34574890136719,50.46782684326172,11.8610258102417,99.66896057128906,65.25606536865234,52.11222457885742
REFUGE2,test,T0125.jpg,,1634.0,1634.0,1.0,89.7890396118164,60.238121032714844,29.13986587524414,115.60108184814453,82.70695495605469,71.05909729003906
REFUGE2,test,T0126.jpg,,1634.0,1634.0,1.0,61.999122619628906,45.99433898925781,13.921015739440918,82.0334701538086,55.367000579833984,48.59688949584961
REFUGE2,test,T0127.jpg,,1634.0,1634.0,1.0,82.19454956054688,55.957244873046875,13.961760520935059,113.3681869506836,73.00525665283203,60.210201263427734
REFUGE2,test,T0128.jpg,,1634.0,1634.0,1.0,73.3784408569336,53.75470733642578,12.952047348022461,110.36870574951172,61.24257278442383,48.524078369140625
REFUGE2,test,T0129.jpg,,1634.0,1634.0,1.0,64.22319793701172,50.38909149169922,11.604055404663086,90.4910659790039,55.976234436035156,46.202308654785156
REFUGE2,test,T0130.jpg,,1634.0,1634.0,1.0,86.14401245117188,59.59280776977539,16.687854766845703,113.39366149902344,78.92994689941406,66.10841369628906
REFUGE2,test,T0131.jpg,,1634.0,1634.0,1.0,74.96700286865234,49.6938591003418,19.273853302001953,104.32456970214844,67.3268814086914,53.249549865722656
REFUGE2,test,T0132.jpg,,1634.0,1634.0,1.0,85.19837951660156,56.82333755493164,16.375598907470703,109.85260772705078,78.28961181640625,67.4529037475586
REFUGE2,test,T0133.jpg,,1634.0,1634.0,1.0,60.76873779296875,42.73301315307617,12.329951286315918,88.35681915283203,53.658626556396484,40.290748596191406
REFUGE2,test,T0134.jpg,,1634.0,1634.0,1.0,78.2767562866211,54.65922927856445,19.89957046508789,108.23768615722656,69.64441680908203,56.94816207885742
REFUGE2,test,T0135.jpg,,1634.0,1634.0,1.0,83.64439392089844,58.3584098815918,14.904827117919922,111.42127227783203,74.69252014160156,64.81939697265625
REFUGE2,test,T0136.jpg,,1634.0,1634.0,1.0,78.64930725097656,55.202728271484375,17.427936553955078,105.8442611694336,69.46277618408203,60.640892028808594
REFUGE2,test,T0137.jpg,,1634.0,1634.0,1.0,77.37806701660156,51.94121170043945,23.593677520751953,96.02104187011719,70.28245544433594,65.83069610595703
REFUGE2,test,T0138.jpg,,1634.0,1634.0,1.0,84.39324951171875,59.44489669799805,17.107213973999023,111.00323486328125,77.83196258544922,64.34455871582031
REFUGE2,test,T0139.jpg,,1634.0,1634.0,1.0,70.72915649414062,51.10269546508789,14.59306526184082,98.85225677490234,63.20838165283203,50.1268424987793
REFUGE2,test,T0140.jpg,,1634.0,1634.0,1.0,72.82405853271484,50.20904541015625,15.360152244567871,92.78257751464844,69.2601318359375,56.429443359375
REFUGE2,test,T0141.jpg,,1634.0,1634.0,1.0,58.02436447143555,41.82582092285156,10.189385414123535,84.16283416748047,50.1202278137207,39.790008544921875
REFUGE2,test,T0142.jpg,,1634.0,1634.0,1.0,61.266170501708984,47.35074996948242,10.747690200805664,85.11042785644531,53.80491256713867,44.8831787109375
REFUGE2,test,T0143.jpg,,1634.0,1634.0,1.0,95.62317657470703,63.63493728637695,21.081527709960938,123.9673843383789,90.12425994873047,72.77787780761719
REFUGE2,test,T0144.jpg,,1634.0,1634.0,1.0,76.18531036376953,50.42641830444336,19.56018829345703,97.76949310302734,70.9833984375,59.803016662597656
REFUGE2,test,T0145.jpg,,1634.0,1634.0,1.0,75.16954803466797,52.21795654296875,14.130363464355469,98.78191375732422,69.75116729736328,56.9755859375
REFUGE2,test,T0146.jpg,,1634.0,1634.0,1.0,76.87403106689453,53.49251174926758,26.833873748779297,101.84152221679688,69.60823059082031,59.172325134277344
REFUGE2,test,T0147.jpg,,1634.0,1634.0,1.0,77.17913818359375,54.363101959228516,13.233914375305176,112.11508178710938,68.50301361083984,50.9193229675293
REFUGE2,test,T0148.jpg,,1634.0,1634.0,1.0,69.69652557373047,48.22454833984375,14.965219497680664,97.95829010009766,62.252506256103516,48.87875747680664
REFUGE2,test,T0149.jpg,,1634.0,1634.0,1.0,73.01834869384766,53.94876480102539,15.553628921508789,96.38447570800781,65.76309967041016,56.9074592590332
REFUGE2,test,T0150.jpg,,1634.0,1634.0,1.0,72.67647552490234,49.079750061035156,12.288366317749023,94.62784576416016,65.72669982910156,57.67488479614258
REFUGE2,test,T0151.jpg,,1634.0,1634.0,1.0,80.03900146484375,54.52833557128906,22.723575592041016,103.14401245117188,72.33688354492188,64.63611602783203
REFUGE2,test,T0152.jpg,,1634.0,1634.0,1.0,69.47737884521484,50.24254608154297,12.680343627929688,91.86051940917969,61.95949172973633,54.612125396728516
REFUGE2,test,T0153.jpg,,1634.0,1634.0,1.0,65.03763580322266,47.31968688964844,12.241250991821289,88.60659790039062,58.336036682128906,48.170257568359375
REFUGE2,test,T0154.jpg,,1634.0,1634.0,1.0,86.72333526611328,59.629669189453125,25.136369705200195,112.83336639404297,79.17039489746094,68.16621398925781
REFUGE2,test,T0155.jpg,,1634.0,1634.0,1.0,77.13443756103516,53.48134994506836,14.895740509033203,109.80380249023438,67.6756591796875,53.923824310302734
REFUGE2,test,T0156.jpg,,1634.0,1634.0,1.0,80.3607406616211,56.55952072143555,16.542247772216797,108.43302917480469,72.54090118408203,60.10826873779297
REFUGE2,test,T0157.jpg,,1634.0,1634.0,1.0,72.32687377929688,50.84226989746094,22.47942352294922,98.49725341796875,65.1531982421875,53.33017349243164
REFUGE2,test,T0158.jpg,,1634.0,1634.0,1.0,75.15987396240234,53.93198776245117,14.406259536743164,105.08856964111328,67.2386474609375,53.15239715576172
REFUGE2,test,T0159.jpg,,1634.0,1634.0,1.0,61.674808502197266,44.75355529785156,10.632999420166016,100.63005828857422,50.44778823852539,33.946590423583984
REFUGE2,test,T0160.jpg,,1634.0,1634.0,1.0,83.24411010742188,55.860015869140625,18.64499282836914,112.66889190673828,71.96936798095703,65.09407806396484
REFUGE2,test,T0161.jpg,,1634.0,1634.0,1.0,70.17820739746094,48.156070709228516,19.97235870361328,88.99942016601562,65.3576889038086,56.17753219604492
REFUGE2,test,T0162.jpg,,1634.0,1634.0,1.0,81.35240936279297,56.66640853881836,19.792587280273438,109.31076049804688,73.64446258544922,61.10200500488281
REFUGE2,test,T0163.jpg,,1634.0,1634.0,1.0,91.64188385009766,61.469139099121094,18.286949157714844,116.18830871582031,85.49681854248047,73.24053192138672
REFUGE2,test,T0164.jpg,,1634.0,1634.0,1.0,70.65949249267578,47.8073844909668,14.914016723632812,100.83671569824219,60.78090286254883,50.36085891723633
REFUGE2,test,T0165.jpg,,1634.0,1634.0,1.0,87.77904510498047,60.26917266845703,22.15708351135254,117.67049407958984,79.76496887207031,65.90167999267578
REFUGE2,test,T0166.jpg,,1634.0,1634.0,1.0,71.41348266601562,51.00770568847656,17.137699127197266,97.81665802001953,63.901641845703125,52.52214050292969
REFUGE2,test,T0167.jpg,,1634.0,1634.0,1.0,78.49021911621094,52.777217864990234,19.860198974609375,114.15115356445312,74.02851104736328,47.291011810302734
REFUGE2,test,T0168.jpg,,1634.0,1634.0,1.0,78.69921112060547,53.478912353515625,17.376388549804688,100.48774719238281,74.25373077392578,61.35613250732422
REFUGE2,test,T0169.jpg,,1634.0,1634.0,1.0,94.44342041015625,63.43649673461914,20.506927490234375,117.59223937988281,88.36461639404297,77.3734130859375
REFUGE2,test,T0170.jpg,,1634.0,1634.0,1.0,66.7674789428711,47.82511901855469,10.874320983886719,93.678955078125,59.05805206298828,47.56544494628906
REFUGE2,test,T0171.jpg,,1634.0,1634.0,1.0,77.88129425048828,54.64312744140625,18.94641876220703,102.40821075439453,72.55171966552734,58.68394470214844
REFUGE2,test,T0172.jpg,,1634.0,1634.0,1.0,70.60139465332031,51.89686965942383,12.081262588500977,95.39898681640625,63.08600616455078,53.31917190551758
REFUGE2,test,T0173.jpg,,1634.0,1634.0,1.0,61.74806213378906,44.32707595825195,17.059207916259766,76.18018341064453,56.62281036376953,52.441192626953125
REFUGE2,test,T0174.jpg,,1634.0,1634.0,1.0,81.13448333740234,54.071319580078125,18.419692993164062,109.27940368652344,73.57186126708984,60.55220031738281
REFUGE2,test,T0175.jpg,,1634.0,1634.0,1.0,78.60948944091797,53.901729583740234,15.119169235229492,108.18541717529297,69.61701202392578,58.026039123535156
REFUGE2,test,T0176.jpg,,1634.0,1634.0,1.0,67.48589324951172,48.70402145385742,16.005924224853516,91.29285430908203,63.866939544677734,47.297882080078125
REFUGE2,test,T0177.jpg,,1634.0,1634.0,1.0,63.288963317871094,50.5004768371582,10.921175003051758,88.0365219116211,54.49662399291992,47.333740234375
REFUGE2,test,T0178.jpg,,1634.0,1634.0,1.0,78.98482513427734,54.98774337768555,15.465714454650879,110.2435073852539,68.95861053466797,57.752357482910156
REFUGE2,test,T0179.jpg,,1634.0,1634.0,1.0,83.69551849365234,57.77205276489258,16.158588409423828,112.77943420410156,74.86473083496094,63.442405700683594
REFUGE2,test,T0180.jpg,,1634.0,1634.0,1.0,78.27869415283203,53.9305305480957,15.56230354309082,106.70659637451172,72.97007751464844,55.15940475463867
REFUGE2,test,T0181.jpg,,1634.0,1634.0,1.0,62.074642181396484,44.240909576416016,10.12479019165039,84.53448486328125,56.0184211730957,45.671016693115234
REFUGE2,test,T0182.jpg,,1634.0,1634.0,1.0,64.37125396728516,45.35493850708008,15.934560775756836,78.37846374511719,58.92323684692383,55.81206512451172
REFUGE2,test,T0183.jpg,,1634.0,1634.0,1.0,74.10670471191406,49.61983871459961,16.140850067138672,98.76870727539062,66.02371215820312,57.527679443359375
REFUGE2,test,T0184.jpg,,1634.0,1634.0,1.0,60.759498596191406,43.87351608276367,11.45860767364502,80.62380981445312,55.73020553588867,45.924476623535156
REFUGE2,test,T0185.jpg,,1634.0,1634.0,1.0,78.37794494628906,54.417049407958984,17.207401275634766,101.35887908935547,71.79874420166016,61.97622299194336
REFUGE2,test,T0186.jpg,,1634.0,1634.0,1.0,85.42916107177734,59.523868560791016,15.91864013671875,114.41641235351562,77.42072296142578,64.45034790039062
REFUGE2,test,T0187.jpg,,1634.0,1634.0,1.0,80.56961059570312,57.02616882324219,19.904010772705078,105.91355895996094,73.08135223388672,62.71390914916992
REFUGE2,test,T0188.jpg,,1634.0,1634.0,1.0,71.44910430908203,49.23479461669922,13.556228637695312,102.94514465332031,60.36598587036133,51.03617858886719
REFUGE2,test,T0189.jpg,,1634.0,1634.0,1.0,65.3036117553711,46.03807067871094,23.774974822998047,89.27281951904297,57.809993743896484,48.82801818847656
REFUGE2,test,T0190.jpg,,1634.0,1634.0,1.0,81.07128143310547,55.229854583740234,20.769062042236328,114.0401611328125,72.57849884033203,56.59518051147461
REFUGE2,test,T0191.jpg,,1634.0,1634.0,1.0,80.10301971435547,56.70447540283203,16.852245330810547,109.8377685546875,71.93017578125,58.54111862182617
REFUGE2,test,T0192.jpg,,1634.0,1634.0,1.0,76.21247100830078,51.8449821472168,16.257030487060547,107.66868591308594,69.43107604980469,51.53763961791992
REFUGE2,test,T0193.jpg,,1634.0,1634.0,1.0,72.77201080322266,52.2402458190918,16.752365112304688,93.92570495605469,67.55847930908203,56.83185958862305
REFUGE2,test,T0194.jpg,,1634.0,1634.0,1.0,74.6559829711914,50.849334716796875,12.831056594848633,96.61322021484375,67.09270477294922,60.26203918457031
REFUGE2,test,T0195.jpg,,1634.0,1634.0,1.0,92.44066619873047,63.21820068359375,18.690006256103516,120.89468383789062,84.5413818359375,71.88594055175781
REFUGE2,test,T0196.jpg,,1634.0,1634.0,1.0,75.29885864257812,53.76540756225586,14.151134490966797,107.47616577148438,64.86187744140625,53.55853271484375
REFUGE2,test,T0197.jpg,,1634.0,1634.0,1.0,92.02761840820312,61.568809509277344,19.111316680908203,119.11152648925781,84.12918853759766,72.84213256835938
REFUGE2,test,T0198.jpg,,1634.0,1634.0,1.0,65.17371368408203,45.828731536865234,19.923038482666016,77.6649169921875,59.0076904296875,58.84852600097656
REFUGE2,test,T0199.jpg,,1634.0,1634.0,1.0,63.023277282714844,44.75099563598633,13.227134704589844,90.6248779296875,54.76142501831055,43.68354034423828
REFUGE2,test,T0200.jpg,,1634.0,1634.0,1.0,79.73546600341797,53.964900970458984,17.242738723754883,102.65922546386719,74.25092315673828,62.296241760253906
REFUGE2,test,T0201.jpg,,1634.0,1634.0,1.0,83.32547760009766,56.30928039550781,20.864526748657227,114.87894439697266,74.04653930664062,61.05094909667969
REFUGE2,test,T0202.jpg,,1634.0,1634.0,1.0,70.24052429199219,50.963623046875,10.848352432250977,97.66470336914062,64.05059051513672,49.00628662109375
REFUGE2,test,T0203.jpg,,1634.0,1634.0,1.0,80.87812042236328,57.279544830322266,18.762264251708984,109.12439727783203,71.79534912109375,61.7145881652832
REFUGE2,test,T0204.jpg,,1634.0,1634.0,1.0,71.29120635986328,52.00204849243164,12.49196720123291,99.22434997558594,61.81763458251953,52.83161926269531
REFUGE2,test,T0205.jpg,,1634.0,1634.0,1.0,95.73931884765625,63.66869354248047,18.810104370117188,119.47130584716797,89.45774841308594,78.2889175415039
REFUGE2,test,T0206.jpg,,1634.0,1634.0,1.0,84.8536148071289,58.946632385253906,25.804458618164062,119.25199127197266,80.45062255859375,54.85824203491211
REFUGE2,test,T0207.jpg,,1634.0,1634.0,1.0,80.10798645019531,55.19557571411133,23.69223403930664,102.37318420410156,73.77190399169922,64.17889404296875
REFUGE2,test,T0208.jpg,,1634.0,1634.0,1.0,75.70158386230469,51.43952178955078,14.562328338623047,107.4521484375,68.68595886230469,50.9666633605957
REFUGE2,test,T0209.jpg,,1634.0,1634.0,1.0,70.51029205322266,46.21821594238281,16.229995727539062,101.80371856689453,68.8385009765625,40.888668060302734
REFUGE2,test,T0210.jpg,,1634.0,1634.0,1.0,84.41244506835938,56.355369567871094,17.793052673339844,114.7940673828125,76.18480682373047,62.258445739746094
REFUGE2,test,T0211.jpg,,1634.0,1634.0,1.0,73.88785552978516,49.25145721435547,18.655420303344727,108.81190490722656,69.06311798095703,43.788551330566406
REFUGE2,test,T0212.jpg,,1634.0,1634.0,1.0,80.6479721069336,55.33438491821289,24.186656951904297,114.44097137451172,77.47586822509766,50.027069091796875
REFUGE2,test,T0213.jpg,,1634.0,1634.0,1.0,75.22418212890625,53.93291091918945,14.205034255981445,101.15953826904297,67.90830993652344,56.60470199584961
REFUGE2,test,T0214.jpg,,1634.0,1634.0,1.0,64.15266418457031,47.21418380737305,13.84779167175293,85.7901611328125,58.070804595947266,48.59703826904297
REFUGE2,test,T0215.jpg,,1634.0,1634.0,1.0,79.37789916992188,57.40912628173828,16.21088409423828,108.19349670410156,71.3391342163086,58.601078033447266
REFUGE2,test,T0216.jpg,,1634.0,1634.0,1.0,87.98027801513672,61.082332611083984,19.779098510742188,117.17716979980469,81.35389709472656,65.40977478027344
REFUGE2,test,T0217.jpg,,1634.0,1634.0,1.0,76.95909881591797,52.5992431640625,26.323238372802734,109.82118225097656,70.63359832763672,50.42251968383789
REFUGE2,test,T0218.jpg,,1634.0,1634.0,1.0,67.84673309326172,47.75760269165039,15.846878051757812,94.49514770507812,61.67383575439453,47.371212005615234
REFUGE2,test,T0219.jpg,,1634.0,1634.0,1.0,66.7146987915039,50.11976623535156,9.107421875,90.98634338378906,59.21122741699219,49.94652557373047
REFUGE2,test,T0220.jpg,,1634.0,1634.0,1.0,82.81688690185547,57.894386291503906,14.974313735961914,112.98199462890625,73.61346435546875,61.855186462402344
REFUGE2,test,T0221.jpg,,1634.0,1634.0,1.0,78.20160675048828,55.20127868652344,15.918444633483887,103.87629699707031,68.49749755859375,62.23101806640625
REFUGE2,test,T0222.jpg,,1634.0,1634.0,1.0,58.09107208251953,44.0120849609375,9.90151596069336,86.2925033569336,49.82805633544922,38.152645111083984
REFUGE2,test,T0223.jpg,,1634.0,1634.0,1.0,80.77774047851562,58.287715911865234,16.299945831298828,109.35636138916016,71.93222045898438,61.04465103149414
REFUGE2,test,T0224.jpg,,1634.0,1634.0,1.0,82.68030548095703,56.820194244384766,17.332767486572266,110.15135192871094,74.40567016601562,63.48390579223633
REFUGE2,test,T0225.jpg,,1634.0,1634.0,1.0,74.7681884765625,51.82315444946289,11.617576599121094,103.69441223144531,68.6197738647461,51.99038314819336
REFUGE2,test,T0226.jpg,,1634.0,1634.0,1.0,91.09758758544922,59.114315032958984,24.465946197509766,123.02680969238281,85.27667999267578,64.98927307128906
REFUGE2,test,T0227.jpg,,1634.0,1634.0,1.0,88.00260162353516,59.840614318847656,27.007753372192383,120.16817474365234,82.3161849975586,61.523441314697266
REFUGE2,test,T0228.jpg,,1634.0,1634.0,1.0,68.64723205566406,47.846065521240234,16.07243537902832,99.29685974121094,58.736690521240234,47.90812301635742
REFUGE2,test,T0229.jpg,,1634.0,1634.0,1.0,61.88618087768555,45.1688117980957,10.317935943603516,102.53047180175781,48.698551177978516,34.429500579833984
REFUGE2,test,T0230.jpg,,1634.0,1634.0,1.0,68.95825958251953,49.19013977050781,14.189018249511719,97.15478515625,60.52688980102539,49.193092346191406
REFUGE2,test,T0231.jpg,,1634.0,1634.0,1.0,65.01763916015625,47.22983169555664,14.782732963562012,88.64985656738281,58.1370849609375,48.2659797668457
REFUGE2,test,T0232.jpg,,1634.0,1634.0,1.0,90.1323013305664,60.42313003540039,23.15945816040039,114.22830200195312,84.68910217285156,71.47950744628906
REFUGE2,test,T0233.jpg,,1634.0,1634.0,1.0,87.71297454833984,58.85425567626953,24.024559020996094,113.1088638305664,79.72154235839844,70.30851745605469
REFUGE2,test,T0234.jpg,,1634.0,1634.0,1.0,57.742313385009766,42.959136962890625,12.875205993652344,78.25941467285156,53.90613555908203,41.061397552490234
REFUGE2,test,T0235.jpg,,1634.0,1634.0,1.0,55.9356575012207,42.35566329956055,10.71700382232666,82.24734497070312,47.45482635498047,38.104801177978516
REFUGE2,test,T0236.jpg,,1634.0,1634.0,1.0,82.87489318847656,59.005367279052734,20.61687660217285,108.61983489990234,76.61358642578125,63.391258239746094
REFUGE2,test,T0237.jpg,,1634.0,1634.0,1.0,75.39337158203125,50.321006774902344,29.842138290405273,99.83008575439453,67.5956802368164,58.75434112548828
REFUGE2,test,T0238.jpg,,1634.0,1634.0,1.0,83.26593780517578,56.42649841308594,15.293952941894531,110.70359802246094,79.10200500488281,59.99224090576172
REFUGE2,test,T0239.jpg,,1634.0,1634.0,1.0,82.14544677734375,56.593135833740234,18.23137664794922,110.7599105834961,74.28913879394531,61.38728332519531
REFUGE2,test,T0240.jpg,,1634.0,1634.0,1.0,56.137794494628906,40.53455352783203,8.518354415893555,85.63838195800781,51.75334930419922,31.02164077758789
REFUGE2,test,T0241.jpg,,1634.0,1634.0,1.0,54.505306243896484,41.08831024169922,13.7818603515625,79.4145278930664,47.670867919921875,36.430519104003906
REFUGE2,test,T0242.jpg,,1634.0,1634.0,1.0,82.6512680053711,58.046390533447266,16.687206268310547,111.62037658691406,75.54512023925781,60.78829574584961
REFUGE2,test,T0243.jpg,,1634.0,1634.0,1.0,69.55583190917969,49.15611267089844,20.694217681884766,85.37036895751953,64.00499725341797,59.29214096069336
REFUGE2,test,T0244.jpg,,1634.0,1634.0,1.0,70.15723419189453,49.62499237060547,15.421065330505371,94.5996322631836,63.24266052246094,52.629390716552734
REFUGE2,test,T0245.jpg,,1634.0,1634.0,1.0,86.77010345458984,59.54254150390625,16.73116683959961,112.1371078491211,80.11688232421875,68.05632781982422
REFUGE2,test,T0246.jpg,,1634.0,1634.0,1.0,79.79415893554688,56.596614837646484,21.92334747314453,106.72061157226562,73.38176727294922,59.28010177612305
REFUGE2,test,T0247.jpg,,1634.0,1634.0,1.0,73.92977905273438,54.82279586791992,12.760299682617188,98.62937927246094,66.45085906982422,56.7091178894043
REFUGE2,test,T0248.jpg,,1634.0,1634.0,1.0,67.3815689086914,45.31290817260742,12.579666137695312,88.53319549560547,59.789485931396484,53.822021484375
REFUGE2,test,T0249.jpg,,1634.0,1634.0,1.0,70.37608337402344,53.381832122802734,13.712778091430664,96.89617156982422,63.0268669128418,51.2052116394043
REFUGE2,test,T0250.jpg,,1634.0,1634.0,1.0,87.4745101928711,57.6905403137207,18.89055061340332,122.82159423828125,78.86016082763672,60.74177169799805
REFUGE2,test,T0251.jpg,,1634.0,1634.0,1.0,90.14798736572266,60.253074645996094,21.529022216796875,116.30895233154297,82.44357299804688,71.69144439697266
REFUGE2,test,T0252.jpg,,1634.0,1634.0,1.0,66.83370971679688,50.10771942138672,11.482213973999023,96.90646362304688,57.9714469909668,45.623207092285156
REFUGE2,test,T0253.jpg,,1634.0,1634.0,1.0,81.72826385498047,56.85020065307617,16.63605499267578,109.27410888671875,75.6322021484375,60.27848434448242
REFUGE2,test,T0254.jpg,,1634.0,1634.0,1.0,82.64191436767578,57.59592056274414,15.892699241638184,110.51927185058594,73.83129119873047,63.575164794921875
REFUGE2,test,T0255.jpg,,1634.0,1634.0,1.0,67.46688842773438,48.73291778564453,10.990705490112305,91.6535415649414,60.24113845825195,50.506011962890625
REFUGE2,test,T0256.jpg,,1634.0,1634.0,1.0,73.420166015625,50.64729309082031,16.034643173217773,104.00911712646484,65.99481964111328,50.25654983520508
REFUGE2,test,T0257.jpg,,1634.0,1634.0,1.0,72.87383270263672,50.338478088378906,12.618366241455078,94.86711883544922,67.2059097290039,56.5484733581543
REFUGE2,test,T0258.jpg,,1634.0,1634.0,1.0,69.24224090576172,50.5076904296875,11.996723175048828,94.9693603515625,62.38751983642578,50.369842529296875
REFUGE2,test,T0259.jpg,,1634.0,1634.0,1.0,83.70051574707031,57.3463249206543,24.072402954101562,104.18756866455078,77.22298431396484,69.69100952148438
REFUGE2,test,T0260.jpg,,1634.0,1634.0,1.0,72.03621673583984,52.37043380737305,12.238807678222656,100.15027618408203,64.58218383789062,51.37621307373047
REFUGE2,test,T0261.jpg,,1634.0,1634.0,1.0,87.0339584350586,58.835079193115234,16.933687210083008,114.79371643066406,79.26373291015625,67.04441833496094
REFUGE2,test,T0262.jpg,,1634.0,1634.0,1.0,73.7815933227539,53.21104049682617,13.43354606628418,95.13130950927734,65.15668487548828,61.05679702758789
REFUGE2,test,T0263.jpg,,1634.0,1634.0,1.0,88.30008697509766,58.72404098510742,24.253665924072266,122.12113189697266,77.85707092285156,64.92203521728516
REFUGE2,test,T0264.jpg,,1634.0,1634.0,1.0,64.25726318359375,46.54951858520508,17.0506591796875,81.27552795410156,56.64516830444336,54.85108947753906
REFUGE2,test,T0265.jpg,,1634.0,1634.0,1.0,74.74999237060547,53.95915985107422,15.834329605102539,100.39657592773438,68.03634643554688,55.81706237792969
REFUGE2,test,T0266.jpg,,1634.0,1634.0,1.0,80.22173309326172,58.45302200317383,16.612672805786133,103.86665344238281,73.58071899414062,63.21781921386719
REFUGE2,test,T0267.jpg,,1634.0,1634.0,1.0,81.47731018066406,54.65896224975586,23.844749450683594,105.28768157958984,78.48672485351562,60.657527923583984
REFUGE2,test,T0268.jpg,,1634.0,1634.0,1.0,71.64381408691406,53.544525146484375,13.240625381469727,98.9120101928711,64.69239807128906,51.327030181884766
REFUGE2,test,T0269.jpg,,1634.0,1634.0,1.0,76.56559753417969,56.49485778808594,15.661020278930664,101.7132568359375,69.23069763183594,58.75284957885742
REFUGE2,test,T0270.jpg,,1634.0,1634.0,1.0,90.14989471435547,59.49028015136719,27.711063385009766,120.98887634277344,81.83810424804688,67.62272644042969
REFUGE2,test,T0271.jpg,,1634.0,1634.0,1.0,69.84610748291016,48.080604553222656,13.002004623413086,99.87389373779297,66.70829010009766,42.95614242553711
REFUGE2,test,T0272.jpg,,1634.0,1634.0,1.0,67.71060180664062,46.463592529296875,19.103404998779297,85.89286804199219,61.3942756652832,55.84467315673828
REFUGE2,test,T0273.jpg,,1634.0,1634.0,1.0,67.16685485839844,46.738182067871094,15.407649040222168,95.78630065917969,60.151607513427734,45.56266403198242
REFUGE2,test,T0274.jpg,,1634.0,1634.0,1.0,81.98109436035156,55.39213943481445,20.881208419799805,104.38504791259766,77.85702514648438,63.70122146606445
REFUGE2,test,T0275.jpg,,1634.0,1634.0,1.0,77.70864868164062,56.704383850097656,13.806011199951172,102.32807159423828,70.54379272460938,60.25408172607422
REFUGE2,test,T0276.jpg,,1634.0,1634.0,1.0,74.96082305908203,50.85505294799805,14.944707870483398,99.3344497680664,67.20777893066406,58.340232849121094
REFUGE2,test,T0277.jpg,,1634.0,1634.0,1.0,91.31736755371094,61.493568420410156,23.357398986816406,118.38102722167969,84.010498046875,71.56057739257812
REFUGE2,test,T0278.jpg,,1634.0,1634.0,1.0,72.67575073242188,50.620059967041016,14.987018585205078,99.00544738769531,65.72673797607422,53.29505157470703
REFUGE2,test,T0279.jpg,,1634.0,1634.0,1.0,66.98237609863281,48.10869598388672,16.174131393432617,87.85212707519531,58.666656494140625,54.428367614746094
REFUGE2,test,T0280.jpg,,1634.0,1634.0,1.0,81.16991424560547,54.87995529174805,17.95708465576172,109.45729064941406,74.54856872558594,59.50387954711914
REFUGE2,test,T0281.jpg,,1634.0,1634.0,1.0,74.77141571044922,51.06180191040039,13.130090713500977,102.87246704101562,68.55209350585938,52.88971710205078
REFUGE2,test,T0282.jpg,,1634.0,1634.0,1.0,81.03785705566406,55.73799133300781,18.308731079101562,106.64178466796875,71.04207611083984,65.42969512939453
REFUGE2,test,T0283.jpg,,1634.0,1634.0,1.0,67.10183715820312,48.21223449707031,14.567057609558105,93.88623046875,59.98309326171875,47.43619918823242
REFUGE2,test,T0284.jpg,,1634.0,1634.0,1.0,78.34228515625,53.06273651123047,18.163013458251953,103.83039855957031,69.19328308105469,62.003204345703125
REFUGE2,test,T0285.jpg,,1634.0,1634.0,1.0,69.17240905761719,47.97818374633789,16.0748291015625,102.7343521118164,61.35625457763672,43.426639556884766
REFUGE2,test,T0286.jpg,,1634.0,1634.0,1.0,79.19824981689453,55.0183219909668,19.707481384277344,107.32767486572266,72.14323425292969,58.12383270263672
REFUGE2,test,T0287.jpg,,1634.0,1634.0,1.0,89.72705841064453,60.51728820800781,26.350500106811523,118.09880065917969,81.15930938720703,69.9230728149414
REFUGE2,test,T0288.jpg,,1634.0,1634.0,1.0,92.79795837402344,61.49324417114258,21.386127471923828,119.56787109375,87.07714080810547,71.74887084960938
REFUGE2,test,T0289.jpg,,1634.0,1634.0,1.0,78.29498291015625,55.19898223876953,19.961551666259766,100.48594665527344,71.33370208740234,63.0652961730957
REFUGE2,test,T0290.jpg,,1634.0,1634.0,1.0,59.11420440673828,43.422698974609375,13.454559326171875,73.92529296875,53.35306930541992,50.06425476074219
REFUGE2,test,T0291.jpg,,1634.0,1634.0,1.0,86.99397277832031,58.378700256347656,15.811561584472656,117.73885345458984,80.04822540283203,63.194828033447266
REFUGE2,test,T0292.jpg,,1634.0,1634.0,1.0,81.18773651123047,55.99174880981445,18.723724365234375,111.24332427978516,71.96979522705078,60.350059509277344
REFUGE2,test,T0293.jpg,,1634.0,1634.0,1.0,70.30374145507812,51.468902587890625,11.688407897949219,101.37274169921875,61.61133575439453,47.92714309692383
REFUGE2,test,T0294.jpg,,1634.0,1634.0,1.0,61.589210510253906,45.2082405090332,13.72533130645752,88.25382232666016,52.439430236816406,44.07439041137695
REFUGE2,test,T0295.jpg,,1634.0,1634.0,1.0,74.85977935791016,51.23255157470703,12.174090385437012,112.78148651123047,66.97843933105469,44.819427490234375
REFUGE2,test,T0296.jpg,,1634.0,1634.0,1.0,78.7533187866211,54.587039947509766,17.62364959716797,115.20361328125,68.93016815185547,52.126163482666016
REFUGE2,test,T0297.jpg,,1634.0,1634.0,1.0,75.9067153930664,54.99541473388672,15.328622817993164,109.25328826904297,64.43067932128906,54.03616714477539
REFUGE2,test,T0298.jpg,,1634.0,1634.0,1.0,53.553218841552734,41.1715087890625,9.228343963623047,74.02597045898438,46.34195327758789,40.29174041748047
REFUGE2,test,T0299.jpg,,1634.0,1634.0,1.0,83.21365356445312,58.91411590576172,13.76425552368164,112.15789031982422,76.5470199584961,60.93605041503906
REFUGE2,test,T0300.jpg,,1634.0,1634.0,1.0,54.2521858215332,41.10885238647461,10.90231990814209,71.73802185058594,46.48855972290039,44.52997970581055
REFUGE2,test,T0301.jpg,,1634.0,1634.0,1.0,76.22039031982422,53.05848693847656,15.407011032104492,109.9816665649414,68.86790466308594,49.811588287353516
REFUGE2,test,T0302.jpg,,1634.0,1634.0,1.0,76.37743377685547,54.06974792480469,15.452162742614746,103.28308868408203,67.82035064697266,58.02885818481445
REFUGE2,test,T0303.jpg,,1634.0,1634.0,1.0,88.1043472290039,59.26594161987305,16.85672378540039,122.2856674194336,78.73916625976562,63.288211822509766
REFUGE2,test,T0304.jpg,,1634.0,1634.0,1.0,75.77897644042969,51.24034881591797,11.970151901245117,107.8038558959961,72.90927124023438,46.62378692626953
REFUGE2,test,T0305.jpg,,1634.0,1634.0,1.0,77.02910614013672,50.691280364990234,24.141414642333984,93.06536865234375,70.75404357910156,67.26791381835938
REFUGE2,test,T0306.jpg,,1634.0,1634.0,1.0,75.1560287475586,53.477256774902344,23.694738388061523,89.8119888305664,71.4320297241211,64.22407531738281
REFUGE2,test,T0307.jpg,,1634.0,1634.0,1.0,68.27903747558594,50.32087326049805,11.205757141113281,95.77162170410156,59.29290771484375,49.772605895996094
REFUGE2,test,T0308.jpg,,1634.0,1634.0,1.0,57.374691009521484,40.346683502197266,10.709369659423828,80.32471466064453,49.29712677001953,42.50223922729492
REFUGE2,test,T0309.jpg,,1634.0,1634.0,1.0,82.483154296875,57.11311721801758,21.290607452392578,119.7499771118164,75.4091567993164,52.29033660888672
REFUGE2,test,T0310.jpg,,1634.0,1634.0,1.0,69.79653930664062,49.91329574584961,14.364334106445312,102.86629486083984,60.871620178222656,45.65171432495117
REFUGE2,test,T0311.jpg,,1634.0,1634.0,1.0,73.97095489501953,53.209537506103516,13.139703750610352,100.90300750732422,65.86359405517578,55.14628219604492
REFUGE2,test,T0312.jpg,,1634.0,1634.0,1.0,70.05823516845703,50.244537353515625,16.049057006835938,95.52983856201172,63.12211227416992,51.52275466918945
REFUGE2,test,T0313.jpg,,1634.0,1634.0,1.0,71.85808563232422,51.296051025390625,16.591981887817383,98.40806579589844,67.35086822509766,49.815311431884766
REFUGE2,test,T0314.jpg,,1634.0,1634.0,1.0,79.4670639038086,55.21356964111328,18.92013168334961,106.74608612060547,73.38687896728516,58.26821517944336
REFUGE2,test,T0315.jpg,,1634.0,1634.0,1.0,72.05489349365234,49.91561508178711,12.564374923706055,102.13906860351562,62.37812423706055,51.6474723815918
REFUGE2,test,T0316.jpg,,1634.0,1634.0,1.0,74.88977813720703,52.97633743286133,17.427703857421875,103.01530456542969,67.42549896240234,54.228511810302734
REFUGE2,test,T0317.jpg,,1634.0,1634.0,1.0,72.84649658203125,51.874332427978516,12.48272705078125,99.05248260498047,64.70537567138672,54.78163146972656
REFUGE2,test,T0318.jpg,,1634.0,1634.0,1.0,58.85576629638672,42.90410232543945,8.565337181091309,83.22492218017578,52.5194091796875,40.82294845581055
REFUGE2,test,T0319.jpg,,1634.0,1634.0,1.0,82.3448257446289,57.54854965209961,17.207942962646484,110.72738647460938,73.34042358398438,62.96664810180664
REFUGE2,test,T0320.jpg,,1634.0,1634.0,1.0,80.96210479736328,55.64111328125,16.815523147583008,109.87844848632812,76.34770202636719,56.6601448059082
REFUGE2,test,T0321.jpg,,1634.0,1634.0,1.0,83.30284118652344,57.73267364501953,14.675302505493164,113.64413452148438,74.80525970458984,61.459144592285156
REFUGE2,test,T0322.jpg,,1634.0,1634.0,1.0,87.73065948486328,58.38187026977539,29.16088104248047,117.9111557006836,86.91499328613281,58.365840911865234
REFUGE2,test,T0323.jpg,,1634.0,1634.0,1.0,84.85096740722656,57.731388092041016,16.7221622467041,114.75367736816406,76.51319122314453,63.286041259765625
REFUGE2,test,T0324.jpg,,1634.0,1634.0,1.0,77.11201477050781,55.0833740234375,15.531410217285156,112.62230682373047,67.2154541015625,51.49830627441406
REFUGE2,test,T0325.jpg,,1634.0,1634.0,1.0,71.77124786376953,50.71958923339844,15.200250625610352,99.38158416748047,63.06224822998047,52.86991882324219
REFUGE2,test,T0326.jpg,,1634.0,1634.0,1.0,92.79476928710938,62.76454544067383,18.623191833496094,121.52215576171875,86.69609832763672,70.16603088378906
REFUGE2,test,T0327.jpg,,1634.0,1634.0,1.0,89.19652557373047,59.985931396484375,19.195415496826172,118.26896667480469,83.53597259521484,65.78463745117188
REFUGE2,test,T0328.jpg,,1634.0,1634.0,1.0,70.95452117919922,50.0748291015625,12.098366737365723,100.02071380615234,63.03037643432617,49.812469482421875
REFUGE2,test,T0329.jpg,,1634.0,1634.0,1.0,74.1938247680664,53.18862533569336,14.42459487915039,99.05255889892578,66.45758056640625,57.07133865356445
REFUGE2,test,T0330.jpg,,1634.0,1634.0,1.0,88.0157699584961,59.55248260498047,33.85883331298828,114.01893615722656,81.58346557617188,68.44490051269531
REFUGE2,test,T0331.jpg,,1634.0,1634.0,1.0,77.09210968017578,55.9068489074707,18.458995819091797,97.03690338134766,71.78882598876953,62.45058822631836
REFUGE2,test,T0332.jpg,,1634.0,1634.0,1.0,83.79573822021484,56.92097091674805,19.12831687927246,115.15774536132812,75.19033813476562,61.03912353515625
REFUGE2,test,T0333.jpg,,1634.0,1634.0,1.0,77.7046127319336,55.0650749206543,11.392428398132324,100.85224151611328,72.35769653320312,59.90391540527344
REFUGE2,test,T0334.jpg,,1634.0,1634.0,1.0,90.4170913696289,61.48531723022461,19.74909210205078,115.1041259765625,85.38002014160156,70.76712036132812
REFUGE2,test,T0335.jpg,,1634.0,1634.0,1.0,69.09744262695312,51.127445220947266,13.140302658081055,96.9579086303711,59.772216796875,50.562198638916016
REFUGE2,test,T0336.jpg,,1634.0,1634.0,1.0,88.34780883789062,59.87608337402344,28.892166137695312,112.61766815185547,83.09538269042969,69.33037567138672
REFUGE2,test,T0337.jpg,,1634.0,1634.0,1.0,82.2583999633789,56.41814041137695,19.86461067199707,112.73377990722656,75.11760711669922,58.9238166809082
REFUGE2,test,T0338.jpg,,1634.0,1634.0,1.0,59.2702751159668,43.4239616394043,15.425374984741211,78.89588928222656,53.72247314453125,45.19245529174805
REFUGE2,test,T0339.jpg,,1634.0,1634.0,1.0,80.40052032470703,53.92410659790039,15.893178939819336,105.67770385742188,74.53935241699219,60.98453140258789
REFUGE2,test,T0340.jpg,,1634.0,1634.0,1.0,63.001773834228516,46.91440200805664,9.049764633178711,87.65318298339844,55.407222747802734,45.944908142089844
REFUGE2,test,T0341.jpg,,1634.0,1634.0,1.0,64.32967376708984,46.99544906616211,12.970714569091797,84.5877914428711,56.639339447021484,51.76189422607422
REFUGE2,test,T0342.jpg,,1634.0,1634.0,1.0,97.73259735107422,62.967628479003906,26.21637725830078,134.68556213378906,91.0580062866211,67.45421600341797
REFUGE2,test,T0343.jpg,,1634.0,1634.0,1.0,75.5655517578125,54.41918182373047,12.762117385864258,99.93832397460938,70.0974349975586,56.66090774536133
REFUGE2,test,T0344.jpg,,1634.0,1634.0,1.0,76.22026062011719,54.59394454956055,22.02630615234375,101.26016998291016,68.67577362060547,58.72483444213867
REFUGE2,test,T0345.jpg,,1634.0,1634.0,1.0,54.27671813964844,41.66242218017578,10.460260391235352,73.39025115966797,47.109886169433594,42.33002853393555
REFUGE2,test,T0346.jpg,,1634.0,1634.0,1.0,85.68492889404297,59.309139251708984,20.542320251464844,111.88719177246094,78.69404602050781,66.47356414794922
REFUGE2,test,T0347.jpg,,1634.0,1634.0,1.0,61.12730026245117,44.82848358154297,12.557598114013672,83.01264190673828,54.588199615478516,45.78104782104492
REFUGE2,test,T0348.jpg,,1634.0,1634.0,1.0,65.92451477050781,48.344825744628906,12.953313827514648,87.91699981689453,60.26781463623047,49.58871078491211
REFUGE2,test,T0349.jpg,,1634.0,1634.0,1.0,73.32173156738281,52.00285720825195,12.15638542175293,106.67443084716797,65.72340393066406,47.56734848022461
REFUGE2,test,T0350.jpg,,1634.0,1634.0,1.0,58.74846649169922,42.02012252807617,13.736867904663086,82.7585678100586,51.12303161621094,42.36379623413086
REFUGE2,test,T0351.jpg,,1634.0,1634.0,1.0,69.87739562988281,53.297367095947266,13.196087837219238,98.37521362304688,59.71673583984375,51.54024887084961
REFUGE2,test,T0352.jpg,,1634.0,1634.0,1.0,99.88070678710938,66.38218688964844,22.436351776123047,128.88755798339844,92.60160064697266,78.15296173095703
REFUGE2,test,T0353.jpg,,1634.0,1634.0,1.0,92.78430938720703,62.36650085449219,17.890750885009766,122.0240478515625,84.19375610351562,72.1351318359375
REFUGE2,test,T0354.jpg,,1634.0,1634.0,1.0,57.19829559326172,43.81118392944336,11.221763610839844,80.66726684570312,50.25342559814453,40.674190521240234
REFUGE2,test,T0355.jpg,,1634.0,1634.0,1.0,68.86576080322266,49.55860137939453,14.630512237548828,91.16539764404297,63.485836029052734,51.946048736572266
REFUGE2,test,T0356.jpg,,1634.0,1634.0,1.0,74.73574829101562,51.59443283081055,14.996180534362793,98.61376953125,67.23567962646484,58.35780334472656
REFUGE2,test,T0357.jpg,,1634.0,1634.0,1.0,74.06603240966797,54.609718322753906,12.219417572021484,100.17781829833984,65.9990463256836,56.02121353149414
REFUGE2,test,T0358.jpg,,1634.0,1634.0,1.0,106.36434936523438,69.22338104248047,44.26444625854492,145.46978759765625,100.88654327392578,72.73672485351562
REFUGE2,test,T0359.jpg,,1634.0,1634.0,1.0,73.28096771240234,49.61373519897461,12.711702346801758,99.14137268066406,65.44357299804688,55.257965087890625
REFUGE2,test,T0360.jpg,,1634.0,1634.0,1.0,65.80982208251953,43.40424728393555,20.576416015625,91.34182739257812,55.81735610961914,50.2702751159668
REFUGE2,test,T0361.jpg,,1634.0,1634.0,1.0,87.47596740722656,59.635040283203125,17.750022888183594,117.99524688720703,78.53707122802734,65.89556884765625
REFUGE2,test,T0362.jpg,,1634.0,1634.0,1.0,86.33535766601562,58.18855285644531,19.266633987426758,112.75414276123047,79.7578353881836,66.49407196044922
REFUGE2,test,T0363.jpg,,1634.0,1634.0,1.0,68.96463775634766,48.266971588134766,17.209564208984375,99.59732818603516,63.29561233520508,44.0009765625
REFUGE2,test,T0364.jpg,,1634.0,1634.0,1.0,86.7009048461914,58.94194412231445,24.123886108398438,118.43603515625,75.80704498291016,65.85963439941406
REFUGE2,test,T0365.jpg,,1634.0,1634.0,1.0,83.41910552978516,59.09984588623047,19.801496505737305,109.5965576171875,75.88036346435547,64.78042602539062
REFUGE2,test,T0366.jpg,,1634.0,1634.0,1.0,69.70807647705078,48.15772247314453,18.566280364990234,90.03935241699219,62.992218017578125,56.09267044067383
REFUGE2,test,T0367.jpg,,1634.0,1634.0,1.0,57.074989318847656,42.18107986450195,15.655050277709961,77.66952514648438,50.19856262207031,43.35688018798828
REFUGE2,test,T0368.jpg,,1634.0,1634.0,1.0,88.78396606445312,62.316497802734375,19.502574920654297,121.36632537841797,80.64167785644531,64.3438949584961
REFUGE2,test,T0369.jpg,,1634.0,1634.0,1.0,95.66869354248047,64.21259307861328,21.219154357910156,124.82189178466797,88.20222473144531,73.9819564819336
REFUGE2,test,T0370.jpg,,1634.0,1634.0,1.0,82.93474578857422,55.26430130004883,25.01272964477539,111.53466033935547,80.10285949707031,57.16670608520508
REFUGE2,test,T0371.jpg,,1634.0,1634.0,1.0,67.39661407470703,47.57246398925781,22.458206176757812,87.97631072998047,61.29485321044922,52.91865921020508
REFUGE2,test,T0372.jpg,,1634.0,1634.0,1.0,69.81661987304688,50.59402847290039,10.372702598571777,95.35912322998047,64.22321319580078,49.867523193359375
REFUGE2,test,T0373.jpg,,1634.0,1634.0,1.0,70.96794891357422,47.946502685546875,14.603196144104004,95.17866516113281,63.23870086669922,54.48646545410156
REFUGE2,test,T0374.jpg,,1634.0,1634.0,1.0,89.07841491699219,60.98942184448242,24.867427825927734,115.87151336669922,82.07792663574219,69.28579711914062
REFUGE2,test,T0375.jpg,,1634.0,1634.0,1.0,79.21470642089844,56.126224517822266,13.372312545776367,104.80583953857422,73.4972152709961,59.341033935546875
REFUGE2,test,T0376.jpg,,1634.0,1634.0,1.0,67.07080078125,47.725284576416016,12.156770706176758,95.32548522949219,59.57932662963867,46.30759048461914
REFUGE2,test,T0377.jpg,,1634.0,1634.0,1.0,75.50746154785156,53.35176086425781,15.695995330810547,100.50037384033203,67.5394058227539,58.48261642456055
REFUGE2,test,T0378.jpg,,1634.0,1634.0,1.0,83.64179229736328,58.65450668334961,17.29128646850586,114.52734375,74.93913269042969,61.45886993408203
REFUGE2,test,T0379.jpg,,1634.0,1634.0,1.0,83.43465423583984,57.815879821777344,15.940065383911133,113.4984359741211,75.1493911743164,61.65614700317383
REFUGE2,test,T0380.jpg,,1634.0,1634.0,1.0,75.03873443603516,52.84567642211914,15.806829452514648,112.28643798828125,64.822509765625,48.00724411010742
REFUGE2,test,T0381.jpg,,1634.0,1634.0,1.0,78.10418701171875,53.15279769897461,24.423961639404297,102.863525390625,69.53852844238281,61.9105224609375
REFUGE2,test,T0382.jpg,,1634.0,1634.0,1.0,87.28881072998047,59.35691452026367,23.97514533996582,112.33833312988281,79.96993255615234,69.55816650390625
REFUGE2,test,T0383.jpg,,1634.0,1634.0,1.0,73.6362075805664,50.741397857666016,14.3735990524292,105.50407409667969,65.49293518066406,49.91161346435547
REFUGE2,test,T0384.jpg,,1634.0,1634.0,1.0,71.18157196044922,49.692867279052734,16.62706184387207,98.37482452392578,63.83808135986328,51.331817626953125
REFUGE2,test,T0385.jpg,,1634.0,1634.0,1.0,100.39397430419922,66.38097381591797,29.6899471282959,130.67025756835938,93.8802490234375,76.63140106201172
REFUGE2,test,T0386.jpg,,1634.0,1634.0,1.0,69.95832824707031,48.64698028564453,14.638643264770508,92.85595703125,61.94270324707031,55.076324462890625
REFUGE2,test,T0387.jpg,,1634.0,1634.0,1.0,63.9565315246582,46.875675201416016,12.015053749084473,91.5693130493164,57.920047760009766,42.38024139404297
REFUGE2,test,T0388.jpg,,1634.0,1634.0,1.0,78.22306060791016,54.6693115234375,22.375205993652344,99.72074890136719,72.1310043334961,62.81743240356445
REFUGE2,test,T0389.jpg,,1634.0,1634.0,1.0,61.5173454284668,45.167903900146484,17.76034927368164,78.6916732788086,57.401126861572266,48.45923614501953
REFUGE2,test,T0390.jpg,,1634.0,1634.0,1.0,76.2409439086914,53.77744674682617,19.210182189941406,103.6855697631836,68.90825653076172,56.12902069091797
REFUGE2,test,T0391.jpg,,1634.0,1634.0,1.0,70.8113784790039,49.52306365966797,16.436782836914062,101.18634033203125,61.034400939941406,50.2133903503418
REFUGE2,test,T0392.jpg,,1634.0,1634.0,1.0,72.38890838623047,51.761653900146484,20.248062133789062,96.53263854980469,66.99275970458984,53.64132308959961
REFUGE2,test,T0393.jpg,,1634.0,1634.0,1.0,66.34628295898438,47.35254669189453,14.54595947265625,100.46605682373047,58.8829460144043,39.68985366821289
REFUGE2,test,T0394.jpg,,1634.0,1634.0,1.0,73.23255920410156,52.82296371459961,17.00273895263672,99.50294494628906,64.80919647216797,55.38554382324219
REFUGE2,test,T0395.jpg,,1634.0,1634.0,1.0,77.39642333984375,54.75563049316406,17.403785705566406,107.22225952148438,67.23515319824219,57.73185348510742
REFUGE2,test,T0396.jpg,,1634.0,1634.0,1.0,81.70989227294922,54.41980743408203,26.292648315429688,101.63482666015625,77.0822982788086,66.41256713867188
REFUGE2,test,T0397.jpg,,1634.0,1634.0,1.0,85.04631805419922,66.65361022949219,35.364070892333984,103.81685638427734,86.16041564941406,65.16169738769531
REFUGE2,test,T0398.jpg,,1634.0,1634.0,1.0,64.85303497314453,49.64708709716797,13.982131958007812,94.98450469970703,54.992061614990234,44.58254623413086
REFUGE2,test,T0399.jpg,,1634.0,1634.0,1.0,80.4967269897461,55.63787841796875,15.11535358428955,113.42279052734375,71.02423095703125,57.04317092895508
REFUGE2,test,T0400.jpg,,1634.0,1634.0,1.0,74.02538299560547,53.820404052734375,15.838258743286133,97.21757507324219,68.01660919189453,56.84196090698242
FUNDUS_SORTED,Train,036.jpg,1.0,3072.0,2048.0,1.5,63.32942199707031,43.80417251586914,6.040144920349121,108.41952514648438,60.721736907958984,20.847002029418945
FUNDUS_SORTED,Train,037.jpg,1.0,3072.0,2048.0,1.5,68.70819091796875,47.072845458984375,5.802099227905273,116.91851043701172,66.07462310791016,23.131460189819336
FUNDUS_SORTED,Train,041.jpg,1.0,3072.0,2048.0,1.5,75.04790496826172,50.28113555908203,5.966858386993408,106.01570892333984,77.56436920166016,41.563621520996094
FUNDUS_SORTED,Train,050.jpg,1.0,3072.0,2048.0,1.5,75.34807586669922,51.82427978515625,6.70416259765625,117.37734985351562,65.53720092773438,43.12965774536133
FUNDUS_SORTED,Train,069.jpg,1.0,3072.0,2048.0,1.5,65.49803924560547,49.36927032470703,2.8004865646362305,109.2132339477539,64.14042663574219,23.14042854309082
FUNDUS_SORTED,Train,072.jpg,1.0,3072.0,2048.0,1.5,90.49365234375,57.83507537841797,5.697232246398926,141.1904296875,90.3338623046875,39.95664596557617
FUNDUS_SORTED,Train,076.jpg,1.0,3072.0,2048.0,1.5,77.6274185180664,51.781864166259766,2.7425425052642822,126.77645111083984,78.69824981689453,27.40757179260254
FUNDUS_SORTED,Train,086.jpg,1.0,3072.0,2048.0,1.5,76.4542236328125,54.02400207519531,5.900406837463379,124.61804962158203,74.23548126220703,30.509130477905273
FUNDUS_SORTED,Train,087.jpg,1.0,3072.0,2048.0,1.5,77.69906616210938,51.6453857421875,6.320074081420898,121.9332046508789,78.05994415283203,33.104034423828125
FUNDUS_SORTED,Train,093.jpg,1.0,3072.0,2048.0,1.5,93.97199249267578,60.91563034057617,6.649726390838623,122.0589599609375,100.505859375,59.351165771484375
FUNDUS_SORTED,Train,094.jpg,1.0,3072.0,2048.0,1.5,91.25079345703125,58.7825813293457,6.630845069885254,121.0146484375,97.43155670166016,55.306182861328125
FUNDUS_SORTED,Train,097.jpg,1.0,3072.0,2048.0,1.5,63.88218307495117,46.47750473022461,6.181300163269043,93.4378890991211,58.709102630615234,39.499549865722656
FUNDUS_SORTED,Train,110.jpg,1.0,3072.0,2048.0,1.5,61.61798095703125,44.076690673828125,7.166736125946045,107.9124755859375,61.4416618347168,15.49979305267334
FUNDUS_SORTED,Train,116.jpg,1.0,3072.0,2048.0,1.5,73.23199462890625,51.93363571166992,3.921067476272583,122.14962005615234,70.85161590576172,26.694747924804688
FUNDUS_SORTED,Train,138.jpg,1.0,3072.0,2048.0,1.5,72.79500579833984,45.159236907958984,5.881960391998291,124.30230712890625,76.27851867675781,17.80419921875
FUNDUS_SORTED,Train,158.jpg,1.0,3072.0,2048.0,1.5,71.75798034667969,48.406463623046875,6.417502403259277,119.56673431396484,72.43639373779297,23.27080535888672
FUNDUS_SORTED,Train,159.jpg,1.0,3072.0,2048.0,1.5,68.95027923583984,47.06241226196289,6.348402500152588,115.77704620361328,69.54901123046875,21.5247802734375
FUNDUS_SORTED,Train,160.jpg,1.0,3072.0,2048.0,1.5,69.46634674072266,47.892234802246094,6.8847832679748535,115.20111083984375,69.96552276611328,23.232412338256836
FUNDUS_SORTED,Train,165.jpg,1.0,3072.0,2048.0,1.5,80.87458038330078,57.4629020690918,4.756731033325195,146.8229522705078,75.42605590820312,20.374746322631836
FUNDUS_SORTED,Train,168.jpg,1.0,3072.0,2048.0,1.5,90.6442642211914,63.0904541015625,6.230085372924805,138.42697143554688,88.39717864990234,45.10866165161133
FUNDUS_SORTED,Train,171.jpg,1.0,3072.0,2048.0,1.5,74.76648712158203,50.875736236572266,6.551143646240234,110.33643341064453,76.18572998046875,37.77729797363281
FUNDUS_SORTED,Train,180.jpg,1.0,3072.0,2048.0,1.5,98.16015625,64.38146209716797,5.093855857849121,157.4293670654297,95.27752685546875,41.773590087890625
FUNDUS_SORTED,Train,181.jpg,1.0,3072.0,2048.0,1.5,97.74188232421875,63.871498107910156,4.675774574279785,157.01568603515625,94.96269989013672,41.24726867675781
FUNDUS_SORTED,Train,182.jpg,1.0,3072.0,2048.0,1.5,93.8253402709961,61.11899185180664,4.673166751861572,153.60740661621094,90.08655548095703,37.78207015991211
FUNDUS_SORTED,Train,208.jpg,1.0,3072.0,2048.0,1.5,74.29154205322266,51.818111419677734,4.427030563354492,120.6131591796875,70.66194915771484,31.59950828552246
FUNDUS_SORTED,Train,213.jpg,1.0,3072.0,2048.0,1.5,78.54837036132812,51.04138946533203,5.557433605194092,132.1498565673828,78.5327377319336,24.96251106262207
FUNDUS_SORTED,Train,225.jpg,1.0,3072.0,2048.0,1.5,94.61138916015625,64.54959106445312,5.59731912612915,139.69644165039062,85.97992706298828,58.157806396484375
FUNDUS_SORTED,Train,228.jpg,1.0,3072.0,2048.0,1.5,68.66826629638672,49.0733757019043,7.083189964294434,114.72329711914062,68.00640106201172,23.275114059448242
FUNDUS_SORTED,Train,229.jpg,1.0,3072.0,2048.0,1.5,66.16547393798828,46.49055480957031,6.822841167449951,113.08221435546875,64.41653442382812,20.99767303466797
FUNDUS_SORTED,Train,233.jpg,1.0,3072.0,2048.0,1.5,34.58650207519531,27.056447982788086,7.3876118659973145,56.144474029541016,34.7146110534668,12.900416374206543
FUNDUS_SORTED,Train,240.jpg,1.0,3072.0,2048.0,1.5,62.419132232666016,48.47368621826172,2.907118320465088,104.8735580444336,52.31080627441406,30.07305335998535
FUNDUS_SORTED,Train,241.jpg,1.0,3072.0,2048.0,1.5,92.55912017822266,63.88787078857422,6.609102249145508,131.35960388183594,95.4649658203125,50.852813720703125
FUNDUS_SORTED,Train,245.jpg,1.0,3072.0,2048.0,1.5,65.6302261352539,50.666038513183594,6.259250164031982,105.3139419555664,66.7139892578125,24.862747192382812
FUNDUS_SORTED,Train,246.jpg,1.0,3072.0,2048.0,1.5,60.6002082824707,43.98126220703125,6.215982437133789,100.20980834960938,61.72050857543945,19.870309829711914
FUNDUS_SORTED,Train,247.jpg,1.0,3072.0,2048.0,1.5,61.28701400756836,40.62394332885742,2.774031639099121,119.23983764648438,55.775211334228516,8.845986366271973
FUNDUS_SORTED,Train,269.jpg,1.0,3072.0,2048.0,1.5,81.899169921875,56.62944030761719,7.967687129974365,120.32335662841797,79.60845184326172,45.76570510864258
FUNDUS_SORTED,Train,270.jpg,1.0,3072.0,2048.0,1.5,78.26675415039062,53.73039627075195,7.8929338455200195,117.93499755859375,75.40563201904297,41.459625244140625
FUNDUS_SORTED,Train,273.jpg,1.0,3072.0,2048.0,1.5,75.18685913085938,52.52783203125,6.250433921813965,129.54469299316406,61.43355178833008,34.58232116699219
FUNDUS_SORTED,Train,277.jpg,1.0,3072.0,2048.0,1.5,76.01741790771484,52.37089920043945,3.5532140731811523,115.76470947265625,75.93016815185547,36.357391357421875
FUNDUS_SORTED,Train,278.jpg,1.0,3072.0,2048.0,1.5,75.26123046875,51.051910400390625,3.2598679065704346,115.2919692993164,76.72225189208984,33.76945877075195
FUNDUS_SORTED,Train,283.jpg,1.0,3072.0,2048.0,1.5,72.55878448486328,52.88785171508789,4.105554580688477,115.60303497314453,61.45183181762695,40.62148666381836
FUNDUS_SORTED,Train,284.jpg,1.0,3072.0,2048.0,1.5,81.5370864868164,58.35041809082031,2.9058425426483154,127.62621307373047,68.98004150390625,48.0049934387207
FUNDUS_SORTED,Train,285.jpg,1.0,3072.0,2048.0,1.5,74.32904052734375,45.83821487426758,2.673954486846924,119.1125259399414,75.29742431640625,28.577163696289062
FUNDUS_SORTED,Train,286.jpg,1.0,3072.0,2048.0,1.5,75.54303741455078,46.99247741699219,2.841273784637451,119.56571197509766,76.87187957763672,30.191530227661133
FUNDUS_SORTED,Train,289.jpg,1.0,3072.0,2048.0,1.5,57.99910354614258,43.78480529785156,8.640697479248047,97.61156463623047,52.01274490356445,24.37300682067871
FUNDUS_SORTED,Train,293.jpg,1.0,3072.0,2048.0,1.5,72.83230590820312,51.83378219604492,8.092893600463867,106.12203216552734,74.10125732421875,38.27363586425781
FUNDUS_SORTED,Train,294.jpg,1.0,3072.0,2048.0,1.5,80.48307037353516,53.24275588989258,6.78241491317749,112.14701080322266,83.130615234375,46.17159652709961
FUNDUS_SORTED,Train,300.jpg,1.0,3072.0,2048.0,1.5,82.67507934570312,55.392173767089844,5.84316873550415,135.5494384765625,82.7057113647461,29.77010154724121
FUNDUS_SORTED,Train,301.jpg,1.0,3072.0,2048.0,1.5,82.00623321533203,54.9290771484375,5.458135604858398,136.7663116455078,82.09274291992188,27.159643173217773
FUNDUS_SORTED,Train,304.jpg,1.0,3072.0,2048.0,1.5,80.39141845703125,53.09092712402344,2.543769359588623,101.45938110351562,85.95174407958984,53.763126373291016
FUNDUS_SORTED,Train,305.jpg,1.0,3072.0,2048.0,1.5,80.22476959228516,53.44769287109375,5.6768798828125,120.58785247802734,78.12309265136719,41.96335220336914
FUNDUS_SORTED,Train,306.jpg,1.0,3072.0,2048.0,1.5,82.379638671875,57.52676773071289,6.117715835571289,122.50189208984375,79.67496490478516,44.96205520629883
FUNDUS_SORTED,Train,312.jpg,1.0,3072.0,2048.0,1.5,68.10552978515625,44.157127380371094,6.853655815124512,121.95532989501953,67.8786849975586,14.48256778717041
FUNDUS_SORTED,Train,317.jpg,1.0,3072.0,2048.0,1.5,70.0940170288086,48.98036575317383,5.8812360763549805,126.43131256103516,75.31192779541016,8.538820266723633
FUNDUS_SORTED,Train,322.jpg,1.0,3072.0,2048.0,1.5,72.3288803100586,47.15911102294922,2.6925601959228516,117.78328704833984,75.72205352783203,23.48128318786621
FUNDUS_SORTED,Train,327.jpg,1.0,3072.0,2048.0,1.5,58.21525955200195,50.065162658691406,11.59564208984375,92.64614868164062,47.892852783203125,34.106781005859375
FUNDUS_SORTED,Train,330.jpg,1.0,3072.0,2048.0,1.5,66.7153549194336,47.40622329711914,7.844475746154785,105.37186431884766,70.00194549560547,24.772247314453125
FUNDUS_SORTED,Train,336.jpg,1.0,3072.0,2048.0,1.5,60.67903518676758,44.9580192565918,3.678173780441284,93.2998275756836,52.31314468383789,36.42413330078125
FUNDUS_SORTED,Train,337.jpg,1.0,3072.0,2048.0,1.5,90.3465347290039,61.303829193115234,2.7096505165100098,121.6596908569336,84.33531951904297,65.0445785522461
FUNDUS_SORTED,Train,340.jpg,1.0,3072.0,2048.0,1.5,80.870361328125,54.25328826904297,5.594734191894531,119.04788970947266,72.93021392822266,50.63298034667969
FUNDUS_SORTED,Train,345.jpg,1.0,3072.0,2048.0,1.5,71.4485092163086,57.10149383544922,21.872920989990234,97.03021240234375,70.35620880126953,46.9591064453125
FUNDUS_SORTED,Train,348.jpg,1.0,3072.0,2048.0,1.5,73.21465301513672,50.98652648925781,2.561652421951294,130.15956115722656,68.38585662841797,21.0985107421875
FUNDUS_SORTED,Train,349.jpg,1.0,3072.0,2048.0,1.5,75.62085723876953,48.762969970703125,2.4656057357788086,126.72613525390625,76.13479614257812,24.00165367126465
FUNDUS_SORTED,Train,353.jpg,1.0,3072.0,2048.0,1.5,71.97309112548828,49.172584533691406,3.086225986480713,109.60453033447266,73.77529907226562,32.539451599121094
FUNDUS_SORTED,Train,354.jpg,1.0,3072.0,2048.0,1.5,68.02664947509766,48.12397766113281,3.495938539505005,103.51953125,68.89019775390625,31.67023468017578
FUNDUS_SORTED,Train,359.jpg,1.0,3085.0,2048.0,1.50634765625,78.16187286376953,60.66329574584961,9.633185386657715,119.24099731445312,80.15425109863281,35.09037780761719
FUNDUS_SORTED,Train,362.jpg,1.0,3072.0,2048.0,1.5,60.3901481628418,42.66556930541992,3.0223264694213867,103.02218627929688,64.30622100830078,13.842048645019531
FUNDUS_SORTED,Train,366.jpg,1.0,3072.0,2048.0,1.5,57.24057388305664,48.38606262207031,3.8858699798583984,87.32650756835938,56.86952209472656,27.52569580078125
FUNDUS_SORTED,Train,377.jpg,1.0,3072.0,2048.0,1.5,78.57865905761719,57.572505950927734,2.710158348083496,140.1372528076172,75.12151336669922,20.477195739746094
FUNDUS_SORTED,Train,381.jpg,1.0,3072.0,2048.0,1.5,72.38815307617188,50.73333740234375,4.431175231933594,108.59903717041016,70.63165283203125,37.93375778198242
FUNDUS_SORTED,Train,382.jpg,1.0,3072.0,2048.0,1.5,73.66346740722656,52.008026123046875,4.820686340332031,108.54278564453125,72.71179962158203,39.7358283996582
FUNDUS_SORTED,Train,383.jpg,1.0,3072.0,2048.0,1.5,80.53978729248047,54.829463958740234,6.7073163986206055,128.87957763671875,78.88165283203125,33.85811233520508
FUNDUS_SORTED,Train,385.jpg,1.0,3072.0,2048.0,1.5,72.54183197021484,46.24443435668945,3.0175046920776367,114.52776336669922,79.56775665283203,23.52996826171875
FUNDUS_SORTED,Train,386.jpg,1.0,3072.0,2048.0,1.5,68.45188903808594,44.976470947265625,2.922710657119751,109.5344009399414,75.63053131103516,20.19074249267578
FUNDUS_SORTED,Train,389.jpg,1.0,3072.0,2048.0,1.5,75.64488983154297,60.58146286010742,24.120925903320312,111.1998519897461,74.2357177734375,41.499122619628906
FUNDUS_SORTED,Train,390.jpg,1.0,3072.0,2048.0,1.5,73.4638442993164,58.827430725097656,18.977733612060547,109.38045501708984,71.76697540283203,39.24409103393555
FUNDUS_SORTED,Train,395.jpg,1.0,3072.0,2048.0,1.5,65.8907699584961,46.670597076416016,7.107583522796631,108.69387817382812,65.4052963256836,23.573137283325195
FUNDUS_SORTED,Train,398.jpg,1.0,3072.0,2048.0,1.5,65.08382415771484,43.72726058959961,6.10982608795166,101.00778198242188,67.72364044189453,26.52004051208496
FUNDUS_SORTED,Train,402.jpg,1.0,3072.0,2048.0,1.5,68.12471771240234,48.493324279785156,3.3424813747406006,102.59017181396484,61.95005798339844,39.833919525146484
FUNDUS_SORTED,Train,407.jpg,1.0,3072.0,2048.0,1.5,67.6805648803711,46.43401336669922,7.337710857391357,112.5831069946289,65.65902709960938,24.799551010131836
FUNDUS_SORTED,Train,419.jpg,1.0,3072.0,2048.0,1.5,86.87567138671875,61.84000778198242,3.072305679321289,131.9516143798828,86.78128814697266,41.894100189208984
FUNDUS_SORTED,Train,424.jpg,1.0,3072.0,2048.0,1.5,71.3563003540039,48.49980163574219,6.40057373046875,115.06558990478516,72.79070281982422,26.212617874145508
FUNDUS_SORTED,Train,426.jpg,1.0,3072.0,2048.0,1.5,70.28548431396484,50.0114631652832,6.1278076171875,121.41655731201172,57.894893646240234,31.545011520385742
FUNDUS_SORTED,Train,429.jpg,1.0,3072.0,2048.0,1.5,79.83209228515625,54.92697525024414,7.4300150871276855,127.18771362304688,79.18628692626953,33.12228012084961
FUNDUS_SORTED,Train,432.jpg,1.0,3072.0,2048.0,1.5,69.73519897460938,48.076358795166016,5.832232475280762,100.14864349365234,76.16680145263672,32.89015197753906
FUNDUS_SORTED,Train,433.jpg,1.0,3072.0,2048.0,1.5,57.3978385925293,41.826499938964844,6.577847480773926,81.95771026611328,61.72206497192383,28.513717651367188
FUNDUS_SORTED,Train,439.jpg,1.0,3072.0,2048.0,1.5,80.09122467041016,58.41794204711914,3.0417165756225586,113.68124389648438,86.33309173583984,40.25936508178711
FUNDUS_SORTED,Train,440.jpg,1.0,3072.0,2048.0,1.5,60.01243209838867,39.72626495361328,4.282689094543457,100.3817367553711,53.51851272583008,26.137041091918945
FUNDUS_SORTED,Train,441.jpg,1.0,3072.0,2048.0,1.5,58.664459228515625,39.22306823730469,4.105590343475342,99.21289825439453,51.88482666015625,24.895647048950195
FUNDUS_SORTED,Train,442.jpg,1.0,3072.0,2048.0,1.5,70.66878509521484,46.25300216674805,2.8374176025390625,119.69925689697266,68.4704818725586,23.836624145507812
FUNDUS_SORTED,Train,457.jpg,1.0,3072.0,2048.0,1.5,62.386322021484375,43.6199951171875,7.563544273376465,110.825439453125,56.81840515136719,19.515108108520508
FUNDUS_SORTED,Train,458.jpg,1.0,3072.0,2048.0,1.5,67.31098175048828,47.70023727416992,7.430702209472656,118.38439178466797,62.617862701416016,20.930681228637695
FUNDUS_SORTED,Train,465.jpg,1.0,3072.0,2048.0,1.5,65.96990203857422,46.20161437988281,3.1709213256835938,115.2259750366211,65.66394805908203,17.019773483276367
FUNDUS_SORTED,Train,468.jpg,1.0,3072.0,2048.0,1.5,71.85445404052734,50.96149826049805,2.729379177093506,113.19934844970703,64.12287139892578,38.24113845825195
FUNDUS_SORTED,Train,474.jpg,1.0,3072.0,2048.0,1.5,77.77506256103516,54.964744567871094,2.9206323623657227,120.93194580078125,74.8302230834961,37.56301498413086
FUNDUS_SORTED,Train,480.jpg,1.0,3072.0,2048.0,1.5,74.59384155273438,51.41056442260742,3.924718141555786,126.18965911865234,68.31334686279297,29.27850341796875
FUNDUS_SORTED,Train,486.jpg,1.0,3072.0,2048.0,1.5,71.1605224609375,46.54897689819336,6.068084239959717,99.90814971923828,70.28863525390625,43.284793853759766
FUNDUS_SORTED,Train,490.jpg,1.0,3072.0,2048.0,1.5,73.63187408447266,50.198123931884766,2.7665679454803467,109.2494125366211,76.94086456298828,34.70534133911133
FUNDUS_SORTED,Train,496.jpg,1.0,3072.0,2048.0,1.5,59.77406692504883,51.137107849121094,2.356071710586548,98.3716049194336,55.5234375,25.42716407775879
FUNDUS_SORTED,Train,505.jpg,1.0,3072.0,2048.0,1.5,63.389713287353516,44.8151741027832,3.097076416015625,106.1745376586914,66.05310821533203,17.941492080688477
FUNDUS_SORTED,Train,506.jpg,1.0,3072.0,2048.0,1.5,63.62406539916992,43.08586883544922,2.639458656311035,110.66889190673828,57.86906051635742,22.3342227935791
FUNDUS_SORTED,Train,507.jpg,1.0,3072.0,2048.0,1.5,66.90108489990234,47.31892013549805,2.588362455368042,111.28814697265625,64.53939056396484,24.87569236755371
FUNDUS_SORTED,Train,508.jpg,1.0,3072.0,2048.0,1.5,77.89884185791016,48.1200065612793,2.6897950172424316,119.87288665771484,86.0699462890625,27.753707885742188
FUNDUS_SORTED,Train,511.jpg,1.0,3072.0,2048.0,1.5,76.19281005859375,50.88457107543945,6.538653373718262,139.6116943359375,68.3456802368164,20.62104606628418
FUNDUS_SORTED,Train,512.jpg,1.0,3072.0,2048.0,1.5,70.85404205322266,48.64987564086914,2.5221409797668457,113.7072525024414,61.88188171386719,36.97298812866211
FUNDUS_SORTED,Train,514.jpg,1.0,3072.0,2048.0,1.5,76.31352996826172,52.77764129638672,3.4279441833496094,122.09232330322266,73.30438232421875,33.543888092041016
FUNDUS_SORTED,Train,515.jpg,1.0,3072.0,2048.0,1.5,76.39276123046875,50.95271682739258,3.0714826583862305,128.6580352783203,74.05612182617188,26.464126586914062
FUNDUS_SORTED,Train,516.jpg,1.0,3072.0,2048.0,1.5,77.5389633178711,51.01719284057617,2.958950996398926,125.26061248779297,75.78836822509766,31.567903518676758
FUNDUS_SORTED,Train,519.jpg,1.0,3072.0,2048.0,1.5,65.61656951904297,45.14316940307617,2.9517312049865723,107.57495880126953,68.37165069580078,20.903074264526367
FUNDUS_SORTED,Train,523.jpg,1.0,3072.0,2048.0,1.5,84.4251708984375,57.93756103515625,2.5120339393615723,120.2298583984375,89.1213150024414,43.92433547973633
FUNDUS_SORTED,Train,524.jpg,1.0,3072.0,2048.0,1.5,74.86238861083984,52.8556022644043,2.821500301361084,114.0534896850586,77.98902130126953,32.5446662902832
FUNDUS_SORTED,Train,528.jpg,1.0,3072.0,2048.0,1.5,70.23326873779297,46.692604064941406,2.4768927097320557,112.569580078125,60.36824417114258,37.76199722290039
FUNDUS_SORTED,Train,532.jpg,1.0,3072.0,2048.0,1.5,78.99864959716797,54.63874435424805,2.4915947914123535,113.2752685546875,83.47403717041016,40.24663162231445
FUNDUS_SORTED,Train,533.jpg,1.0,3072.0,2048.0,1.5,60.835235595703125,47.23712921142578,3.0833070278167725,98.6810531616211,62.91814041137695,20.906511306762695
FUNDUS_SORTED,Train,545.jpg,1.0,3072.0,2048.0,1.5,48.314388275146484,35.254764556884766,3.96014404296875,80.89126586914062,48.7380485534668,15.3138427734375
FUNDUS_SORTED,Train,549.jpg,1.0,3072.0,2048.0,1.5,66.53058624267578,47.54105758666992,3.829318046569824,108.4931411743164,65.14281463623047,25.95578956604004
FUNDUS_SORTED,Train,550.jpg,1.0,3072.0,2048.0,1.5,67.7308578491211,48.38242721557617,3.9798974990844727,110.67831420898438,66.90057373046875,25.613672256469727
FUNDUS_SORTED,Train,556.jpg,1.0,3072.0,2048.0,1.5,60.212493896484375,42.837093353271484,7.6974029541015625,104.50289916992188,57.4637451171875,18.670827865600586
FUNDUS_SORTED,Train,557.jpg,1.0,3072.0,2048.0,1.5,63.58878707885742,43.35929489135742,6.884326934814453,118.87506866455078,58.94877624511719,12.94250774383545
FUNDUS_SORTED,Train,558.jpg,1.0,3072.0,2048.0,1.5,65.17923736572266,44.70517349243164,7.01915168762207,120.90888214111328,61.2380256652832,13.390811920166016
FUNDUS_SORTED,Train,560.jpg,1.0,3072.0,2048.0,1.5,71.55399322509766,48.500667572021484,3.54365611076355,110.01290130615234,72.01019287109375,32.63888931274414
FUNDUS_SORTED,Train,571.jpg,1.0,3072.0,2048.0,1.5,72.66557312011719,48.09620666503906,3.183603048324585,119.93585205078125,72.20536804199219,25.855493545532227
FUNDUS_SORTED,Train,572.jpg,1.0,3072.0,2048.0,1.5,70.55792236328125,45.23614501953125,3.101937770843506,119.74502563476562,69.84318542480469,22.08555030822754
FUNDUS_SORTED,Train,578.jpg,1.0,3072.0,2048.0,1.5,72.2006607055664,50.664676666259766,2.8484601974487305,134.37901306152344,65.48504638671875,16.737945556640625
FUNDUS_SORTED,Train,580.jpg,1.0,3072.0,2048.0,1.5,76.08491516113281,52.393714904785156,3.223414897918701,133.74290466308594,70.55602264404297,23.9558162689209
FUNDUS_SORTED,Train,582.jpg,1.0,3072.0,2048.0,1.5,91.67513275146484,73.77749633789062,3.0318949222564697,132.9554901123047,94.47798919677734,47.5919075012207
FUNDUS_SORTED,Train,584.jpg,1.0,3072.0,2048.0,1.5,67.96894073486328,52.65606689453125,2.373854160308838,114.89041900634766,59.99776840209961,29.01863670349121
FUNDUS_SORTED,Train,586.jpg,1.0,3072.0,2048.0,1.5,61.87223434448242,44.39971160888672,3.614849090576172,95.10418701171875,63.69797897338867,26.81453514099121
FUNDUS_SORTED,Train,588.jpg,1.0,3072.0,2048.0,1.5,71.3304443359375,50.03006362915039,3.860459327697754,104.9477767944336,68.86650848388672,40.17704772949219
FUNDUS_SORTED,Train,589.jpg,1.0,3072.0,2048.0,1.5,81.17452239990234,54.746177673339844,2.634394645690918,115.06745147705078,83.78816986083984,44.66792678833008
FUNDUS_SORTED,Train,591.jpg,1.0,3072.0,2048.0,1.5,55.1568717956543,41.17219543457031,3.6688575744628906,91.65573120117188,54.4027214050293,19.41216278076172
FUNDUS_SORTED,Train,592.jpg,1.0,3072.0,2048.0,1.5,64.58362579345703,45.89361572265625,4.244843482971191,98.6480712890625,62.18980407714844,32.91300582885742
FUNDUS_SORTED,Train,593.jpg,1.0,3072.0,2048.0,1.5,68.58258819580078,48.83730697631836,4.1161932945251465,100.3898696899414,66.6333999633789,38.72450637817383
FUNDUS_SORTED,Train,595.jpg,1.0,3072.0,2048.0,1.5,57.7443962097168,42.29905319213867,2.8490374088287354,86.77779388427734,54.29095458984375,32.164432525634766
FUNDUS_SORTED,Train,001.jpg,0.0,3072.0,2048.0,1.5,78.65865325927734,52.389366149902344,6.520662307739258,121.0023422241211,76.9025650024414,38.07106018066406
FUNDUS_SORTED,Train,002.jpg,0.0,3072.0,2048.0,1.5,80.64168548583984,56.80195617675781,6.879507064819336,118.5898666381836,80.3318099975586,43.0034065246582
FUNDUS_SORTED,Train,003.jpg,0.0,3072.0,2048.0,1.5,95.1597671508789,64.48834228515625,5.086149215698242,145.92916870117188,94.1998519897461,45.35029602050781
FUNDUS_SORTED,Train,004.jpg,0.0,3072.0,2048.0,1.5,68.97589874267578,45.846981048583984,8.737773895263672,105.72086334228516,64.61262512207031,36.59422302246094
FUNDUS_SORTED,Train,005.jpg,0.0,3072.0,2048.0,1.5,68.31739044189453,47.17945098876953,8.430769920349121,100.6537094116211,64.7809066772461,39.51755905151367
FUNDUS_SORTED,Train,006.jpg,0.0,3072.0,2048.0,1.5,78.12966918945312,51.4504280090332,5.566888809204102,133.2604217529297,75.61981964111328,25.508773803710938
FUNDUS_SORTED,Train,007.jpg,0.0,3072.0,2048.0,1.5,72.16303253173828,50.111907958984375,6.305881023406982,119.63980102539062,74.26578521728516,22.58350944519043
FUNDUS_SORTED,Train,008.jpg,0.0,3072.0,2048.0,1.5,70.70248413085938,48.77607727050781,5.070986270904541,106.42252349853516,68.1757583618164,37.50918960571289
FUNDUS_SORTED,Train,009.jpg,0.0,3072.0,2048.0,1.5,70.64598083496094,49.65654754638672,4.184988498687744,112.19131469726562,69.31818389892578,30.428451538085938
FUNDUS_SORTED,Train,010.jpg,0.0,3072.0,2048.0,1.5,64.09522247314453,43.59209060668945,7.1108317375183105,104.57501983642578,62.01459884643555,25.696044921875
FUNDUS_SORTED,Train,011.jpg,0.0,3072.0,2048.0,1.5,56.44087600708008,37.09355926513672,7.89225435256958,101.0490493774414,52.99020004272461,15.283378601074219
FUNDUS_SORTED,Train,012.jpg,0.0,3072.0,2048.0,1.5,70.64603424072266,48.38795471191406,3.78767991065979,105.67684936523438,69.93610382080078,36.32516098022461
FUNDUS_SORTED,Train,013.jpg,0.0,3072.0,2048.0,1.5,72.77836608886719,50.97739028930664,3.450404167175293,106.23178100585938,72.88957977294922,39.21373748779297
FUNDUS_SORTED,Train,014.jpg,0.0,3072.0,2048.0,1.5,76.04328155517578,51.91889953613281,8.369651794433594,113.88214874267578,78.8338394165039,35.413883209228516
FUNDUS_SORTED,Train,015.jpg,0.0,3072.0,2048.0,1.5,79.21253204345703,55.45952224731445,8.748467445373535,112.19976806640625,75.48448944091797,49.953338623046875
FUNDUS_SORTED,Train,016.jpg,0.0,3072.0,2048.0,1.5,70.47381591796875,48.22407531738281,7.553198337554932,112.59761810302734,64.26363372802734,34.560184478759766
FUNDUS_SORTED,Train,017.jpg,0.0,3072.0,2048.0,1.5,74.31632232666016,52.06360626220703,7.200002670288086,106.54373931884766,71.56281280517578,44.8424186706543
FUNDUS_SORTED,Train,018.jpg,0.0,3072.0,2048.0,1.5,59.231693267822266,38.032779693603516,8.225640296936035,88.69832611083984,56.648468017578125,32.34830093383789
FUNDUS_SORTED,Train,019.jpg,0.0,3072.0,2048.0,1.5,76.47583770751953,51.170654296875,6.303171157836914,125.13324737548828,74.6568832397461,29.63739013671875
FUNDUS_SORTED,Train,020.jpg,0.0,3072.0,2048.0,1.5,83.5290756225586,55.703086853027344,6.500582218170166,125.9275894165039,82.31194305419922,42.34768295288086
FUNDUS_SORTED,Train,021.jpg,0.0,3072.0,2048.0,1.5,67.95136260986328,46.613651275634766,6.008940696716309,118.57019805908203,68.84102630615234,16.442874908447266
FUNDUS_SORTED,Train,022.jpg,0.0,3072.0,2048.0,1.5,72.96121978759766,51.751949310302734,6.310428142547607,112.7463150024414,73.36136627197266,32.77598190307617
FUNDUS_SORTED,Train,023.jpg,0.0,3072.0,2048.0,1.5,72.57393646240234,52.815277099609375,6.394204139709473,110.16525268554688,73.51126098632812,34.045284271240234
FUNDUS_SORTED,Train,024.jpg,0.0,3072.0,2048.0,1.5,84.05553436279297,59.332862854003906,7.1609344482421875,128.1219024658203,84.82573699951172,39.21895217895508
FUNDUS_SORTED,Train,025.jpg,0.0,3072.0,2048.0,1.5,80.98934936523438,49.14739990234375,6.515417098999023,140.44044494628906,71.66376495361328,30.863840103149414
FUNDUS_SORTED,Train,026.jpg,0.0,3072.0,2048.0,1.5,70.91216278076172,48.495304107666016,5.793585300445557,111.5901870727539,72.00113677978516,29.1451358795166
FUNDUS_SORTED,Train,027.jpg,0.0,3072.0,2048.0,1.5,73.79540252685547,49.23019027709961,5.925323963165283,115.339111328125,76.03519439697266,30.01188087463379
FUNDUS_SORTED,Train,028.jpg,0.0,3072.0,2048.0,1.5,78.9436264038086,55.076690673828125,6.841675758361816,115.93350982666016,78.23030853271484,42.66706848144531
FUNDUS_SORTED,Train,029.jpg,0.0,3072.0,2048.0,1.5,72.23912811279297,50.29695129394531,6.329397201538086,105.0031967163086,72.6048812866211,39.109310150146484
FUNDUS_SORTED,Train,030.jpg,0.0,3072.0,2048.0,1.5,73.1806869506836,52.4591178894043,6.036767959594727,107.19189453125,73.20840454101562,39.14175033569336
FUNDUS_SORTED,Train,031.jpg,0.0,3072.0,2048.0,1.5,92.71639251708984,65.19778442382812,2.95712947845459,142.33506774902344,91.9063491821289,43.90774917602539
FUNDUS_SORTED,Train,032.jpg,0.0,3072.0,2048.0,1.5,72.7994384765625,51.639591217041016,7.235683917999268,109.61870574951172,74.23566436767578,34.54396057128906
FUNDUS_SORTED,Train,033.jpg,0.0,3072.0,2048.0,1.5,80.40924835205078,54.31725311279297,7.845644474029541,131.3969268798828,75.43685150146484,34.39394760131836
FUNDUS_SORTED,Train,034.jpg,0.0,3072.0,2048.0,1.5,75.50836181640625,52.86854553222656,6.377082824707031,113.08587646484375,77.05278778076172,36.38642501831055
FUNDUS_SORTED,Train,035.jpg,0.0,3072.0,2048.0,1.5,59.56050491333008,42.1619873046875,6.280896186828613,102.35620880126953,59.57413864135742,16.75117301940918
FUNDUS_SORTED,Train,038.jpg,0.0,3072.0,2048.0,1.5,67.47672271728516,46.1497688293457,6.435877799987793,115.63333129882812,66.04879760742188,20.74803352355957
FUNDUS_SORTED,Train,039.jpg,0.0,3072.0,2048.0,1.5,80.75760650634766,54.224754333496094,6.617508888244629,119.69552612304688,79.0614242553711,43.515865325927734
FUNDUS_SORTED,Train,040.jpg,0.0,3072.0,2048.0,1.5,71.90042114257812,49.04232406616211,7.012090682983398,106.5143051147461,74.1944351196289,34.99253463745117
FUNDUS_SORTED,Train,042.jpg,0.0,3072.0,2048.0,1.5,78.07398986816406,51.233924865722656,6.146113395690918,124.5165023803711,81.52300262451172,28.182464599609375
FUNDUS_SORTED,Train,043.jpg,0.0,3072.0,2048.0,1.5,78.6414566040039,51.279781341552734,6.957076072692871,125.7881851196289,78.6830825805664,31.453109741210938
FUNDUS_SORTED,Train,044.jpg,0.0,3072.0,2048.0,1.5,72.96868896484375,50.048797607421875,6.956359386444092,114.67730712890625,72.09222412109375,32.136539459228516
FUNDUS_SORTED,Train,045.jpg,0.0,3072.0,2048.0,1.5,77.85133361816406,54.504817962646484,6.471780776977539,113.08975982666016,79.69629669189453,40.767948150634766
FUNDUS_SORTED,Train,046.jpg,0.0,3072.0,2048.0,1.5,80.51224517822266,55.92582702636719,6.7835235595703125,120.94406127929688,80.45281982421875,40.139869689941406
FUNDUS_SORTED,Train,047.jpg,0.0,3072.0,2048.0,1.5,61.87419128417969,42.1822395324707,7.914742469787598,94.78809356689453,58.45170211791992,32.382789611816406
FUNDUS_SORTED,Train,048.jpg,0.0,3072.0,2048.0,1.5,52.13276290893555,39.955322265625,8.609734535217285,78.70380401611328,49.969818115234375,27.724655151367188
FUNDUS_SORTED,Train,049.jpg,0.0,3072.0,2048.0,1.5,65.8711929321289,46.52802658081055,3.3857998847961426,103.1063461303711,65.22669219970703,29.28055763244629
FUNDUS_SORTED,Train,051.jpg,0.0,3072.0,2048.0,1.5,75.69284057617188,52.443084716796875,7.015599250793457,117.7445068359375,65.61624145507812,43.7177848815918
FUNDUS_SORTED,Train,052.jpg,0.0,3072.0,2048.0,1.5,69.90524291992188,48.7674674987793,6.753238677978516,109.33917236328125,60.717952728271484,39.65860366821289
FUNDUS_SORTED,Train,053.jpg,0.0,3072.0,2048.0,1.5,77.94794464111328,55.040584564208984,7.613808631896973,117.4040298461914,77.8288803100586,38.61091995239258
FUNDUS_SORTED,Train,054.jpg,0.0,3072.0,2048.0,1.5,77.51957702636719,54.572349548339844,6.672693252563477,114.40951538085938,79.05228424072266,39.09693908691406
FUNDUS_SORTED,Train,055.jpg,0.0,3072.0,2048.0,1.5,66.97088623046875,46.131717681884766,3.2927603721618652,106.45699310302734,67.81991577148438,26.635740280151367
FUNDUS_SORTED,Train,056.jpg,0.0,3072.0,2048.0,1.5,65.67121124267578,45.73391342163086,3.4633402824401855,106.41647338867188,64.7412109375,25.855966567993164
FUNDUS_SORTED,Train,057.jpg,0.0,3072.0,2048.0,1.5,63.67494583129883,45.986412048339844,9.20892333984375,105.11004638671875,60.22372817993164,25.69108009338379
FUNDUS_SORTED,Train,058.jpg,0.0,3072.0,2048.0,1.5,65.09517669677734,47.06772232055664,7.633283615112305,105.20700073242188,61.93007278442383,28.1484375
FUNDUS_SORTED,Train,059.jpg,0.0,3072.0,2048.0,1.5,69.09003448486328,47.19514465332031,3.610483169555664,112.82100677490234,69.84835052490234,24.600744247436523
FUNDUS_SORTED,Train,060.jpg,0.0,3072.0,2048.0,1.5,66.29126739501953,44.9050178527832,4.12218713760376,109.544189453125,66.66101837158203,22.668588638305664
FUNDUS_SORTED,Train,061.jpg,0.0,3072.0,2048.0,1.5,69.47159576416016,49.637107849121094,6.868203163146973,112.5439453125,67.46434783935547,28.4064998626709
FUNDUS_SORTED,Train,062.jpg,0.0,3072.0,2048.0,1.5,67.82431030273438,46.847801208496094,6.967643737792969,112.01888275146484,65.43587493896484,26.018186569213867
FUNDUS_SORTED,Train,063.jpg,0.0,3072.0,2048.0,1.5,61.53267288208008,43.48116683959961,8.480682373046875,100.3981704711914,59.676570892333984,24.523283004760742
FUNDUS_SORTED,Train,064.jpg,0.0,3072.0,2048.0,1.5,68.89305877685547,49.62268829345703,8.235380172729492,106.23797607421875,64.85285949707031,35.58832550048828
FUNDUS_SORTED,Train,065.jpg,0.0,3072.0,2048.0,1.5,62.123016357421875,44.198604583740234,8.298667907714844,101.92181396484375,56.17985153198242,28.26738929748535
FUNDUS_SORTED,Train,066.jpg,0.0,3072.0,2048.0,1.5,64.19619750976562,45.21074676513672,3.529787063598633,93.8265380859375,65.32762908935547,33.43443298339844
FUNDUS_SORTED,Train,067.jpg,0.0,3072.0,2048.0,1.5,63.64265441894531,45.164920806884766,3.9950647354125977,91.5762939453125,65.4146499633789,33.937007904052734
FUNDUS_SORTED,Train,068.jpg,0.0,3072.0,2048.0,1.5,64.54727935791016,48.113739013671875,3.0861330032348633,101.6944580078125,64.8045883178711,27.142784118652344
FUNDUS_SORTED,Train,070.jpg,0.0,3072.0,2048.0,1.5,53.3486328125,38.56132125854492,3.204904556274414,95.43497467041016,50.407958984375,14.202961921691895
FUNDUS_SORTED,Train,071.jpg,0.0,3072.0,2048.0,1.5,88.79242706298828,56.35948944091797,5.839736461639404,139.49269104003906,88.27200317382812,38.61259460449219
FUNDUS_SORTED,Train,073.jpg,0.0,3072.0,2048.0,1.5,62.75638961791992,44.91607666015625,3.479198932647705,101.66104125976562,62.74956130981445,23.85856056213379
FUNDUS_SORTED,Train,074.jpg,0.0,3072.0,2048.0,1.5,64.33841705322266,45.42094039916992,3.0979747772216797,104.02828216552734,64.1405258178711,24.846471786499023
FUNDUS_SORTED,Train,075.jpg,0.0,3072.0,2048.0,1.5,71.91178131103516,51.24771499633789,2.5587306022644043,122.5775146484375,70.81690216064453,22.340951919555664
FUNDUS_SORTED,Train,077.jpg,0.0,3072.0,2048.0,1.5,56.20070266723633,39.42604064941406,7.870052814483643,100.98600006103516,56.04221725463867,11.573880195617676
FUNDUS_SORTED,Train,078.jpg,0.0,3072.0,2048.0,1.5,58.392215728759766,41.70099639892578,7.231359481811523,103.5034408569336,57.88407516479492,13.789132118225098
FUNDUS_SORTED,Train,079.jpg,0.0,3072.0,2048.0,1.5,79.54615020751953,52.69197463989258,5.717211723327637,109.64342498779297,88.23421478271484,40.760833740234375
FUNDUS_SORTED,Train,080.jpg,0.0,3072.0,2048.0,1.5,69.64534759521484,46.87425231933594,6.5082879066467285,104.3003921508789,75.30425262451172,29.331390380859375
FUNDUS_SORTED,Train,081.jpg,0.0,3072.0,2048.0,1.5,57.40568161010742,39.55955123901367,8.466243743896484,86.35453033447266,54.14450454711914,31.71799659729004
FUNDUS_SORTED,Train,082.jpg,0.0,3072.0,2048.0,1.5,76.74535369873047,52.951839447021484,6.111945152282715,110.77267456054688,78.08282470703125,41.38056564331055
FUNDUS_SORTED,Train,083.jpg,0.0,3072.0,2048.0,1.5,78.88629150390625,55.24308776855469,5.954288482666016,112.73837280273438,83.14698028564453,40.773521423339844
FUNDUS_SORTED,Train,084.jpg,0.0,3072.0,2048.0,1.5,83.20565032958984,61.52186965942383,5.7451982498168945,129.16587829589844,85.6859359741211,34.765132904052734
FUNDUS_SORTED,Train,085.jpg,0.0,3072.0,2048.0,1.5,63.46120071411133,47.10326385498047,6.060391426086426,110.37289428710938,60.73832702636719,19.27237892150879
FUNDUS_SORTED,Train,088.jpg,0.0,3072.0,2048.0,1.5,75.09070587158203,49.517608642578125,6.9088897705078125,114.5827407836914,74.4184341430664,36.270938873291016
FUNDUS_SORTED,Train,089.jpg,0.0,3072.0,2048.0,1.5,70.8143539428711,46.688682556152344,7.685304641723633,113.02584075927734,68.95618438720703,30.461027145385742
FUNDUS_SORTED,Train,090.jpg,0.0,3072.0,2048.0,1.5,58.09040451049805,42.3328742980957,3.454681634902954,105.47539520263672,52.68947219848633,16.106348037719727
FUNDUS_SORTED,Train,091.jpg,0.0,3072.0,2048.0,1.5,66.84195709228516,46.358421325683594,5.887479782104492,116.7951431274414,69.45911407470703,14.271618843078613
FUNDUS_SORTED,Train,092.jpg,0.0,3072.0,2048.0,1.5,65.90328979492188,45.428775787353516,5.926459312438965,116.24737548828125,67.5113525390625,13.951152801513672
FUNDUS_SORTED,Train,095.jpg,0.0,3072.0,2048.0,1.5,69.0770263671875,47.96642303466797,4.527226448059082,107.92303466796875,69.36486053466797,29.94318199157715
FUNDUS_SORTED,Train,096.jpg,0.0,3072.0,2048.0,1.5,59.17497634887695,43.076873779296875,4.119965553283691,90.1337661743164,60.18227005004883,27.208887100219727
FUNDUS_SORTED,Train,098.jpg,0.0,3072.0,2048.0,1.5,55.56423568725586,40.59766387939453,7.280128479003906,94.89151763916016,53.21180725097656,18.589384078979492
FUNDUS_SORTED,Train,099.jpg,0.0,3072.0,2048.0,1.5,66.73896026611328,48.381160736083984,6.3436174392700195,111.47628021240234,65.27144622802734,23.46915626525879
FUNDUS_SORTED,Train,100.jpg,0.0,3072.0,2048.0,1.5,64.637939453125,44.70674514770508,8.76329517364502,98.21249389648438,63.8437385559082,31.857580184936523
FUNDUS_SORTED,Train,101.jpg,0.0,3072.0,2048.0,1.5,65.74578857421875,43.37500762939453,7.410536766052246,102.69229125976562,63.89763259887695,30.64743995666504
FUNDUS_SORTED,Train,102.jpg,0.0,3072.0,2048.0,1.5,66.65045166015625,47.68559265136719,7.842418193817139,109.8501968383789,61.27265930175781,28.8284912109375
FUNDUS_SORTED,Train,103.jpg,0.0,3072.0,2048.0,1.5,65.9960708618164,47.27192306518555,8.85995101928711,109.30521392822266,61.00960159301758,27.67339324951172
FUNDUS_SORTED,Train,104.jpg,0.0,3072.0,2048.0,1.5,75.52264404296875,51.64326858520508,6.042117118835449,119.54694366455078,78.46221923828125,28.558778762817383
FUNDUS_SORTED,Train,105.jpg,0.0,3072.0,2048.0,1.5,77.81859588623047,51.693336486816406,5.728830814361572,125.17306518554688,80.54779052734375,27.73493003845215
FUNDUS_SORTED,Train,106.jpg,0.0,3072.0,2048.0,1.5,65.15706634521484,46.00834655761719,8.275004386901855,110.71524810791016,59.1232795715332,25.63265037536621
FUNDUS_SORTED,Train,107.jpg,0.0,3072.0,2048.0,1.5,67.53289031982422,47.73191452026367,7.851316452026367,112.13638305664062,62.0839729309082,28.378305435180664
FUNDUS_SORTED,Train,108.jpg,0.0,3072.0,2048.0,1.5,61.04148483276367,42.20541000366211,8.421964645385742,106.11166381835938,58.51806640625,18.494722366333008
FUNDUS_SORTED,Train,109.jpg,0.0,3072.0,2048.0,1.5,62.68892288208008,43.75518798828125,9.106468200683594,107.40924072265625,60.72013473510742,19.93739128112793
FUNDUS_SORTED,Train,111.jpg,0.0,3072.0,2048.0,1.5,62.819400787353516,43.53153991699219,6.500627517700195,108.54263305664062,62.69606399536133,17.219511032104492
FUNDUS_SORTED,Train,112.jpg,0.0,3072.0,2048.0,1.5,71.24822235107422,45.40558624267578,3.0981388092041016,116.33785247802734,73.09524536132812,24.311567306518555
FUNDUS_SORTED,Train,113.jpg,0.0,3072.0,2048.0,1.5,71.3231430053711,46.01639938354492,3.0014657974243164,114.46435546875,75.64764404296875,23.857431411743164
FUNDUS_SORTED,Train,114.jpg,0.0,3072.0,2048.0,1.5,65.62355041503906,46.448448181152344,3.4065661430358887,102.75276947021484,66.56864166259766,27.549238204956055
FUNDUS_SORTED,Train,115.jpg,0.0,3072.0,2048.0,1.5,65.36968994140625,45.394996643066406,3.5554471015930176,102.54678344726562,66.33625030517578,27.226022720336914
FUNDUS_SORTED,Train,117.jpg,0.0,3072.0,2048.0,1.5,73.74661254882812,51.88151168823242,3.9064064025878906,121.7154769897461,71.72245025634766,27.801916122436523
FUNDUS_SORTED,Train,118.jpg,0.0,3072.0,2048.0,1.5,69.96572875976562,50.30356979370117,3.2304539680480957,118.15396118164062,69.515869140625,22.22736167907715
FUNDUS_SORTED,Train,119.jpg,0.0,3072.0,2048.0,1.5,68.64107513427734,46.3702392578125,3.7811357975006104,111.3386459350586,69.0106430053711,25.57393455505371
FUNDUS_SORTED,Train,120.jpg,0.0,3072.0,2048.0,1.5,72.8998031616211,51.53973388671875,3.393007755279541,115.02862548828125,73.81707000732422,29.853721618652344
FUNDUS_SORTED,Train,121.jpg,0.0,3072.0,2048.0,1.5,69.62396240234375,47.43642807006836,7.8100481033325195,109.36334228515625,66.66529083251953,32.84325408935547
FUNDUS_SORTED,Train,122.jpg,0.0,3072.0,2048.0,1.5,70.54129791259766,47.82227325439453,7.012515544891357,111.82855224609375,67.47756958007812,32.31776428222656
FUNDUS_SORTED,Train,123.jpg,0.0,3072.0,2048.0,1.5,65.97264862060547,46.54506301879883,4.202780723571777,111.8468017578125,62.437198638916016,23.63393211364746
FUNDUS_SORTED,Train,124.jpg,0.0,3072.0,2048.0,1.5,65.68609619140625,46.280731201171875,4.377899169921875,112.7122573852539,61.0683479309082,23.277685165405273
FUNDUS_SORTED,Train,125.jpg,0.0,3072.0,2048.0,1.5,72.26184844970703,50.036991119384766,8.346664428710938,112.63497161865234,72.76818084716797,31.382394790649414
FUNDUS_SORTED,Train,126.jpg,0.0,3072.0,2048.0,1.5,62.747772216796875,43.245784759521484,7.549707412719727,105.0467758178711,61.4949836730957,21.701553344726562
FUNDUS_SORTED,Train,127.jpg,0.0,3072.0,2048.0,1.5,62.761653900146484,43.70070266723633,7.667606830596924,104.24857330322266,61.44651412963867,22.589876174926758
FUNDUS_SORTED,Train,128.jpg,0.0,3072.0,2048.0,1.5,74.31753540039062,54.2896614074707,5.929455280303955,119.6297836303711,71.1949691772461,32.127864837646484
FUNDUS_SORTED,Train,129.jpg,0.0,3072.0,2048.0,1.5,76.93180084228516,52.344635009765625,6.323888778686523,123.73799896240234,72.88302612304688,34.174381256103516
FUNDUS_SORTED,Train,130.jpg,0.0,3072.0,2048.0,1.5,65.7580795288086,45.19871520996094,6.959657669067383,117.85037994384766,67.53003692626953,11.893820762634277
FUNDUS_SORTED,Train,131.jpg,0.0,3072.0,2048.0,1.5,68.75499725341797,45.11836242675781,7.150876045227051,111.756591796875,63.8580322265625,30.650388717651367
FUNDUS_SORTED,Train,132.jpg,0.0,3072.0,2048.0,1.5,69.34300994873047,46.50812530517578,7.984049320220947,110.38916778564453,65.52208709716797,32.117767333984375
FUNDUS_SORTED,Train,133.jpg,0.0,3072.0,2048.0,1.5,72.90072631835938,52.02565383911133,8.285592079162598,114.82623291015625,67.21937561035156,36.65658950805664
FUNDUS_SORTED,Train,134.jpg,0.0,3072.0,2048.0,1.5,68.763671875,48.11027145385742,8.285436630249023,112.3782958984375,62.670711517333984,31.241989135742188
FUNDUS_SORTED,Train,135.jpg,0.0,3072.0,2048.0,1.5,66.0479507446289,45.890357971191406,7.958098411560059,112.49661254882812,63.257991790771484,22.38924217224121
FUNDUS_SORTED,Train,136.jpg,0.0,3072.0,2048.0,1.5,65.48003387451172,45.23904800415039,7.727550506591797,111.8696517944336,62.8034782409668,21.7669677734375
FUNDUS_SORTED,Train,137.jpg,0.0,3072.0,2048.0,1.5,75.05646514892578,49.923439025878906,6.1582932472229,122.37802124023438,78.69422149658203,24.09715461730957
FUNDUS_SORTED,Train,139.jpg,0.0,3072.0,2048.0,1.5,69.13846588134766,50.24287796020508,8.371882438659668,109.97039794921875,65.30990600585938,32.13508605957031
FUNDUS_SORTED,Train,140.jpg,0.0,3072.0,2048.0,1.5,63.19034194946289,45.0702018737793,8.433568954467773,104.52754974365234,58.0782585144043,26.96523094177246
FUNDUS_SORTED,Train,141.jpg,0.0,3072.0,2048.0,1.5,72.1598129272461,49.54276657104492,3.364006757736206,127.72091674804688,66.3127212524414,22.4458065032959
FUNDUS_SORTED,Train,142.jpg,0.0,3072.0,2048.0,1.5,73.81497192382812,49.00106430053711,3.0504226684570312,128.49855041503906,69.33921813964844,23.60713768005371
FUNDUS_SORTED,Train,143.jpg,0.0,3072.0,2048.0,1.5,71.28053283691406,49.98042297363281,7.208058834075928,115.7022705078125,69.2453384399414,28.89400291442871
FUNDUS_SORTED,Train,144.jpg,0.0,3072.0,2048.0,1.5,75.15180206298828,52.55479049682617,7.431191444396973,127.15328216552734,69.125244140625,29.1768856048584
FUNDUS_SORTED,Train,145.jpg,0.0,3072.0,2048.0,1.5,72.18407440185547,50.488895416259766,8.273136138916016,122.6363525390625,65.72534942626953,28.19053077697754
FUNDUS_SORTED,Train,146.jpg,0.0,3072.0,2048.0,1.5,63.91331100463867,44.42542266845703,2.8480453491210938,112.7940902709961,64.84322357177734,14.102615356445312
FUNDUS_SORTED,Train,147.jpg,0.0,3072.0,2048.0,1.5,73.28793334960938,48.477867126464844,2.7178726196289062,124.98548126220703,76.45111846923828,18.427202224731445
FUNDUS_SORTED,Train,148.jpg,0.0,3072.0,2048.0,1.5,83.39859008789062,57.40863037109375,3.540571689605713,119.27115631103516,87.00959014892578,43.915008544921875
FUNDUS_SORTED,Train,149.jpg,0.0,3072.0,2048.0,1.5,92.9371566772461,61.9744987487793,2.970097064971924,128.91456604003906,98.75707244873047,51.13982009887695
FUNDUS_SORTED,Train,150.jpg,0.0,3072.0,2048.0,1.5,64.27898406982422,47.160030364990234,4.872626781463623,97.57022857666016,62.6226921081543,32.64402770996094
FUNDUS_SORTED,Train,151.jpg,0.0,3072.0,2048.0,1.5,72.53134155273438,46.630348205566406,3.6110880374908447,112.20372772216797,69.90593719482422,35.484352111816406
FUNDUS_SORTED,Train,152.jpg,0.0,3072.0,2048.0,1.5,75.6566390991211,47.99643325805664,4.206578254699707,116.2750015258789,73.38044738769531,37.314453125
FUNDUS_SORTED,Train,153.jpg,0.0,3072.0,2048.0,1.5,76.83609771728516,53.20551681518555,7.318564414978027,110.7575912475586,78.5071029663086,41.24360275268555
FUNDUS_SORTED,Train,154.jpg,0.0,3072.0,2048.0,1.5,71.0309066772461,47.77057647705078,8.171577453613281,115.17486572265625,69.12259674072266,28.795257568359375
FUNDUS_SORTED,Train,155.jpg,0.0,3072.0,2048.0,1.5,69.4025650024414,47.101871490478516,8.169721603393555,112.04998779296875,68.11181640625,28.045888900756836
FUNDUS_SORTED,Train,156.jpg,0.0,3072.0,2048.0,1.5,92.46138763427734,61.57249450683594,6.032334804534912,135.70765686035156,88.7579345703125,52.91853713989258
FUNDUS_SORTED,Train,157.jpg,0.0,3072.0,2048.0,1.5,92.62042236328125,63.40482711791992,6.292413711547852,137.5779571533203,87.93900299072266,52.344268798828125
FUNDUS_SORTED,Train,161.jpg,0.0,3072.0,2048.0,1.5,84.3653793334961,57.163665771484375,7.160711288452148,128.3425750732422,79.82196044921875,44.931583404541016
FUNDUS_SORTED,Train,162.jpg,0.0,3072.0,2048.0,1.5,89.7972412109375,60.732723236083984,7.420566558837891,134.71400451660156,85.92952728271484,48.74819564819336
FUNDUS_SORTED,Train,163.jpg,0.0,3072.0,2048.0,1.5,59.25544357299805,44.7553596496582,6.3487229347229,99.54727935791016,56.82278823852539,21.396249771118164
FUNDUS_SORTED,Train,164.jpg,0.0,3072.0,2048.0,1.5,80.22842407226562,56.50397491455078,5.78360652923584,130.49603271484375,79.2095947265625,30.97965431213379
FUNDUS_SORTED,Train,166.jpg,0.0,3072.0,2048.0,1.5,77.33543395996094,55.74740219116211,5.356456756591797,141.85130310058594,70.53983306884766,19.61517906188965
FUNDUS_SORTED,Train,167.jpg,0.0,3072.0,2048.0,1.5,86.87491607666016,59.590694427490234,6.425307750701904,129.6243438720703,84.41128540039062,46.58909225463867
FUNDUS_SORTED,Train,169.jpg,0.0,3072.0,2048.0,1.5,76.45059204101562,52.65290832519531,5.984624862670898,113.3453369140625,78.09619140625,37.91025161743164
FUNDUS_SORTED,Train,170.jpg,0.0,3072.0,2048.0,1.5,72.31234741210938,49.72433853149414,6.324244976043701,107.1771469116211,73.65644073486328,36.10346984863281
FUNDUS_SORTED,Train,172.jpg,0.0,3072.0,2048.0,1.5,83.92864227294922,57.34627914428711,6.631333351135254,129.20028686523438,81.93045806884766,40.65517044067383
FUNDUS_SORTED,Train,173.jpg,0.0,3072.0,2048.0,1.5,82.05036163330078,56.34648895263672,6.305027008056641,128.51849365234375,79.76697540283203,37.865631103515625
FUNDUS_SORTED,Train,174.jpg,0.0,3072.0,2048.0,1.5,73.5365982055664,51.66188049316406,6.070222854614258,117.80044555664062,70.6127700805664,32.19657897949219
FUNDUS_SORTED,Train,175.jpg,0.0,3072.0,2048.0,1.5,69.49663543701172,45.422176361083984,5.59175968170166,129.4859161376953,64.6064224243164,14.397578239440918
FUNDUS_SORTED,Train,176.jpg,0.0,3072.0,2048.0,1.5,98.47061920166016,67.39865112304688,5.072805404663086,150.86634826660156,97.8905258178711,46.654972076416016
FUNDUS_SORTED,Train,177.jpg,0.0,3072.0,2048.0,1.5,83.70899200439453,58.85420608520508,5.95688009262085,131.7073974609375,81.40563201904297,38.013973236083984
FUNDUS_SORTED,Train,178.jpg,0.0,3072.0,2048.0,1.5,82.27066802978516,56.764034271240234,7.534423828125,129.33998107910156,79.49956512451172,37.97244644165039
FUNDUS_SORTED,Train,179.jpg,0.0,3072.0,2048.0,1.5,73.30477142333984,51.23807907104492,7.364675045013428,119.99331665039062,69.50653076171875,30.414472579956055
FUNDUS_SORTED,Train,183.jpg,0.0,3072.0,2048.0,1.5,86.4603271484375,58.809669494628906,5.60828161239624,135.6449737548828,88.10272216796875,35.63330078125
FUNDUS_SORTED,Train,184.jpg,0.0,3072.0,2048.0,1.5,81.51265716552734,55.57577896118164,6.605522155761719,122.5644760131836,70.76714324951172,51.20634841918945
FUNDUS_SORTED,Train,185.jpg,0.0,3072.0,2048.0,1.5,75.4800796508789,53.13489532470703,7.441873550415039,112.97076416015625,72.1360092163086,41.3334846496582
FUNDUS_SORTED,Train,186.jpg,0.0,3072.0,2048.0,1.5,83.24736785888672,55.49604797363281,6.567096710205078,125.9474868774414,85.84455108642578,37.95005798339844
FUNDUS_SORTED,Train,187.jpg,0.0,3072.0,2048.0,1.5,79.5270767211914,51.62800216674805,6.659693717956543,121.81893157958984,82.7480239868164,34.0142936706543
FUNDUS_SORTED,Train,188.jpg,0.0,3072.0,2048.0,1.5,72.84418487548828,48.99309158325195,6.328116416931152,111.4019546508789,73.69891357421875,33.43168640136719
FUNDUS_SORTED,Train,189.jpg,0.0,3072.0,2048.0,1.5,68.60834503173828,47.021644592285156,6.257008075714111,121.68099212646484,64.61676025390625,19.52728843688965
FUNDUS_SORTED,Train,190.jpg,0.0,3072.0,2048.0,1.5,72.92815399169922,51.25303268432617,7.591968536376953,110.16866302490234,72.04193878173828,36.5738525390625
FUNDUS_SORTED,Train,191.jpg,0.0,3072.0,2048.0,1.5,75.92432403564453,52.173194885253906,5.469415664672852,123.88922119140625,72.1819839477539,31.701751708984375
FUNDUS_SORTED,Train,192.jpg,0.0,3072.0,2048.0,1.5,81.7143325805664,55.502803802490234,6.434991359710693,128.6835174560547,81.58092498779297,34.87856674194336
FUNDUS_SORTED,Train,193.jpg,0.0,3072.0,2048.0,1.5,81.58997344970703,56.13243865966797,6.411194324493408,129.16696166992188,82.52442169189453,33.07854080200195
FUNDUS_SORTED,Train,194.jpg,0.0,3072.0,2048.0,1.5,85.93387603759766,56.494625091552734,5.906438827514648,126.67134857177734,91.9923095703125,39.138004302978516
FUNDUS_SORTED,Train,195.jpg,0.0,3072.0,2048.0,1.5,67.66649627685547,49.414337158203125,6.06644344329834,113.4411392211914,66.74031829833984,22.818029403686523
FUNDUS_SORTED,Train,196.jpg,0.0,3072.0,2048.0,1.5,55.01310348510742,41.932769775390625,6.93167781829834,88.0850830078125,47.42026901245117,29.533964157104492
FUNDUS_SORTED,Train,197.jpg,0.0,3072.0,2048.0,1.5,79.86063385009766,58.436729431152344,6.343819618225098,122.8702621459961,69.38011932373047,47.33151626586914
FUNDUS_SORTED,Train,198.jpg,0.0,3072.0,2048.0,1.5,65.11873626708984,45.20453643798828,3.6087493896484375,115.3850326538086,64.2113265991211,15.759846687316895
FUNDUS_SORTED,Train,199.jpg,0.0,3072.0,2048.0,1.5,64.38187408447266,45.259361267089844,3.511547565460205,112.58415985107422,65.13677215576172,15.424713134765625
FUNDUS_SORTED,Train,200.jpg,0.0,3072.0,2048.0,1.5,82.67568969726562,59.55050277709961,5.994548797607422,114.3927230834961,75.27236938476562,58.36198043823242
FUNDUS_SORTED,Train,201.jpg,0.0,3072.0,2048.0,1.5,73.85810089111328,52.16141891479492,6.107542991638184,120.50627899169922,76.442138671875,24.62590980529785
FUNDUS_SORTED,Train,202.jpg,0.0,3072.0,2048.0,1.5,79.25614166259766,55.474754333496094,5.828171730041504,124.2886734008789,67.67469024658203,45.80508041381836
FUNDUS_SORTED,Train,203.jpg,0.0,3072.0,2048.0,1.5,91.8344497680664,62.823097229003906,5.735596656799316,140.754150390625,80.17728424072266,54.57194900512695
FUNDUS_SORTED,Train,204.jpg,0.0,3072.0,2048.0,1.5,74.70125579833984,48.985347747802734,6.161054611206055,111.87125396728516,78.83623504638672,33.39625930786133
FUNDUS_SORTED,Train,205.jpg,0.0,3072.0,2048.0,1.5,84.84559631347656,54.85356521606445,5.89803409576416,117.6580810546875,91.6710433959961,45.20766830444336
FUNDUS_SORTED,Train,206.jpg,0.0,3072.0,2048.0,1.5,74.47834777832031,53.159793853759766,7.200353622436523,111.39984130859375,75.66146850585938,36.37372970581055
FUNDUS_SORTED,Train,207.jpg,0.0,3072.0,2048.0,1.5,76.43633270263672,53.82613754272461,8.0147705078125,119.08040618896484,75.77819061279297,34.45038986206055
FUNDUS_SORTED,Train,209.jpg,0.0,3072.0,2048.0,1.5,69.21288299560547,49.80081558227539,4.4181060791015625,112.54570770263672,66.35033416748047,28.742616653442383
FUNDUS_SORTED,Train,210.jpg,0.0,3072.0,2048.0,1.5,70.9193344116211,49.17853546142578,7.155773162841797,120.1983413696289,67.27449798583984,25.285181045532227
FUNDUS_SORTED,Train,211.jpg,0.0,3072.0,2048.0,1.5,59.638973236083984,44.955482482910156,6.95201301574707,91.21588134765625,51.37614059448242,36.32489776611328
FUNDUS_SORTED,Train,212.jpg,0.0,3072.0,2048.0,1.5,61.69316482543945,44.484378814697266,6.978948593139648,95.9625244140625,53.560665130615234,35.556304931640625
FUNDUS_SORTED,Train,214.jpg,0.0,3072.0,2048.0,1.5,63.41934585571289,44.10332489013672,3.010261297225952,103.3742904663086,53.654815673828125,33.228939056396484
FUNDUS_SORTED,Train,215.jpg,0.0,3072.0,2048.0,1.5,66.63551330566406,45.88166809082031,2.5301589965820312,106.16605377197266,56.5698127746582,37.170684814453125
FUNDUS_SORTED,Train,216.jpg,0.0,3072.0,2048.0,1.5,74.645751953125,52.0595817565918,6.552866458892822,115.60787200927734,73.85649871826172,34.4728889465332
FUNDUS_SORTED,Train,217.jpg,0.0,3072.0,2048.0,1.5,68.8758316040039,47.24503707885742,5.972194671630859,110.0173110961914,67.10083770751953,29.509347915649414
FUNDUS_SORTED,Train,218.jpg,0.0,3072.0,2048.0,1.5,60.718658447265625,39.51206588745117,2.9476523399353027,99.15390014648438,61.00859069824219,21.993486404418945
FUNDUS_SORTED,Train,219.jpg,0.0,3072.0,2048.0,1.5,61.248905181884766,42.564327239990234,3.0064163208007812,96.35809326171875,62.55733108520508,24.831300735473633
FUNDUS_SORTED,Train,220.jpg,0.0,3072.0,2048.0,1.5,73.19847869873047,48.257667541503906,6.603586673736572,121.91927337646484,70.61178588867188,27.06437873840332
FUNDUS_SORTED,Train,221.jpg,0.0,3072.0,2048.0,1.5,80.19091796875,53.78061294555664,6.408588409423828,128.8445587158203,79.25385284423828,32.47434616088867
FUNDUS_SORTED,Train,222.jpg,0.0,3072.0,2048.0,1.5,74.83951568603516,48.299560546875,2.487510919570923,122.21280670166016,64.15267181396484,38.1530647277832
FUNDUS_SORTED,Train,223.jpg,0.0,3072.0,2048.0,1.5,68.36396026611328,46.90557861328125,2.921067714691162,114.17849731445312,56.92509841918945,33.98829650878906
FUNDUS_SORTED,Train,224.jpg,0.0,3072.0,2048.0,1.5,94.9828109741211,64.90805053710938,5.820323467254639,144.2268829345703,84.56774139404297,56.15376663208008
FUNDUS_SORTED,Train,226.jpg,0.0,3072.0,2048.0,1.5,69.09494018554688,49.83635711669922,3.714824676513672,110.8880844116211,65.4587173461914,30.93800926208496
FUNDUS_SORTED,Train,227.jpg,0.0,3072.0,2048.0,1.5,74.73242950439453,55.72706604003906,4.614557266235352,115.6302261352539,72.31867218017578,36.24837875366211
FUNDUS_SORTED,Train,230.jpg,0.0,3072.0,2048.0,1.5,66.51139068603516,45.52666091918945,2.6845314502716064,107.9932861328125,68.59528350830078,22.94561767578125
FUNDUS_SORTED,Train,231.jpg,0.0,3072.0,2048.0,1.5,64.58527374267578,44.65846633911133,2.8450183868408203,108.1729507446289,66.93933868408203,18.643535614013672
FUNDUS_SORTED,Train,232.jpg,0.0,3072.0,2048.0,1.5,64.23612213134766,52.530731201171875,6.88886833190918,99.64090728759766,68.6953353881836,24.37212562561035
FUNDUS_SORTED,Train,234.jpg,0.0,3072.0,2048.0,1.5,60.984405517578125,42.05070114135742,6.976214408874512,104.52899932861328,59.979793548583984,18.444433212280273
FUNDUS_SORTED,Train,235.jpg,0.0,3072.0,2048.0,1.5,75.85479736328125,51.17387771606445,6.500011444091797,125.05322265625,75.77058410644531,26.74059295654297
FUNDUS_SORTED,Train,236.jpg,0.0,3072.0,2048.0,1.5,51.90671920776367,40.98591232299805,3.088371753692627,85.81372833251953,44.7114143371582,25.194992065429688
FUNDUS_SORTED,Train,237.jpg,0.0,3072.0,2048.0,1.5,55.872745513916016,43.44355392456055,3.442500591278076,93.32427978515625,46.099395751953125,28.194570541381836
FUNDUS_SORTED,Train,238.jpg,0.0,3072.0,2048.0,1.5,60.71803665161133,44.99357604980469,6.39078426361084,101.66045379638672,62.50358581542969,17.990081787109375
FUNDUS_SORTED,Train,239.jpg,0.0,3072.0,2048.0,1.5,84.3154296875,59.21784973144531,5.446735382080078,118.50980377197266,93.519287109375,40.91718292236328
FUNDUS_SORTED,Train,242.jpg,0.0,3072.0,2048.0,1.5,79.45437622070312,56.761295318603516,6.866589546203613,117.422119140625,82.92691802978516,38.01409912109375
FUNDUS_SORTED,Train,243.jpg,0.0,3072.0,2048.0,1.5,76.53347778320312,51.371639251708984,7.573422431945801,107.03524017333984,77.06645965576172,45.49873733520508
FUNDUS_SORTED,Train,244.jpg,0.0,3072.0,2048.0,1.5,73.20074462890625,49.36185836791992,7.900627136230469,104.8492202758789,73.53653717041016,41.21646499633789
FUNDUS_SORTED,Train,248.jpg,0.0,3072.0,2048.0,1.5,72.4413070678711,50.672420501708984,2.613049030303955,112.5424575805664,63.68125915527344,41.1002082824707
FUNDUS_SORTED,Train,249.jpg,0.0,3072.0,2048.0,1.5,58.420597076416016,41.20293426513672,7.472489356994629,105.377685546875,52.566646575927734,17.317472457885742
FUNDUS_SORTED,Train,250.jpg,0.0,3072.0,2048.0,1.5,58.61629104614258,41.109249114990234,7.475666522979736,106.2644271850586,53.398284912109375,16.1861629486084
FUNDUS_SORTED,Train,251.jpg,0.0,3072.0,2048.0,1.5,76.9183120727539,56.59678649902344,5.607186317443848,109.5738525390625,76.73030853271484,44.45078659057617
FUNDUS_SORTED,Train,252.jpg,0.0,3072.0,2048.0,1.5,79.52185821533203,57.814796447753906,5.859879493713379,111.626953125,79.7157974243164,47.22282791137695
FUNDUS_SORTED,Train,253.jpg,0.0,3072.0,2048.0,1.5,78.36898803710938,49.66333770751953,2.9313836097717285,123.20379638671875,80.56399536132812,31.33916473388672
FUNDUS_SORTED,Train,254.jpg,0.0,3072.0,2048.0,1.5,87.67910766601562,56.80776596069336,5.579766273498535,140.635009765625,84.86811065673828,37.53419876098633
FUNDUS_SORTED,Train,255.jpg,0.0,3072.0,2048.0,1.5,66.27073669433594,45.902427673339844,3.3445184230804443,98.1777572631836,68.5003662109375,32.13407516479492
FUNDUS_SORTED,Train,256.jpg,0.0,3072.0,2048.0,1.5,58.94794845581055,40.53721618652344,3.5241570472717285,87.1146240234375,59.99949264526367,29.72972869873047
FUNDUS_SORTED,Train,257.jpg,0.0,3072.0,2048.0,1.5,74.33783721923828,50.48070526123047,3.896353244781494,113.35701751708984,72.5235366821289,37.13297653198242
FUNDUS_SORTED,Train,258.jpg,0.0,3072.0,2048.0,1.5,76.55268096923828,51.38042449951172,4.270558834075928,113.79927825927734,75.46561431884766,40.39316940307617
FUNDUS_SORTED,Train,259.jpg,0.0,3072.0,2048.0,1.5,73.24188995361328,54.55971908569336,3.0545125007629395,109.94995880126953,73.1735610961914,36.602142333984375
FUNDUS_SORTED,Train,260.jpg,0.0,3072.0,2048.0,1.5,73.15481567382812,53.58254623413086,2.8659844398498535,109.1124496459961,74.2229232788086,36.12907791137695
FUNDUS_SORTED,Train,261.jpg,0.0,3072.0,2048.0,1.5,85.1741714477539,58.33646011352539,7.805130481719971,127.69962310791016,83.57461547851562,44.248260498046875
FUNDUS_SORTED,Train,262.jpg,0.0,3072.0,2048.0,1.5,87.17867279052734,59.79275131225586,7.866673469543457,127.64861297607422,85.99198150634766,47.89540481567383
FUNDUS_SORTED,Train,263.jpg,0.0,3072.0,2048.0,1.5,76.50104522705078,55.31543731689453,3.588390827178955,113.60958099365234,77.56110382080078,38.33243942260742
FUNDUS_SORTED,Train,264.jpg,0.0,3072.0,2048.0,1.5,79.75353240966797,57.61791229248047,3.134573221206665,118.9377212524414,80.12537384033203,40.19748306274414
FUNDUS_SORTED,Train,265.jpg,0.0,3072.0,2048.0,1.5,64.92407989501953,45.769779205322266,6.200040817260742,104.69342803955078,64.43551635742188,25.643285751342773
FUNDUS_SORTED,Train,266.jpg,0.0,3072.0,2048.0,1.5,62.0579948425293,43.39070129394531,6.121803283691406,99.65938568115234,62.45256423950195,24.062042236328125
FUNDUS_SORTED,Train,267.jpg,0.0,3072.0,2048.0,1.5,81.91698455810547,57.25502014160156,2.7442355155944824,125.07332611083984,80.99808502197266,39.67953109741211
FUNDUS_SORTED,Train,268.jpg,0.0,3072.0,2048.0,1.5,84.71846008300781,60.18137741088867,2.96254301071167,127.4919204711914,84.7962875366211,41.867183685302734
FUNDUS_SORTED,Train,271.jpg,0.0,3072.0,2048.0,1.5,67.4997787475586,46.0450553894043,8.002813339233398,106.9677963256836,64.81466674804688,30.716894149780273
FUNDUS_SORTED,Train,272.jpg,0.0,3072.0,2048.0,1.5,70.67919158935547,46.887168884277344,7.616735458374023,110.57581329345703,68.9931869506836,32.46857833862305
FUNDUS_SORTED,Train,274.jpg,0.0,3072.0,2048.0,1.5,83.39290618896484,55.38385009765625,6.007513523101807,126.34610748291016,81.01485443115234,42.817752838134766
FUNDUS_SORTED,Train,275.jpg,0.0,3072.0,2048.0,1.5,85.7273178100586,58.46837615966797,6.953771591186523,128.05191040039062,83.53541564941406,45.594608306884766
FUNDUS_SORTED,Train,276.jpg,0.0,3072.0,2048.0,1.5,77.38036346435547,54.824195861816406,2.342949867248535,125.35343170166016,64.99340057373047,41.794246673583984
FUNDUS_SORTED,Train,279.jpg,0.0,3072.0,2048.0,1.5,67.22916412353516,47.141910552978516,4.119406700134277,105.65543365478516,62.414306640625,33.61776351928711
FUNDUS_SORTED,Train,280.jpg,0.0,3072.0,2048.0,1.5,70.3708724975586,49.86845016479492,3.501279592514038,106.4728012084961,66.88907623291016,37.750732421875
FUNDUS_SORTED,Train,281.jpg,0.0,3072.0,2048.0,1.5,78.71585083007812,55.95224380493164,3.2735702991485596,124.39678955078125,77.12035369873047,34.63039779663086
FUNDUS_SORTED,Train,282.jpg,0.0,3072.0,2048.0,1.5,80.03052520751953,56.65022277832031,3.069664478302002,124.34676361083984,78.37012481689453,37.374691009521484
FUNDUS_SORTED,Train,287.jpg,0.0,3072.0,2048.0,1.5,97.8810806274414,65.24669647216797,2.723238468170166,144.35630798339844,99.25274658203125,50.034210205078125
FUNDUS_SORTED,Train,288.jpg,0.0,3072.0,2048.0,1.5,93.87322998046875,62.40318298339844,2.7264914512634277,142.92054748535156,92.26688385009766,46.4322395324707
FUNDUS_SORTED,Train,290.jpg,0.0,3072.0,2048.0,1.5,74.30046081542969,53.1622314453125,8.088075637817383,119.33968353271484,68.83094024658203,34.73074722290039
FUNDUS_SORTED,Train,291.jpg,0.0,3072.0,2048.0,1.5,82.85821533203125,55.058013916015625,6.123502254486084,121.25310516357422,84.89380645751953,42.42775344848633
FUNDUS_SORTED,Train,292.jpg,0.0,3072.0,2048.0,1.5,80.16948699951172,50.93065643310547,5.888121128082275,118.05171966552734,82.44916534423828,40.0075569152832
FUNDUS_SORTED,Train,295.jpg,0.0,3072.0,2048.0,1.5,72.59732055664062,52.18980026245117,8.314239501953125,105.29141998291016,69.73007202148438,42.77045822143555
FUNDUS_SORTED,Train,296.jpg,0.0,3072.0,2048.0,1.5,72.22396850585938,50.36529541015625,3.4760849475860596,110.25173950195312,70.14700317382812,36.27315902709961
FUNDUS_SORTED,Train,297.jpg,0.0,3072.0,2048.0,1.5,79.8692626953125,54.59456253051758,3.5792641639709473,114.41375732421875,80.62200164794922,44.572021484375
FUNDUS_SORTED,Train,298.jpg,0.0,3072.0,2048.0,1.5,80.6417007446289,57.63630294799805,3.195866584777832,115.87191009521484,82.93333435058594,43.1198616027832
FUNDUS_SORTED,Train,299.jpg,0.0,3072.0,2048.0,1.5,78.83330535888672,56.7642707824707,3.3143177032470703,111.29763793945312,79.95282745361328,45.24945068359375
FUNDUS_SORTED,Train,302.jpg,0.0,3072.0,2048.0,1.5,75.60997772216797,53.103206634521484,3.5901060104370117,119.73218536376953,75.50371551513672,31.594057083129883
FUNDUS_SORTED,Train,303.jpg,0.0,3072.0,2048.0,1.5,75.79927062988281,53.41640853881836,4.30755615234375,118.90299224853516,75.35889434814453,33.13591384887695
FUNDUS_SORTED,Train,307.jpg,0.0,3072.0,2048.0,1.5,76.7371597290039,52.16384506225586,5.695713043212891,120.6919174194336,78.0535888671875,31.465978622436523
FUNDUS_SORTED,Train,308.jpg,0.0,3072.0,2048.0,1.5,74.58065032958984,51.358306884765625,5.884676933288574,117.75113677978516,75.10729217529297,30.883499145507812
FUNDUS_SORTED,Train,309.jpg,0.0,3072.0,2048.0,1.5,69.5405502319336,48.019309997558594,3.1268908977508545,103.4205551147461,68.9161376953125,36.28493881225586
FUNDUS_SORTED,Train,310.jpg,0.0,3072.0,2048.0,1.5,70.01010131835938,50.37779998779297,3.9254798889160156,101.83051300048828,69.04046630859375,39.15932846069336
FUNDUS_SORTED,Train,311.jpg,0.0,3072.0,2048.0,1.5,65.74810028076172,43.65129470825195,6.527725696563721,118.19339752197266,65.27173614501953,13.77916431427002
FUNDUS_SORTED,Train,313.jpg,0.0,3072.0,2048.0,1.5,76.23568725585938,54.57679748535156,6.830033779144287,113.8840560913086,67.03697204589844,47.7860221862793
FUNDUS_SORTED,Train,314.jpg,0.0,3072.0,2048.0,1.5,74.40220642089844,51.26506805419922,6.3495378494262695,109.55535888671875,66.76481628417969,46.88645553588867
FUNDUS_SORTED,Train,315.jpg,0.0,3072.0,2048.0,1.5,83.21192932128906,55.14262390136719,3.2501773834228516,123.11978912353516,84.95447540283203,41.561519622802734
FUNDUS_SORTED,Train,316.jpg,0.0,3072.0,2048.0,1.5,84.69224548339844,55.83332443237305,3.1679954528808594,123.9541015625,86.45694732666016,43.665679931640625
FUNDUS_SORTED,Train,318.jpg,0.0,3072.0,2048.0,1.5,79.48168182373047,55.20541000366211,5.918970108032227,128.187255859375,84.87223815917969,25.385568618774414
FUNDUS_SORTED,Train,319.jpg,0.0,3072.0,2048.0,1.5,80.36351776123047,54.058082580566406,4.619851112365723,124.7304916381836,77.31900787353516,39.04106521606445
FUNDUS_SORTED,Train,320.jpg,0.0,3072.0,2048.0,1.5,69.65776824951172,50.569175720214844,3.937469244003296,108.19571685791016,65.96370697021484,34.81389236450195
FUNDUS_SORTED,Train,321.jpg,0.0,3072.0,2048.0,1.5,76.49675750732422,50.564945220947266,2.961521863937378,123.00631713867188,82.86299896240234,23.6209659576416
FUNDUS_SORTED,Train,323.jpg,0.0,3072.0,2048.0,1.5,66.72957611083984,53.99406051635742,20.819931030273438,103.23552703857422,64.56189727783203,32.39128494262695
FUNDUS_SORTED,Train,324.jpg,0.0,3072.0,2048.0,1.5,71.31784057617188,58.46399688720703,24.307353973388672,108.24109649658203,67.04634857177734,38.666080474853516
FUNDUS_SORTED,Train,325.jpg,0.0,3072.0,2048.0,1.5,62.01483154296875,43.463531494140625,3.596000909805298,103.07935333251953,58.821685791015625,24.143457412719727
FUNDUS_SORTED,Train,326.jpg,0.0,3072.0,2048.0,1.5,67.12551879882812,43.994754791259766,3.269129991531372,111.6826171875,63.16658401489258,26.5273494720459
FUNDUS_SORTED,Train,328.jpg,0.0,3072.0,2048.0,1.5,75.87215423583984,52.46992874145508,2.733181953430176,125.98162078857422,76.91837310791016,24.716466903686523
FUNDUS_SORTED,Train,329.jpg,0.0,3072.0,2048.0,1.5,75.66899871826172,52.41658020019531,3.179220676422119,123.1334228515625,77.41825866699219,26.455305099487305
FUNDUS_SORTED,Train,331.jpg,0.0,3072.0,2048.0,1.5,74.04473876953125,50.85295104980469,7.844852447509766,116.390869140625,77.71640014648438,28.02693748474121
FUNDUS_SORTED,Train,332.jpg,0.0,3072.0,2048.0,1.5,80.40978240966797,58.51173400878906,6.945570945739746,119.2718734741211,73.48681640625,48.47066116333008
FUNDUS_SORTED,Train,333.jpg,0.0,3072.0,2048.0,1.5,84.39776611328125,60.08445358276367,6.453550815582275,124.2957534790039,75.58125305175781,53.316287994384766
FUNDUS_SORTED,Train,334.jpg,0.0,3072.0,2048.0,1.5,58.99700927734375,39.735565185546875,3.095144748687744,106.44991302490234,59.29608154296875,11.245036125183105
FUNDUS_SORTED,Train,335.jpg,0.0,3072.0,2048.0,1.5,60.30500793457031,41.59292221069336,3.1640098094940186,108.58573150634766,61.144256591796875,11.185025215148926
FUNDUS_SORTED,Train,338.jpg,0.0,3072.0,2048.0,1.5,79.02457427978516,54.15103530883789,3.529923439025879,113.5917739868164,77.57394409179688,45.90802001953125
FUNDUS_SORTED,Train,339.jpg,0.0,3072.0,2048.0,1.5,80.80829620361328,54.399879455566406,3.8615779876708984,113.1706771850586,80.48743438720703,48.76677322387695
FUNDUS_SORTED,Train,341.jpg,0.0,3072.0,2048.0,1.5,74.8069839477539,51.14891052246094,2.9641287326812744,107.46566772460938,79.63937377929688,37.31589126586914
FUNDUS_SORTED,Train,342.jpg,0.0,3072.0,2048.0,1.5,98.5135269165039,65.15998840332031,3.1245675086975098,132.47691345214844,108.5754623413086,54.48820877075195
FUNDUS_SORTED,Train,343.jpg,0.0,3072.0,2048.0,1.5,70.34622955322266,42.95500564575195,3.176189661026001,108.1030502319336,66.86315155029297,36.07248306274414
FUNDUS_SORTED,Train,344.jpg,0.0,3072.0,2048.0,1.5,71.20407104492188,42.812705993652344,3.8107244968414307,111.48043823242188,65.1526107788086,36.979183197021484
FUNDUS_SORTED,Train,346.jpg,0.0,3072.0,2048.0,1.5,75.89684295654297,51.466331481933594,4.5237531661987305,109.50724029541016,76.08187866210938,42.10142135620117
FUNDUS_SORTED,Train,347.jpg,0.0,3072.0,2048.0,1.5,75.2331771850586,50.62297058105469,3.5551607608795166,109.7823257446289,75.13311004638672,40.78409957885742
FUNDUS_SORTED,Train,350.jpg,0.0,3072.0,2048.0,1.5,69.73467254638672,56.89042282104492,18.763525009155273,107.57219696044922,66.47559356689453,35.1562385559082
FUNDUS_SORTED,Train,351.jpg,0.0,3072.0,2048.0,1.5,60.0267333984375,50.410179138183594,17.825973510742188,91.85335540771484,58.86851119995117,29.358335494995117
FUNDUS_SORTED,Train,352.jpg,0.0,3072.0,2048.0,1.5,84.53915405273438,57.62297439575195,3.750779390335083,126.4501724243164,81.72512817382812,45.442142486572266
FUNDUS_SORTED,Train,355.jpg,0.0,3072.0,2048.0,1.5,78.6718978881836,54.07243347167969,2.6504664421081543,104.4330825805664,79.55783081054688,52.0247802734375
FUNDUS_SORTED,Train,356.jpg,0.0,3072.0,2048.0,1.5,92.76773834228516,65.135009765625,2.43392276763916,141.2789764404297,83.92847442626953,53.09576416015625
FUNDUS_SORTED,Train,357.jpg,0.0,3072.0,2048.0,1.5,82.0210189819336,56.95145797729492,4.874215126037598,119.96102142333984,79.85411834716797,46.2479248046875
FUNDUS_SORTED,Train,358.jpg,0.0,3072.0,2048.0,1.5,82.2767105102539,56.9636344909668,4.15147590637207,121.7243423461914,79.10514068603516,46.00065231323242
FUNDUS_SORTED,Train,360.jpg,0.0,3072.0,2048.0,1.5,83.17432403564453,58.33749771118164,2.954291582107544,127.331298828125,83.89359283447266,38.298095703125
FUNDUS_SORTED,Train,361.jpg,0.0,3072.0,2048.0,1.5,81.9630355834961,57.11058807373047,3.4408421516418457,127.63980865478516,81.83387756347656,36.415409088134766
FUNDUS_SORTED,Train,363.jpg,0.0,3072.0,2048.0,1.5,63.40321731567383,44.82375717163086,3.2393856048583984,106.50933837890625,67.01073455810547,16.689598083496094
FUNDUS_SORTED,Train,364.jpg,0.0,3072.0,2048.0,1.5,65.59246826171875,52.74327850341797,22.93952178955078,107.86957550048828,66.07152557373047,22.8362979888916
FUNDUS_SORTED,Train,365.jpg,0.0,3072.0,2048.0,1.5,62.51105880737305,49.801918029785156,16.097148895263672,103.20064544677734,62.90240478515625,21.430130004882812
FUNDUS_SORTED,Train,367.jpg,0.0,3072.0,2048.0,1.5,51.0093879699707,45.37540054321289,4.330165863037109,75.23188781738281,51.1422233581543,26.65406036376953
FUNDUS_SORTED,Train,368.jpg,0.0,3072.0,2048.0,1.5,52.870296478271484,44.74959182739258,10.976739883422852,81.60883331298828,50.668582916259766,26.333471298217773
FUNDUS_SORTED,Train,369.jpg,0.0,3072.0,2048.0,1.5,52.02248001098633,44.2215576171875,11.10702896118164,78.95198059082031,50.508270263671875,26.607194900512695
FUNDUS_SORTED,Train,370.jpg,0.0,3072.0,2048.0,1.5,69.47344207763672,54.982276916503906,16.583580017089844,111.11734771728516,68.94575500488281,28.35719871520996
FUNDUS_SORTED,Train,371.jpg,0.0,3072.0,2048.0,1.5,70.5505142211914,56.309425354003906,15.540298461914062,113.865478515625,70.60973358154297,27.17633056640625
FUNDUS_SORTED,Train,372.jpg,0.0,3072.0,2048.0,1.5,58.216129302978516,46.82965850830078,14.931055068969727,95.3485107421875,56.441375732421875,22.85850715637207
FUNDUS_SORTED,Train,373.jpg,0.0,3072.0,2048.0,1.5,64.81599426269531,52.33823776245117,16.961097717285156,99.8043441772461,67.77161407470703,26.872032165527344
FUNDUS_SORTED,Train,374.jpg,0.0,3072.0,2048.0,1.5,66.15291595458984,53.57362747192383,15.824045181274414,99.97281646728516,68.91065216064453,29.575265884399414
FUNDUS_SORTED,Train,375.jpg,0.0,3072.0,2048.0,1.5,63.84421920776367,52.277549743652344,15.940340995788574,101.29296875,60.69149398803711,29.548187255859375
FUNDUS_SORTED,Train,376.jpg,0.0,3072.0,2048.0,1.5,63.869293212890625,52.98158264160156,20.24512481689453,98.401611328125,63.57763671875,29.62864112854004
FUNDUS_SORTED,Train,378.jpg,0.0,3072.0,2048.0,1.5,74.6511001586914,52.883358001708984,3.327155590057373,139.16064453125,67.678466796875,17.11421012878418
FUNDUS_SORTED,Train,379.jpg,0.0,3072.0,2048.0,1.5,72.91415405273438,57.95962905883789,24.397605895996094,101.14215850830078,71.9288101196289,45.67148208618164
FUNDUS_SORTED,Train,380.jpg,0.0,3072.0,2048.0,1.5,68.92871856689453,54.042015075683594,20.237586975097656,97.55489349365234,67.86872100830078,41.362548828125
FUNDUS_SORTED,Train,384.jpg,0.0,3072.0,2048.0,1.5,76.89640045166016,52.0325927734375,2.8186099529266357,118.65059661865234,68.68804931640625,43.35056686401367
FUNDUS_SORTED,Train,387.jpg,0.0,3072.0,2048.0,1.5,59.5274772644043,48.61186599731445,14.218955993652344,106.96646881103516,54.31130599975586,17.304636001586914
FUNDUS_SORTED,Train,388.jpg,0.0,3072.0,2048.0,1.5,69.0264663696289,55.50704574584961,15.588107109069824,119.23513793945312,65.17491912841797,22.669326782226562
FUNDUS_SORTED,Train,391.jpg,0.0,3072.0,2048.0,1.5,76.63680267333984,53.06455612182617,3.510484218597412,120.6413345336914,70.93213653564453,38.33693313598633
FUNDUS_SORTED,Train,392.jpg,0.0,3072.0,2048.0,1.5,84.56417083740234,58.652923583984375,2.7406439781188965,121.86676025390625,88.35540771484375,43.47035217285156
FUNDUS_SORTED,Train,393.jpg,0.0,3072.0,2048.0,1.5,87.12319946289062,55.83271026611328,2.955130100250244,125.3879165649414,92.07503509521484,43.90665054321289
FUNDUS_SORTED,Train,394.jpg,0.0,3072.0,2048.0,1.5,62.40182876586914,43.33366394042969,6.551656723022461,102.93804168701172,62.01203536987305,22.255422592163086
FUNDUS_SORTED,Train,396.jpg,0.0,3072.0,2048.0,1.5,76.82592010498047,51.08399200439453,7.792616844177246,132.3407745361328,75.54316711425781,22.59381103515625
FUNDUS_SORTED,Train,397.jpg,0.0,3072.0,2048.0,1.5,73.2984848022461,53.05074691772461,6.9414286613464355,124.30245208740234,72.31310272216797,23.279916763305664
FUNDUS_SORTED,Train,399.jpg,0.0,3072.0,2048.0,1.5,70.86756896972656,49.14955520629883,6.019724369049072,107.66252899169922,74.81742095947266,30.122751235961914
FUNDUS_SORTED,Train,400.jpg,0.0,3072.0,2048.0,1.5,73.86812591552734,51.916114807128906,6.8316755294799805,120.56238555908203,69.81167602539062,31.230310440063477
FUNDUS_SORTED,Train,401.jpg,0.0,3072.0,2048.0,1.5,75.1014175415039,52.39134979248047,6.960565567016602,117.37775421142578,73.13299560546875,34.79351043701172
FUNDUS_SORTED,Train,403.jpg,0.0,3072.0,2048.0,1.5,71.23796081542969,52.22206115722656,2.78267765045166,105.45055389404297,64.10285186767578,44.16048049926758
FUNDUS_SORTED,Train,404.jpg,0.0,3072.0,2048.0,1.5,91.64556884765625,63.502872467041016,7.345044136047363,139.53131103515625,79.64171600341797,55.76365280151367
FUNDUS_SORTED,Train,405.jpg,0.0,3072.0,2048.0,1.5,90.70067596435547,64.0910415649414,6.259997367858887,142.26470947265625,77.47888946533203,52.35842514038086
FUNDUS_SORTED,Train,406.jpg,0.0,3072.0,2048.0,1.5,68.36770629882812,45.65266799926758,7.311413764953613,112.62557220458984,67.3957290649414,25.081823348999023
FUNDUS_SORTED,Train,408.jpg,0.0,3072.0,2048.0,1.5,76.930908203125,53.590553283691406,6.777829647064209,106.36034393310547,75.97998809814453,48.452392578125
FUNDUS_SORTED,Train,409.jpg,0.0,3072.0,2048.0,1.5,80.7677993774414,57.555599212646484,7.202769756317139,110.8335952758789,79.95966339111328,51.5101318359375
FUNDUS_SORTED,Train,410.jpg,0.0,3072.0,2048.0,1.5,85.38501739501953,59.39588928222656,5.395389080047607,146.69451904296875,76.73688507080078,32.72366714477539
FUNDUS_SORTED,Train,411.jpg,0.0,3072.0,2048.0,1.5,85.68814849853516,59.48484420776367,5.719120979309082,140.65167236328125,80.26485443115234,36.14792251586914
FUNDUS_SORTED,Train,412.jpg,0.0,3072.0,2048.0,1.5,74.54698181152344,48.48884582519531,3.682326316833496,113.42313385009766,72.96009063720703,37.25770950317383
FUNDUS_SORTED,Train,413.jpg,0.0,3072.0,2048.0,1.5,74.38764190673828,48.44572448730469,3.73408842086792,112.13983154296875,72.22613525390625,38.796958923339844
FUNDUS_SORTED,Train,414.jpg,0.0,3072.0,2048.0,1.5,74.15925598144531,50.756080627441406,3.4017155170440674,123.31441497802734,72.09922790527344,27.06412696838379
FUNDUS_SORTED,Train,415.jpg,0.0,3072.0,2048.0,1.5,77.13158416748047,53.44053268432617,3.93550968170166,125.6829833984375,75.3622817993164,30.349496841430664
FUNDUS_SORTED,Train,416.jpg,0.0,3072.0,2048.0,1.5,69.14978790283203,47.55399703979492,5.861433982849121,111.50371551513672,69.94287872314453,26.002761840820312
FUNDUS_SORTED,Train,417.jpg,0.0,3072.0,2048.0,1.5,71.5092544555664,50.587711334228516,6.20082950592041,108.60558319091797,73.93283081054688,31.989364624023438
FUNDUS_SORTED,Train,418.jpg,0.0,3072.0,2048.0,1.5,80.56929779052734,55.885963439941406,3.316178321838379,128.16664123535156,79.1658935546875,34.37533950805664
FUNDUS_SORTED,Train,420.jpg,0.0,3072.0,2048.0,1.5,78.92009735107422,51.938499450683594,6.738426208496094,120.41312408447266,74.3710708618164,41.9760856628418
FUNDUS_SORTED,Train,421.jpg,0.0,3072.0,2048.0,1.5,78.19091796875,51.463436126708984,6.351177215576172,120.4315185546875,73.2580795288086,40.8831672668457
FUNDUS_SORTED,Train,422.jpg,0.0,3072.0,2048.0,1.5,70.43416595458984,48.64402770996094,4.626229286193848,113.19620513916016,65.52254486083984,32.5837516784668
FUNDUS_SORTED,Train,423.jpg,0.0,3072.0,2048.0,1.5,70.54454040527344,48.037376403808594,3.092679738998413,109.34393310546875,66.94422149658203,35.345462799072266
FUNDUS_SORTED,Train,425.jpg,0.0,3072.0,2048.0,1.5,79.64277648925781,52.904632568359375,6.751565456390381,124.6968002319336,82.2704086303711,31.961122512817383
FUNDUS_SORTED,Train,427.jpg,0.0,3072.0,2048.0,1.5,90.10465240478516,64.307861328125,5.259265899658203,138.77877807617188,81.57160186767578,49.963592529296875
FUNDUS_SORTED,Train,428.jpg,0.0,3072.0,2048.0,1.5,82.09290313720703,55.5703239440918,6.029073715209961,128.82814025878906,82.84414672851562,34.60641860961914
FUNDUS_SORTED,Train,430.jpg,0.0,3072.0,2048.0,1.5,67.03768920898438,48.160945892333984,7.430529594421387,113.85660552978516,64.5642318725586,22.692230224609375
FUNDUS_SORTED,Train,431.jpg,0.0,3072.0,2048.0,1.5,65.82738494873047,46.98878860473633,8.262693405151367,110.3808364868164,64.82889556884766,22.272415161132812
FUNDUS_SORTED,Train,434.jpg,0.0,3072.0,2048.0,1.5,80.97196960449219,57.41630935668945,4.447356224060059,118.3151626586914,81.50896453857422,43.09177780151367
FUNDUS_SORTED,Train,435.jpg,0.0,3072.0,2048.0,1.5,83.88818359375,61.28919982910156,4.123674392700195,120.72968292236328,86.89533233642578,44.03953170776367
FUNDUS_SORTED,Train,436.jpg,0.0,3072.0,2048.0,1.5,62.650543212890625,43.838279724121094,3.935067653656006,109.3691177368164,59.05049133300781,19.53203010559082
FUNDUS_SORTED,Train,437.jpg,0.0,3072.0,2048.0,1.5,65.4596939086914,45.159915924072266,4.0584025382995605,111.86783599853516,62.9377555847168,21.57349395751953
FUNDUS_SORTED,Train,438.jpg,0.0,3072.0,2048.0,1.5,72.1041259765625,50.32913589477539,3.1586835384368896,108.0774917602539,76.16206359863281,32.07282257080078
FUNDUS_SORTED,Train,443.jpg,0.0,3072.0,2048.0,1.5,76.41480255126953,49.780914306640625,2.5696773529052734,126.47147369384766,71.24102783203125,31.531906127929688
FUNDUS_SORTED,Train,444.jpg,0.0,3072.0,2048.0,1.5,66.96636199951172,47.512481689453125,3.3183534145355225,112.7704086303711,66.87147521972656,21.257198333740234
FUNDUS_SORTED,Train,445.jpg,0.0,3072.0,2048.0,1.5,69.69363403320312,49.63673400878906,3.7903084754943848,113.7511215209961,70.22183990478516,25.107933044433594
FUNDUS_SORTED,Train,446.jpg,0.0,3072.0,2048.0,1.5,81.34173583984375,54.77493667602539,3.0194272994995117,126.50534057617188,73.4044189453125,44.11543655395508
FUNDUS_SORTED,Train,447.jpg,0.0,3072.0,2048.0,1.5,72.15840911865234,52.014469146728516,3.5952272415161133,116.5870590209961,61.707855224609375,38.1803092956543
FUNDUS_SORTED,Train,448.jpg,0.0,3072.0,2048.0,1.5,73.17108917236328,49.672630310058594,3.588566780090332,121.1804428100586,71.73860168457031,26.594221115112305
FUNDUS_SORTED,Train,449.jpg,0.0,3072.0,2048.0,1.5,72.46502685546875,48.68470001220703,2.8062448501586914,120.87939453125,70.85944366455078,25.656240463256836
FUNDUS_SORTED,Train,450.jpg,0.0,3072.0,2048.0,1.5,67.43672943115234,46.147132873535156,2.952381134033203,113.13370513916016,67.1870346069336,21.989465713500977
FUNDUS_SORTED,Train,451.jpg,0.0,3072.0,2048.0,1.5,69.98299407958984,48.697242736816406,2.9940896034240723,116.7851333618164,70.26610565185547,22.897741317749023
FUNDUS_SORTED,Train,452.jpg,0.0,3072.0,2048.0,1.5,62.82728576660156,44.98560333251953,3.429504871368408,101.45609283447266,62.9317626953125,24.09400177001953
FUNDUS_SORTED,Train,453.jpg,0.0,3072.0,2048.0,1.5,63.774227142333984,45.603397369384766,3.559478759765625,104.4427490234375,63.89475631713867,22.985177993774414
FUNDUS_SORTED,Train,454.jpg,0.0,3072.0,2048.0,1.5,80.4859619140625,53.95047378540039,3.390219211578369,125.89423370361328,80.28685760498047,35.276798248291016
FUNDUS_SORTED,Train,455.jpg,0.0,3072.0,2048.0,1.5,77.97909545898438,53.982688903808594,3.6864490509033203,123.7896957397461,76.47872161865234,33.66884994506836
FUNDUS_SORTED,Train,456.jpg,0.0,3072.0,2048.0,1.5,79.38817596435547,54.60531997680664,2.527491569519043,125.434326171875,77.73641967773438,34.9937629699707
FUNDUS_SORTED,Train,459.jpg,0.0,3072.0,2048.0,1.5,67.5933609008789,47.08671951293945,2.998758316040039,115.2358627319336,66.71086883544922,20.833372116088867
FUNDUS_SORTED,Train,460.jpg,0.0,3072.0,2048.0,1.5,71.36518096923828,50.866050720214844,3.787494659423828,118.3971176147461,70.14749908447266,25.55091667175293
FUNDUS_SORTED,Train,461.jpg,0.0,3072.0,2048.0,1.5,69.15115356445312,49.104705810546875,3.7114572525024414,114.18634033203125,73.6542739868164,19.612844467163086
FUNDUS_SORTED,Train,462.jpg,0.0,3072.0,2048.0,1.5,64.46602630615234,52.164695739746094,3.759256362915039,99.76607513427734,66.5797348022461,27.052268981933594
FUNDUS_SORTED,Train,463.jpg,0.0,3072.0,2048.0,1.5,65.54265594482422,44.71828842163086,2.7408246994018555,105.28546142578125,59.2228889465332,32.119632720947266
FUNDUS_SORTED,Train,464.jpg,0.0,3072.0,2048.0,1.5,58.17683029174805,39.893455505371094,2.818511962890625,93.3819808959961,49.847469329833984,31.301050186157227
FUNDUS_SORTED,Train,466.jpg,0.0,3072.0,2048.0,1.5,62.45051956176758,43.8963737487793,3.358158588409424,110.14582061767578,63.28004837036133,13.92569351196289
FUNDUS_SORTED,Train,467.jpg,0.0,3072.0,2048.0,1.5,71.03253173828125,48.961692810058594,3.106844663619995,111.53192138671875,64.2938003540039,37.27186965942383
FUNDUS_SORTED,Train,469.jpg,0.0,3072.0,2048.0,1.5,71.59260559082031,50.23936462402344,4.816354751586914,124.81114959716797,68.50434112548828,21.46234130859375
FUNDUS_SORTED,Train,470.jpg,0.0,3072.0,2048.0,1.5,71.4621353149414,50.80196762084961,4.214886665344238,122.63849639892578,68.91939544677734,22.828529357910156
FUNDUS_SORTED,Train,471.jpg,0.0,3072.0,2048.0,1.5,68.6056900024414,46.34529113769531,3.5946855545043945,118.99959564208984,68.81196594238281,18.005516052246094
FUNDUS_SORTED,Train,472.jpg,0.0,3072.0,2048.0,1.5,67.99541473388672,46.304443359375,3.503091812133789,119.4702377319336,67.68356323242188,16.83244514465332
FUNDUS_SORTED,Train,473.jpg,0.0,3072.0,2048.0,1.5,80.36576080322266,56.81649398803711,3.4603381156921387,122.57169342041016,78.04521942138672,40.48037338256836
FUNDUS_SORTED,Train,475.jpg,0.0,3072.0,2048.0,1.5,62.32060241699219,43.13239669799805,3.08962345123291,115.03357696533203,58.52656936645508,13.401652336120605
FUNDUS_SORTED,Train,476.jpg,0.0,3072.0,2048.0,1.5,64.98479461669922,45.42818832397461,3.3980369567871094,117.97701263427734,63.0406494140625,13.936705589294434
FUNDUS_SORTED,Train,477.jpg,0.0,3072.0,2048.0,1.5,77.90332794189453,49.95992660522461,3.0210628509521484,124.7536849975586,77.79778289794922,31.158525466918945
FUNDUS_SORTED,Train,478.jpg,0.0,3072.0,2048.0,1.5,80.43262481689453,51.598934173583984,2.7494595050811768,125.33715057373047,81.42352294921875,34.53720474243164
FUNDUS_SORTED,Train,479.jpg,0.0,3072.0,2048.0,1.5,75.60208892822266,52.248233795166016,4.363973617553711,128.35484313964844,68.66851043701172,29.782934188842773
FUNDUS_SORTED,Train,481.jpg,0.0,3072.0,2048.0,1.5,75.87667846679688,53.88797378540039,3.342103958129883,120.9126205444336,72.38268280029297,34.334747314453125
FUNDUS_SORTED,Train,482.jpg,0.0,3072.0,2048.0,1.5,81.9095230102539,56.61420440673828,3.233254909515381,132.4312286376953,82.02828216552734,31.26906394958496
FUNDUS_SORTED,Validation,598.jpg,1.0,3072.0,2048.0,1.5,51.93094253540039,36.141876220703125,3.220947742462158,91.6784439086914,51.95086669921875,12.163508415222168
FUNDUS_SORTED,Validation,600.jpg,1.0,3072.0,2048.0,1.5,47.11283493041992,34.9586067199707,2.8659210205078125,75.98395538330078,41.71358871459961,23.640966415405273
FUNDUS_SORTED,Validation,601.jpg,1.0,3072.0,2048.0,1.5,67.18297576904297,46.56046676635742,3.0349268913269043,113.9590072631836,69.66779327392578,17.922121047973633
FUNDUS_SORTED,Validation,604.jpg,1.0,3072.0,2048.0,1.5,63.669979095458984,45.10496139526367,4.266183853149414,103.9403305053711,59.80983352661133,27.259765625
FUNDUS_SORTED,Validation,605.jpg,1.0,3072.0,2048.0,1.5,65.9758529663086,46.009944915771484,3.829489231109619,102.9695053100586,65.37711334228516,29.580917358398438
FUNDUS_SORTED,Validation,608.jpg,1.0,3072.0,2048.0,1.5,65.3880386352539,42.00662612915039,3.812349319458008,100.82308197021484,65.57286834716797,29.768173217773438
FUNDUS_SORTED,Validation,609.jpg,1.0,3072.0,2048.0,1.5,69.70568084716797,48.704307556152344,3.132439613342285,117.05156707763672,65.80297088623047,26.26251792907715
FUNDUS_SORTED,Validation,612.jpg,1.0,3072.0,2048.0,1.5,42.83224868774414,31.402990341186523,2.787219524383545,73.08184814453125,35.97951889038086,19.435373306274414
FUNDUS_SORTED,Validation,613.jpg,1.0,3072.0,2048.0,1.5,73.46045684814453,46.02778244018555,2.6502554416656494,115.91671752929688,82.45719146728516,22.007461547851562
FUNDUS_SORTED,Validation,615.jpg,1.0,3072.0,2048.0,1.5,55.77066421508789,40.106689453125,5.067758560180664,88.80508422851562,51.9557991027832,26.551118850708008
FUNDUS_SORTED,Validation,617.jpg,1.0,3072.0,2048.0,1.5,72.20265197753906,51.65980529785156,2.782421112060547,108.22737884521484,63.00722885131836,45.37334060668945
FUNDUS_SORTED,Validation,618.jpg,1.0,3072.0,2048.0,1.5,64.75114440917969,38.17694091796875,3.026559352874756,102.4445571899414,64.12322235107422,27.68566131591797
FUNDUS_SORTED,Validation,619.jpg,1.0,3072.0,2048.0,1.5,65.55866241455078,42.74015808105469,3.350208044052124,101.5887222290039,65.9471435546875,29.1401309967041
FUNDUS_SORTED,Validation,621.jpg,1.0,3072.0,2048.0,1.5,87.4026870727539,59.25688934326172,2.8509607315063477,131.7862548828125,87.68023681640625,42.741580963134766
FUNDUS_SORTED,Validation,622.jpg,1.0,3072.0,2048.0,1.5,77.2660140991211,53.94813919067383,2.6921181678771973,124.14495849609375,77.03388214111328,30.61918830871582
FUNDUS_SORTED,Validation,623.jpg,1.0,3072.0,2048.0,1.5,67.19664764404297,46.314212799072266,4.166193008422852,101.86712646484375,63.773983001708984,35.9488525390625
FUNDUS_SORTED,Validation,624.jpg,1.0,3072.0,2048.0,1.5,69.11334991455078,48.46071243286133,4.047801971435547,100.96481323242188,67.40209197998047,38.973167419433594
FUNDUS_SORTED,Validation,626.jpg,1.0,3072.0,2048.0,1.5,64.60236358642578,46.2935676574707,3.5533974170684814,102.74393463134766,61.6104621887207,29.45270347595215
FUNDUS_SORTED,Validation,627.jpg,1.0,3072.0,2048.0,1.5,64.41708374023438,46.221927642822266,3.1300387382507324,106.4374008178711,64.20694732666016,22.60691261291504
FUNDUS_SORTED,Validation,628.jpg,1.0,3072.0,2048.0,1.5,62.65663528442383,44.034706115722656,2.8282814025878906,107.62972259521484,61.2680549621582,19.0721378326416
FUNDUS_SORTED,Validation,630.jpg,1.0,3072.0,2048.0,1.5,67.45005798339844,46.662330627441406,2.8226966857910156,115.20220947265625,68.59109497070312,18.556875228881836
FUNDUS_SORTED,Validation,631.jpg,1.0,3072.0,2048.0,1.5,68.25475311279297,45.48832702636719,3.002779245376587,115.5888442993164,68.05521392822266,21.120201110839844
FUNDUS_SORTED,Validation,632.jpg,1.0,3072.0,2048.0,1.5,68.32915496826172,46.40053176879883,3.1417555809020996,111.37359619140625,70.43205261230469,23.18181800842285
FUNDUS_SORTED,Validation,634.jpg,1.0,3072.0,2048.0,1.5,89.52779388427734,62.52444839477539,2.6779067516326904,145.7301788330078,88.7303237915039,34.12286376953125
FUNDUS_SORTED,Validation,636.jpg,1.0,3072.0,2048.0,1.5,81.1729965209961,53.188106536865234,2.4338455200195312,113.7263412475586,89.93707275390625,39.8555793762207
FUNDUS_SORTED,Validation,638.jpg,1.0,3072.0,2048.0,1.5,62.28598403930664,46.529598236083984,3.5261662006378174,94.07791900634766,68.75767517089844,24.022363662719727
FUNDUS_SORTED,Validation,640.jpg,1.0,3072.0,2048.0,1.5,68.80280303955078,46.31539535522461,2.9128174781799316,118.1261978149414,66.86946868896484,21.412734985351562
FUNDUS_SORTED,Validation,641.jpg,1.0,3072.0,2048.0,1.5,66.37284088134766,48.14900207519531,2.851273536682129,110.69476318359375,64.47953033447266,23.944229125976562
FUNDUS_SORTED,Validation,644.jpg,1.0,3072.0,2048.0,1.5,58.271942138671875,46.05865478515625,4.05692195892334,85.91353607177734,55.75539779663086,33.146888732910156
FUNDUS_SORTED,Validation,645.jpg,1.0,3072.0,2048.0,1.5,65.73571014404297,46.73197937011719,4.949532508850098,111.15835571289062,60.9162483215332,25.132522583007812
FUNDUS_SORTED,Validation,646.jpg,1.0,3072.0,2048.0,1.5,61.95767593383789,45.145301818847656,4.7824554443359375,105.99859619140625,57.66522216796875,22.209218978881836
FUNDUS_SORTED,Validation,647.jpg,1.0,3072.0,2048.0,1.5,74.27106475830078,50.244197845458984,2.5188422203063965,113.94915771484375,67.7689208984375,41.09512710571289
FUNDUS_SORTED,Validation,648.jpg,1.0,3072.0,2048.0,1.5,70.20772552490234,47.15349197387695,2.4066672325134277,118.50247955322266,69.50472259521484,22.615951538085938
FUNDUS_SORTED,Validation,650.jpg,1.0,3072.0,2048.0,1.5,80.44012451171875,56.905757904052734,3.733452081680298,125.2795181274414,81.71503448486328,34.325843811035156
FUNDUS_SORTED,Validation,483.jpg,0.0,3072.0,2048.0,1.5,89.86286163330078,59.48603439331055,2.889834403991699,140.2466278076172,95.21204376220703,34.129913330078125
FUNDUS_SORTED,Validation,484.jpg,0.0,3072.0,2048.0,1.5,71.49358367919922,48.04484176635742,3.029780626296997,109.45893096923828,74.7840576171875,30.237756729125977
FUNDUS_SORTED,Validation,485.jpg,0.0,3072.0,2048.0,1.5,77.74855041503906,57.316184997558594,3.4754018783569336,117.8590087890625,81.34051513671875,34.046138763427734
FUNDUS_SORTED,Validation,487.jpg,0.0,3072.0,2048.0,1.5,92.0478515625,55.25202941894531,5.672826766967773,130.33787536621094,89.50858306884766,56.297088623046875
FUNDUS_SORTED,Validation,488.jpg,0.0,3072.0,2048.0,1.5,69.78520965576172,48.39139938354492,7.023484230041504,116.99886322021484,64.68289184570312,27.67386817932129
FUNDUS_SORTED,Validation,489.jpg,0.0,3072.0,2048.0,1.5,76.2887191772461,51.68819808959961,6.7769012451171875,124.05233001708984,73.02328491210938,31.790550231933594
FUNDUS_SORTED,Validation,491.jpg,0.0,3072.0,2048.0,1.5,72.36849212646484,45.659339904785156,2.7235560417175293,109.00179290771484,76.14578247070312,31.957916259765625
FUNDUS_SORTED,Validation,492.jpg,0.0,3072.0,2048.0,1.5,70.53295135498047,50.15431213378906,2.954240322113037,107.0261459350586,71.11652374267578,33.4561767578125
FUNDUS_SORTED,Validation,493.jpg,0.0,3072.0,2048.0,1.5,69.94207763671875,49.67162322998047,3.1218924522399902,106.21533203125,69.91614532470703,33.694759368896484
FUNDUS_SORTED,Validation,494.jpg,0.0,3072.0,2048.0,1.5,88.72745513916016,62.40595245361328,3.081160545349121,140.3418426513672,85.69701385498047,40.14351272583008
FUNDUS_SORTED,Validation,495.jpg,0.0,3072.0,2048.0,1.5,83.39742279052734,57.108089447021484,2.9464402198791504,135.8443145751953,81.08868408203125,33.25925827026367
FUNDUS_SORTED,Validation,497.jpg,0.0,3072.0,2048.0,1.5,66.25605010986328,42.87114715576172,2.7736263275146484,113.67221069335938,67.63380432128906,17.462141036987305
FUNDUS_SORTED,Validation,498.jpg,0.0,3072.0,2048.0,1.5,62.356048583984375,44.311866760253906,3.934929847717285,104.75350189208984,61.38154220581055,20.933090209960938
FUNDUS_SORTED,Validation,499.jpg,0.0,3072.0,2048.0,1.5,60.44244384765625,42.734066009521484,3.3764705657958984,105.73262786865234,57.48349380493164,18.111215591430664
FUNDUS_SORTED,Validation,500.jpg,0.0,3072.0,2048.0,1.5,72.25878143310547,49.92259979248047,2.6835098266601562,131.66995239257812,68.48052978515625,16.62586212158203
FUNDUS_SORTED,Validation,501.jpg,0.0,3072.0,2048.0,1.5,69.68328094482422,47.27232360839844,2.508193254470825,128.8167724609375,66.50738525390625,13.725687980651855
FUNDUS_SORTED,Validation,502.jpg,0.0,3072.0,2048.0,1.5,78.49175262451172,53.18192672729492,2.754668951034546,122.77413177490234,81.10123443603516,31.599884033203125
FUNDUS_SORTED,Validation,503.jpg,0.0,3072.0,2048.0,1.5,79.56783294677734,52.98143005371094,2.973113775253296,126.65081787109375,80.54289245605469,31.50977325439453
FUNDUS_SORTED,Validation,504.jpg,0.0,3072.0,2048.0,1.5,72.56645965576172,49.337772369384766,2.8636584281921387,124.35003662109375,74.25892639160156,19.09039306640625
FUNDUS_SORTED,Validation,509.jpg,0.0,3072.0,2048.0,1.5,83.65242767333984,52.98537826538086,2.753166675567627,127.50313568115234,91.08719635009766,32.36695098876953
FUNDUS_SORTED,Validation,510.jpg,0.0,3072.0,2048.0,1.5,75.79541778564453,49.74390411376953,5.999157905578613,140.924560546875,66.73822784423828,19.723472595214844
FUNDUS_SORTED,Validation,513.jpg,0.0,3072.0,2048.0,1.5,73.58707427978516,48.65704345703125,2.953953742980957,120.34850311279297,70.45240783691406,29.9603271484375
FUNDUS_SORTED,Validation,517.jpg,0.0,3072.0,2048.0,1.5,72.00476837158203,50.8670539855957,4.142223358154297,109.238525390625,71.62200927734375,35.15376281738281
FUNDUS_SORTED,Validation,518.jpg,0.0,3072.0,2048.0,1.5,70.54718017578125,47.903499603271484,2.939037799835205,121.21451568603516,69.61888122558594,20.80813980102539
FUNDUS_SORTED,Validation,520.jpg,0.0,3072.0,2048.0,1.5,72.89328002929688,51.6152229309082,3.1920676231384277,118.19635009765625,64.2768325805664,36.20664596557617
FUNDUS_SORTED,Validation,521.jpg,0.0,3072.0,2048.0,1.5,70.9262924194336,45.13961410522461,2.8157410621643066,125.68167877197266,67.64115142822266,19.45604705810547
FUNDUS_SORTED,Validation,522.jpg,0.0,3072.0,2048.0,1.5,69.52962493896484,44.281654357910156,2.4389500617980957,122.93856048583984,66.15005493164062,19.500267028808594
FUNDUS_SORTED,Validation,525.jpg,0.0,3072.0,2048.0,1.5,76.20589447021484,54.75249099731445,3.2359628677368164,124.51898193359375,75.00469207763672,29.094018936157227
FUNDUS_SORTED,Validation,526.jpg,0.0,3072.0,2048.0,1.5,73.55709075927734,51.011444091796875,2.8441812992095947,123.70684051513672,73.58001708984375,23.3844051361084
FUNDUS_SORTED,Validation,527.jpg,0.0,3072.0,2048.0,1.5,94.1350326538086,63.64977264404297,2.4028120040893555,127.9918441772461,100.9090576171875,53.504180908203125
FUNDUS_SORTED,Validation,529.jpg,0.0,3072.0,2048.0,1.5,70.05615997314453,50.24152374267578,2.858243942260742,116.2564697265625,70.58687591552734,23.325149536132812
FUNDUS_SORTED,Validation,530.jpg,0.0,3072.0,2048.0,1.5,70.19908905029297,50.7176628112793,3.3050522804260254,116.68067169189453,71.04739379882812,22.86919403076172
FUNDUS_SORTED,Validation,531.jpg,0.0,3072.0,2048.0,1.5,81.82557678222656,55.70954895019531,2.240497589111328,113.9085922241211,88.7221908569336,42.8459358215332
FUNDUS_SORTED,Validation,534.jpg,0.0,3072.0,2048.0,1.5,62.340816497802734,50.482357025146484,3.0990395545959473,100.2317123413086,65.09416198730469,21.696569442749023
FUNDUS_SORTED,Validation,535.jpg,0.0,3072.0,2048.0,1.5,63.3734016418457,43.93991470336914,2.9527060985565186,118.39682006835938,59.16339111328125,12.5599946975708
FUNDUS_SORTED,Validation,536.jpg,0.0,3072.0,2048.0,1.5,66.43953704833984,45.323455810546875,2.8459157943725586,120.11299896240234,66.02404022216797,13.181571006774902
FUNDUS_SORTED,Validation,537.jpg,0.0,3072.0,2048.0,1.5,67.47608947753906,45.51869201660156,2.860374927520752,115.2789306640625,66.16974639892578,20.979595184326172
FUNDUS_SORTED,Validation,538.jpg,0.0,3072.0,2048.0,1.5,71.64682006835938,48.595516204833984,2.9627530574798584,120.7356185913086,70.97342681884766,23.231414794921875
FUNDUS_SORTED,Validation,539.jpg,0.0,3072.0,2048.0,1.5,63.359073638916016,42.82467269897461,3.2186105251312256,107.03109741210938,60.16543960571289,22.88068199157715
FUNDUS_SORTED,Validation,540.jpg,0.0,3072.0,2048.0,1.5,66.74967193603516,45.23353576660156,3.066767692565918,108.59735107421875,64.29012298583984,27.361543655395508
FUNDUS_SORTED,Validation,541.jpg,0.0,3072.0,2048.0,1.5,71.00836944580078,51.24422836303711,6.457827568054199,113.9249267578125,71.31502532958984,27.78516387939453
FUNDUS_SORTED,Validation,542.jpg,0.0,3072.0,2048.0,1.5,66.12670135498047,47.12242889404297,6.57700252532959,108.8094253540039,64.86279296875,24.70787811279297
FUNDUS_SORTED,Validation,543.jpg,0.0,3072.0,2048.0,1.5,69.32352447509766,49.24830627441406,6.643232822418213,115.80472564697266,69.56964874267578,22.596214294433594
FUNDUS_SORTED,Validation,544.jpg,0.0,3072.0,2048.0,1.5,70.58914947509766,46.105899810791016,6.315643310546875,126.87975311279297,64.76335906982422,20.12435531616211
FUNDUS_SORTED,Validation,546.jpg,0.0,3072.0,2048.0,1.5,48.59738540649414,37.66765213012695,3.9413537979125977,76.44772338867188,50.43962478637695,18.90481948852539
FUNDUS_SORTED,Validation,547.jpg,0.0,3072.0,2048.0,1.5,95.6608657836914,63.39417266845703,3.6860833168029785,152.34771728515625,91.51551055908203,43.1193962097168
FUNDUS_SORTED,Validation,548.jpg,0.0,3072.0,2048.0,1.5,96.33875274658203,63.34742736816406,4.250947952270508,153.9529266357422,91.57881927490234,43.484527587890625
FUNDUS_SORTED,Validation,551.jpg,0.0,3072.0,2048.0,1.5,73.56095123291016,51.690162658691406,2.8148598670959473,118.5728759765625,74.84980010986328,27.26017189025879
FUNDUS_SORTED,Validation,552.jpg,0.0,3072.0,2048.0,1.5,76.80239868164062,55.02688980102539,3.3058595657348633,118.33234405517578,78.4891357421875,33.58571243286133
FUNDUS_SORTED,Validation,553.jpg,0.0,3072.0,2048.0,1.5,78.23689270019531,54.53373718261719,3.907181739807129,120.01607513427734,78.2938003540039,36.40082931518555
FUNDUS_SORTED,Validation,554.jpg,0.0,3072.0,2048.0,1.5,68.68939971923828,47.61655044555664,3.248453140258789,117.11644744873047,66.73381805419922,22.217931747436523
FUNDUS_SORTED,Validation,555.jpg,0.0,3072.0,2048.0,1.5,71.59197235107422,49.1272087097168,3.2224278450012207,118.80340576171875,71.02841186523438,24.944089889526367
FUNDUS_SORTED,Validation,559.jpg,0.0,3072.0,2048.0,1.5,69.3934097290039,47.81238555908203,3.9489405155181885,110.5223388671875,68.4035415649414,29.254358291625977
FUNDUS_SORTED,Validation,561.jpg,0.0,3072.0,2048.0,1.5,51.90056228637695,38.050086975097656,6.522003173828125,95.3460922241211,49.8968505859375,10.458748817443848
FUNDUS_SORTED,Validation,562.jpg,0.0,3072.0,2048.0,1.5,60.1910285949707,41.77900314331055,6.2376532554626465,111.06352996826172,58.82379150390625,10.685775756835938
FUNDUS_SORTED,Validation,563.jpg,0.0,3072.0,2048.0,1.5,67.98120880126953,49.794925689697266,3.2698922157287598,106.85696411132812,60.4093017578125,36.677371978759766
FUNDUS_SORTED,Validation,564.jpg,0.0,3072.0,2048.0,1.5,64.1233139038086,47.11526870727539,2.9966392517089844,100.12091064453125,57.565616607666016,34.683406829833984
FUNDUS_SORTED,Validation,565.jpg,0.0,3072.0,2048.0,1.5,73.09856414794922,49.809898376464844,3.7588539123535156,123.93011474609375,68.68016815185547,26.685415267944336
FUNDUS_SORTED,Validation,566.jpg,0.0,3072.0,2048.0,1.5,73.43152618408203,50.17523193359375,3.3994369506835938,124.60989379882812,69.2468032836914,26.4378662109375
FUNDUS_SORTED,Validation,567.jpg,0.0,3072.0,2048.0,1.5,85.46492767333984,57.666290283203125,4.127132415771484,132.38302612304688,80.53362274169922,43.47810745239258
FUNDUS_SORTED,Validation,568.jpg,0.0,3072.0,2048.0,1.5,77.45374298095703,52.86599349975586,3.6583385467529297,123.37503051757812,71.4462661743164,37.53995132446289
FUNDUS_SORTED,Validation,569.jpg,0.0,3072.0,2048.0,1.5,67.65251922607422,46.93967819213867,3.363785743713379,110.47481536865234,65.11773681640625,27.36501121520996
FUNDUS_SORTED,Validation,570.jpg,0.0,3072.0,2048.0,1.5,62.79368591308594,44.592491149902344,3.5014827251434326,102.02102661132812,60.462650299072266,25.897367477416992
FUNDUS_SORTED,Validation,573.jpg,0.0,3072.0,2048.0,1.5,63.96714401245117,43.71145248413086,2.7919063568115234,107.65196990966797,62.45359420776367,21.79585838317871
FUNDUS_SORTED,Validation,574.jpg,0.0,3072.0,2048.0,1.5,67.0631332397461,44.94411849975586,2.7078447341918945,107.67538452148438,74.12494659423828,19.389062881469727
FUNDUS_SORTED,Validation,575.jpg,0.0,3072.0,2048.0,1.5,76.39319610595703,53.16228485107422,3.298818588256836,130.8445587158203,68.2010269165039,30.1340274810791
FUNDUS_SORTED,Validation,576.jpg,0.0,3072.0,2048.0,1.5,74.26874542236328,51.846893310546875,4.840054035186768,122.96511840820312,68.32176971435547,31.51936149597168
FUNDUS_SORTED,Validation,577.jpg,0.0,3072.0,2048.0,1.5,72.9211196899414,50.52931213378906,3.051849842071533,135.50794982910156,69.5694351196289,13.685973167419434
FUNDUS_SORTED,Validation,579.jpg,0.0,3072.0,2048.0,1.5,78.63949584960938,52.65836715698242,3.212218761444092,133.2686309814453,73.84231567382812,28.807558059692383
FUNDUS_SORTED,Validation,581.jpg,0.0,3072.0,2048.0,1.5,74.73856353759766,58.68037033081055,2.4226293563842773,118.38184356689453,76.90923309326172,28.92462921142578
FUNDUS_SORTED,Validation,583.jpg,0.0,3072.0,2048.0,1.5,63.16423416137695,44.27438735961914,2.613522529602051,101.4896240234375,57.14552688598633,30.857559204101562
FUNDUS_SORTED,Validation,585.jpg,0.0,3072.0,2048.0,1.5,62.598331451416016,44.69273376464844,4.107773303985596,95.98725128173828,64.6796875,27.1280517578125
FUNDUS_SORTED,Validation,587.jpg,0.0,3072.0,2048.0,1.5,84.320068359375,57.975807189941406,4.187328338623047,121.75189208984375,82.69210815429688,48.516204833984375
FUNDUS_SORTED,Validation,590.jpg,0.0,3072.0,2048.0,1.5,49.80842971801758,37.47382736206055,3.729147434234619,84.47868347167969,47.689727783203125,17.25687599182129
FUNDUS_SORTED,Validation,594.jpg,0.0,3072.0,2048.0,1.5,67.91432189941406,44.4625129699707,2.552824020385742,105.782958984375,69.74185943603516,28.218154907226562
FUNDUS_SORTED,Validation,596.jpg,0.0,3072.0,2048.0,1.5,81.15078735351562,52.42546463012695,2.5668716430664062,111.16336059570312,87.9874038696289,44.301605224609375
FUNDUS_SORTED,Validation,597.jpg,0.0,3072.0,2048.0,1.5,54.01277542114258,38.948463439941406,4.075265884399414,95.70391845703125,53.19675827026367,13.137664794921875
FUNDUS_SORTED,Validation,599.jpg,0.0,3072.0,2048.0,1.5,49.0237922668457,36.75150680541992,3.6536941528320312,78.65508270263672,41.848575592041016,26.567718505859375
FUNDUS_SORTED,Validation,602.jpg,0.0,3072.0,2048.0,1.5,73.5246810913086,48.53038787841797,2.6470882892608643,119.4913330078125,79.47840118408203,21.604310989379883
FUNDUS_SORTED,Validation,603.jpg,0.0,3072.0,2048.0,1.5,66.10623931884766,47.271697998046875,3.858719825744629,107.26973724365234,61.764530181884766,29.284433364868164
FUNDUS_SORTED,Validation,606.jpg,0.0,3072.0,2048.0,1.5,67.7728500366211,48.06372833251953,3.8399622440338135,102.09073638916016,68.47566986083984,32.752140045166016
FUNDUS_SORTED,Validation,607.jpg,0.0,3072.0,2048.0,1.5,62.513824462890625,40.1828498840332,3.9521658420562744,96.65258026123047,63.387359619140625,27.50153923034668
FUNDUS_SORTED,Validation,610.jpg,0.0,3072.0,2048.0,1.5,68.53362274169922,47.22074890136719,2.9906206130981445,113.66973876953125,64.07894134521484,27.85219383239746
FUNDUS_SORTED,Validation,611.jpg,0.0,3072.0,2048.0,1.5,40.39601135253906,29.80061149597168,2.900263547897339,70.5326156616211,33.661373138427734,16.994050979614258
FUNDUS_SORTED,Validation,614.jpg,0.0,3072.0,2048.0,1.5,68.50658416748047,47.87767791748047,2.934798240661621,110.17214965820312,59.13834762573242,36.20924758911133
FUNDUS_SORTED,Validation,616.jpg,0.0,3072.0,2048.0,1.5,60.21799850463867,42.264747619628906,3.9236154556274414,97.44388580322266,55.851837158203125,27.358245849609375
FUNDUS_SORTED,Validation,620.jpg,0.0,3072.0,2048.0,1.5,88.2492446899414,60.27333450317383,3.3287456035614014,136.26853942871094,87.7093734741211,40.76984786987305
FUNDUS_SORTED,Validation,625.jpg,0.0,3072.0,2048.0,1.5,61.31329345703125,43.637325286865234,3.831059455871582,97.5130386352539,58.20931625366211,28.217544555664062
FUNDUS_SORTED,Validation,629.jpg,0.0,3072.0,2048.0,1.5,68.46368408203125,48.35089874267578,2.886507987976074,116.60933685302734,70.03446197509766,18.74724006652832
FUNDUS_SORTED,Validation,633.jpg,0.0,3072.0,2048.0,1.5,82.63724517822266,55.0717658996582,2.51294207572937,134.67591857910156,83.3897705078125,29.84605598449707
FUNDUS_SORTED,Validation,635.jpg,0.0,3072.0,2048.0,1.5,68.10086822509766,45.737518310546875,3.03316068649292,114.2446060180664,69.27315521240234,20.78485679626465
FUNDUS_SORTED,Validation,637.jpg,0.0,3072.0,2048.0,1.5,58.37630844116211,42.525733947753906,3.267652988433838,90.84647369384766,63.84556579589844,20.436880111694336
FUNDUS_SORTED,Validation,639.jpg,0.0,3072.0,2048.0,1.5,68.81401062011719,46.70457458496094,3.0717687606811523,117.53146362304688,66.05669403076172,22.853872299194336
FUNDUS_SORTED,Validation,642.jpg,0.0,3072.0,2048.0,1.5,67.04898071289062,49.265281677246094,3.4150280952453613,109.45233154296875,65.93358612060547,25.761014938354492
FUNDUS_SORTED,Validation,643.jpg,0.0,3072.0,2048.0,1.5,63.88337707519531,45.64851379394531,4.028390884399414,98.4765625,59.79985427856445,33.37369918823242
FUNDUS_SORTED,Validation,649.jpg,0.0,3072.0,2048.0,1.5,75.14701843261719,51.2137451171875,3.798525333404541,117.5768051147461,77.22553253173828,30.638708114624023
ACRIMA,all,Im001_ACRIMA.jpg,0.0,349.0,349.0,1.0,138.5639190673828,22.86358070373535,15.882879257202148,205.1734619140625,138.67605590820312,71.84226989746094
ACRIMA,all,Im002_ACRIMA.jpg,0.0,277.0,277.0,1.0,114.7010498046875,22.721710205078125,16.701995849609375,168.4501953125,115.68829345703125,59.96466827392578
ACRIMA,all,Im003_ACRIMA.jpg,0.0,409.0,409.0,1.0,149.43809509277344,13.099879264831543,4.451381683349609,245.5924530029297,157.3214111328125,45.40040969848633
ACRIMA,all,Im004_ACRIMA.jpg,0.0,406.0,406.0,1.0,87.29900360107422,15.835631370544434,4.447139739990234,171.2010498046875,84.88912963867188,5.806826114654541
ACRIMA,all,Im005_ACRIMA.jpg,0.0,316.0,316.0,1.0,96.13243865966797,10.274553298950195,4.11726188659668,185.74383544921875,97.68083953857422,4.972650527954102
ACRIMA,all,Im006_ACRIMA.jpg,0.0,331.0,331.0,1.0,76.13770294189453,13.0399808883667,4.507372856140137,152.65121459960938,73.52945709228516,2.2324275970458984
ACRIMA,all,Im007_ACRIMA.jpg,0.0,325.0,325.0,1.0,143.5595703125,15.806639671325684,6.03133487701416,253.36245727539062,141.30398559570312,36.01224899291992
ACRIMA,all,Im008_ACRIMA.jpg,0.0,409.0,409.0,1.0,137.39944458007812,14.841689109802246,4.025299549102783,253.54420471191406,133.26589965820312,25.388179779052734
ACRIMA,all,Im009_ACRIMA.jpg,0.0,268.0,268.0,1.0,98.7852783203125,17.894969940185547,7.4091291427612305,172.3442840576172,102.58778381347656,21.42377281188965
ACRIMA,all,Im010_ACRIMA.jpg,0.0,292.0,292.0,1.0,68.30071258544922,14.30069637298584,6.058095932006836,125.0789566040039,73.3954086303711,6.427777290344238
ACRIMA,all,Im011_ACRIMA.jpg,0.0,475.0,475.0,1.0,37.67157745361328,20.738386154174805,5.081539154052734,73.57391357421875,37.78853225708008,1.652281403541565
ACRIMA,all,Im012_ACRIMA.jpg,0.0,304.0,304.0,1.0,116.62086486816406,19.43524169921875,8.236711502075195,221.4186553955078,109.70822143554688,18.735706329345703
ACRIMA,all,Im013_ACRIMA.jpg,0.0,349.0,349.0,1.0,102.10626983642578,17.313190460205078,6.050018310546875,194.58273315429688,96.22175598144531,15.51430606842041
ACRIMA,all,Im014_ACRIMA.jpg,0.0,337.0,337.0,1.0,109.99221801757812,40.551815032958984,15.484701156616211,188.51535034179688,108.13386535644531,33.32743835449219
ACRIMA,all,Im015_ACRIMA.jpg,0.0,388.0,388.0,1.0,107.99053955078125,33.593711853027344,9.611516952514648,182.50514221191406,109.06807708740234,32.39840316772461
ACRIMA,all,Im016_ACRIMA.jpg,0.0,376.0,376.0,1.0,116.94972229003906,36.11626052856445,8.04582405090332,199.68820190429688,119.81700134277344,31.343976974487305
ACRIMA,all,Im017_ACRIMA.jpg,0.0,376.0,376.0,1.0,106.28076934814453,35.842559814453125,8.41998291015625,186.95037841796875,108.59243774414062,23.29950714111328
ACRIMA,all,Im018_ACRIMA.jpg,0.0,316.0,316.0,1.0,131.28009033203125,21.613853454589844,7.242973327636719,236.42127990722656,123.5300521850586,33.88890075683594
ACRIMA,all,Im019_ACRIMA.jpg,0.0,355.0,355.0,1.0,112.84550476074219,20.667800903320312,8.7262601852417,173.8675537109375,117.81106567382812,46.85790252685547
ACRIMA,all,Im020_ACRIMA.jpg,0.0,352.0,352.0,1.0,109.48834228515625,20.78618621826172,11.608007431030273,180.40463256835938,109.9769058227539,38.08346939086914
ACRIMA,all,Im021_ACRIMA.jpg,0.0,277.0,277.0,1.0,84.15573120117188,23.674055099487305,13.551675796508789,166.06190490722656,83.93546295166016,2.469822406768799
ACRIMA,all,Im022_ACRIMA.jpg,0.0,310.0,310.0,1.0,86.89163970947266,11.154799461364746,4.503867149353027,175.39260864257812,83.27545928955078,2.006826162338257
ACRIMA,all,Im023_ACRIMA.jpg,0.0,328.0,328.0,1.0,136.9378662109375,28.41928482055664,11.069328308105469,226.4499969482422,139.38046264648438,44.983158111572266
ACRIMA,all,Im024_ACRIMA.jpg,0.0,379.0,379.0,1.0,104.68968200683594,8.083283424377441,4.3744611740112305,179.74769592285156,105.51809692382812,28.803279876708984
ACRIMA,all,Im025_ACRIMA.jpg,0.0,325.0,325.0,1.0,118.40887451171875,18.172346115112305,6.054553985595703,205.1162109375,116.9330062866211,33.177391052246094
ACRIMA,all,Im026_ACRIMA.jpg,0.0,298.0,298.0,1.0,123.64704132080078,18.83168601989746,5.589826583862305,227.310791015625,124.1683578491211,19.46196174621582
ACRIMA,all,Im027_ACRIMA.jpg,0.0,361.0,361.0,1.0,130.09939575195312,17.062782287597656,4.151916027069092,232.6125946044922,129.2713165283203,28.41428565979004
ACRIMA,all,Im028_ACRIMA.jpg,0.0,307.0,307.0,1.0,99.37969970703125,12.20719051361084,6.031125068664551,164.97744750976562,100.11688995361328,33.04475402832031
ACRIMA,all,Im029_ACRIMA.jpg,0.0,310.0,310.0,1.0,98.12380981445312,11.14815616607666,5.126686096191406,161.3222198486328,99.00891876220703,34.040279388427734
ACRIMA,all,Im030_ACRIMA.jpg,0.0,334.0,334.0,1.0,130.431884765625,27.559011459350586,7.0922627449035645,226.56954956054688,127.46806335449219,37.25804901123047
ACRIMA,all,Im031_ACRIMA.jpg,0.0,352.0,352.0,1.0,106.93635559082031,26.630199432373047,6.064509391784668,188.93894958496094,106.70552825927734,25.164594650268555
ACRIMA,all,Im032_ACRIMA.jpg,0.0,307.0,307.0,1.0,141.42955017089844,9.42115306854248,4.954126358032227,225.99496459960938,142.3828582763672,55.91087341308594
ACRIMA,all,Im033_ACRIMA.jpg,0.0,292.0,292.0,1.0,108.59651184082031,14.272311210632324,6.318362236022949,189.56105041503906,107.09919738769531,29.12928009033203
ACRIMA,all,Im034_ACRIMA.jpg,0.0,328.0,328.0,1.0,130.95974731445312,21.049047470092773,9.733566284179688,189.10049438476562,138.08815002441406,65.69059753417969
ACRIMA,all,Im035_ACRIMA.jpg,0.0,370.0,370.0,1.0,92.84530639648438,16.815032958984375,7.438979148864746,138.59371948242188,98.80509948730469,41.1370849609375
ACRIMA,all,Im036_ACRIMA.jpg,0.0,418.0,418.0,1.0,146.6976776123047,18.590538024902344,3.733013391494751,205.6081085205078,166.04978942871094,68.43511199951172
ACRIMA,all,Im037_ACRIMA.jpg,0.0,367.0,367.0,1.0,87.32861328125,12.33995246887207,6.374044418334961,141.61529541015625,97.7923355102539,22.57821273803711
ACRIMA,all,Im038_ACRIMA.jpg,0.0,358.0,358.0,1.0,96.70653533935547,12.04111385345459,6.143200874328613,148.11322021484375,107.1944808959961,34.81190490722656
ACRIMA,all,Im039_ACRIMA.jpg,0.0,376.0,376.0,1.0,122.86809539794922,25.353496551513672,7.321537017822266,198.87095642089844,130.8591766357422,38.87417221069336
ACRIMA,all,Im040_ACRIMA.jpg,0.0,508.0,508.0,1.0,121.8277359008789,46.682106018066406,13.70969009399414,188.1756134033203,132.43844604492188,44.869140625
ACRIMA,all,Im041_ACRIMA.jpg,0.0,493.0,493.0,1.0,101.3466796875,20.633041381835938,8.362459182739258,171.73826599121094,99.14230346679688,33.15947723388672
ACRIMA,all,Im042_ACRIMA.jpg,0.0,418.0,418.0,1.0,96.28868103027344,23.004072189331055,6.542490005493164,191.58526611328125,87.10346984863281,10.17733097076416
ACRIMA,all,Im043_ACRIMA.jpg,0.0,475.0,475.0,1.0,103.52861022949219,22.26105499267578,6.349307060241699,194.28517150878906,95.65081787109375,20.649816513061523
ACRIMA,all,Im044_ACRIMA.jpg,0.0,397.0,397.0,1.0,103.12187194824219,26.314245223999023,9.369430541992188,182.5741729736328,102.83646392822266,23.95498275756836
ACRIMA,all,Im045_ACRIMA.jpg,0.0,460.0,460.0,1.0,85.3658218383789,25.03389549255371,6.530808448791504,164.250732421875,82.3746337890625,9.472122192382812
ACRIMA,all,Im046_ACRIMA.jpg,0.0,307.0,307.0,1.0,100.28876495361328,21.428476333618164,7.775252819061279,169.8258056640625,103.90079498291016,27.13968276977539
ACRIMA,all,Im047_ACRIMA.jpg,0.0,394.0,394.0,1.0,99.59640502929688,20.687585830688477,6.169693946838379,181.7446746826172,100.1677474975586,16.876794815063477
ACRIMA,all,Im048_ACRIMA.jpg,0.0,454.0,454.0,1.0,134.7633056640625,25.991809844970703,4.673063278198242,227.74526977539062,137.11158752441406,39.43301773071289
ACRIMA,all,Im049_ACRIMA.jpg,0.0,283.0,283.0,1.0,110.65369415283203,28.810606002807617,9.307992935180664,200.07421875,116.38944244384766,15.49743366241455
ACRIMA,all,Im050_ACRIMA.jpg,0.0,322.0,322.0,1.0,102.67925262451172,25.605783462524414,7.970460414886475,189.8446502685547,106.86958312988281,11.323559761047363
ACRIMA,all,Im051_ACRIMA.jpg,0.0,337.0,337.0,1.0,95.2906723022461,39.04515075683594,18.247909545898438,141.6365966796875,96.94313049316406,47.29229736328125
ACRIMA,all,Im052_ACRIMA.jpg,0.0,370.0,370.0,1.0,111.78865051269531,39.92094039916992,12.906024932861328,163.15252685546875,113.69147491455078,58.52197265625
ACRIMA,all,Im053_ACRIMA.jpg,0.0,343.0,343.0,1.0,74.8785400390625,12.246793746948242,4.144574165344238,152.11798095703125,69.78914642333984,2.7284975051879883
ACRIMA,all,Im054_ACRIMA.jpg,0.0,382.0,382.0,1.0,103.03999328613281,16.706533432006836,5.636035919189453,195.02500915527344,101.51335144042969,12.581631660461426
ACRIMA,all,Im055_ACRIMA.jpg,0.0,322.0,322.0,1.0,104.5048599243164,27.238805770874023,9.701044082641602,163.88124084472656,111.650390625,37.98292922973633
ACRIMA,all,Im056_ACRIMA.jpg,0.0,370.0,370.0,1.0,97.23017883300781,23.926359176635742,7.830108642578125,149.36032104492188,106.07559967041016,36.25458908081055
ACRIMA,all,Im057_ACRIMA.jpg,0.0,370.0,370.0,1.0,87.29105377197266,16.23585319519043,5.55626916885376,160.02857971191406,87.50611114501953,14.338451385498047
ACRIMA,all,Im058_ACRIMA.jpg,0.0,331.0,331.0,1.0,88.67666625976562,12.164318084716797,4.47562313079834,155.49288940429688,89.2210464477539,21.31606101989746
ACRIMA,all,Im059_ACRIMA.jpg,0.0,337.0,337.0,1.0,136.20193481445312,31.02728843688965,9.801486015319824,223.36744689941406,127.57241821289062,57.66592025756836
ACRIMA,all,Im060_ACRIMA.jpg,0.0,316.0,316.0,1.0,137.73178100585938,25.462480545043945,8.382954597473145,237.84698486328125,135.13873291015625,40.20962142944336
ACRIMA,all,Im061_ACRIMA.jpg,0.0,343.0,343.0,1.0,108.37482452392578,34.55801010131836,13.545928955078125,173.61851501464844,108.98249816894531,42.52347946166992
ACRIMA,all,Im062_ACRIMA.jpg,0.0,337.0,337.0,1.0,104.4561996459961,33.13582229614258,12.874950408935547,167.1799774169922,106.0150375366211,40.1735954284668
ACRIMA,all,Im063_ACRIMA.jpg,0.0,364.0,364.0,1.0,114.88453674316406,26.985681533813477,7.420873641967773,195.4287567138672,119.39982604980469,29.825037002563477
ACRIMA,all,Im064_ACRIMA.jpg,0.0,343.0,343.0,1.0,112.9522705078125,29.070764541625977,16.791309356689453,184.14694213867188,119.10938262939453,35.60050582885742
ACRIMA,all,Im065_ACRIMA.jpg,0.0,265.0,265.0,1.0,107.4056625366211,25.069734573364258,8.87080192565918,206.49147033691406,100.0750732421875,15.650424003601074
ACRIMA,all,Im066_ACRIMA.jpg,0.0,364.0,364.0,1.0,100.71783447265625,22.744415283203125,6.030245780944824,199.65188598632812,91.40953826904297,11.09207820892334
ACRIMA,all,Im067_ACRIMA.jpg,0.0,370.0,370.0,1.0,114.09849548339844,29.436792373657227,10.329529762268066,197.423583984375,110.54557037353516,34.326332092285156
ACRIMA,all,Im068_ACRIMA.jpg,0.0,442.0,442.0,1.0,46.606075286865234,21.31704330444336,5.748599052429199,94.20355987548828,42.26539611816406,3.3492660522460938
ACRIMA,all,Im069_ACRIMA.jpg,0.0,442.0,442.0,1.0,80.84664916992188,12.275530815124512,5.002797603607178,125.60105895996094,90.93626403808594,26.00263023376465
ACRIMA,all,Im070_ACRIMA.jpg,0.0,460.0,460.0,1.0,109.39879608154297,25.27899932861328,7.331838607788086,181.89540100097656,115.52816772460938,30.77283477783203
ACRIMA,all,Im071_ACRIMA.jpg,0.0,331.0,331.0,1.0,132.06280517578125,16.497352600097656,6.806791305541992,243.42837524414062,124.22419738769531,28.535865783691406
ACRIMA,all,Im072_ACRIMA.jpg,0.0,502.0,502.0,1.0,121.39259338378906,18.252920150756836,6.2536516189575195,236.67376708984375,111.35334014892578,16.15068817138672
ACRIMA,all,Im073_ACRIMA.jpg,0.0,370.0,370.0,1.0,112.90099334716797,36.912986755371094,12.078142166137695,165.00694274902344,111.12034606933594,62.57569885253906
ACRIMA,all,Im074_ACRIMA.jpg,0.0,409.0,409.0,1.0,102.76057434082031,35.99931716918945,10.016639709472656,146.45321655273438,103.79631805419922,58.03218078613281
ACRIMA,all,Im075_ACRIMA.jpg,0.0,289.0,289.0,1.0,104.26411437988281,19.42927360534668,6.7068328857421875,194.66033935546875,100.01077270507812,18.121238708496094
ACRIMA,all,Im076_ACRIMA.jpg,0.0,331.0,331.0,1.0,111.6239242553711,21.631250381469727,8.869283676147461,199.66867065429688,111.19738006591797,24.0057315826416
ACRIMA,all,Im077_ACRIMA.jpg,0.0,424.0,424.0,1.0,108.39599609375,16.2448787689209,5.849427223205566,200.57444763183594,105.79610443115234,18.817428588867188
ACRIMA,all,Im078_ACRIMA.jpg,0.0,367.0,367.0,1.0,99.16049194335938,20.822769165039062,8.617095947265625,157.1575927734375,101.990478515625,38.3333740234375
ACRIMA,all,Im079_ACRIMA.jpg,0.0,349.0,349.0,1.0,101.10997772216797,20.26776885986328,7.1875505447387695,153.6845703125,106.29865264892578,43.34672164916992
ACRIMA,all,Im080_ACRIMA.jpg,0.0,376.0,376.0,1.0,143.3295440673828,18.773574829101562,4.183091163635254,246.82664489746094,129.2963104248047,53.86566925048828
ACRIMA,all,Im081_ACRIMA.jpg,0.0,325.0,325.0,1.0,109.50057220458984,25.306442260742188,8.573868751525879,195.519775390625,107.55011749267578,25.43182945251465
ACRIMA,all,Im082_ACRIMA.jpg,0.0,367.0,367.0,1.0,114.58659362792969,29.915136337280273,7.768918991088867,204.04566955566406,113.78963470458984,25.92449188232422
ACRIMA,all,Im083_ACRIMA.jpg,0.0,283.0,283.0,1.0,133.0660858154297,24.328468322753906,11.223075866699219,231.43333435058594,127.97550201416016,39.78944778442383
ACRIMA,all,Im084_ACRIMA.jpg,0.0,316.0,316.0,1.0,142.8839569091797,25.385398864746094,9.068842887878418,237.2344512939453,142.5593719482422,48.85802459716797
ACRIMA,all,Im085_ACRIMA.jpg,0.0,403.0,403.0,1.0,101.93667602539062,30.311752319335938,7.393532752990723,174.2303466796875,102.45765686035156,29.12204933166504
ACRIMA,all,Im086_ACRIMA.jpg,0.0,409.0,409.0,1.0,94.35269927978516,25.128643035888672,5.6406707763671875,165.7305908203125,95.13002014160156,22.197481155395508
ACRIMA,all,Im087_ACRIMA.jpg,0.0,337.0,337.0,1.0,94.95040893554688,19.567092895507812,5.490525245666504,177.0751495361328,97.47986602783203,10.296198844909668
ACRIMA,all,Im088_ACRIMA.jpg,0.0,454.0,454.0,1.0,104.68196868896484,24.32895851135254,8.411253929138184,192.75369262695312,104.89822387695312,16.393957138061523
ACRIMA,all,Im089_ACRIMA.jpg,0.0,397.0,397.0,1.0,45.262351989746094,20.568387985229492,6.404510498046875,87.9235610961914,43.80570983886719,4.057788372039795
ACRIMA,all,Im090_ACRIMA.jpg,0.0,382.0,382.0,1.0,84.5479736328125,21.88652801513672,6.251967430114746,152.1982421875,88.59234619140625,12.853334426879883
ACRIMA,all,Im091_ACRIMA.jpg,0.0,397.0,397.0,1.0,95.44452667236328,22.916187286376953,7.485848426818848,156.5828094482422,101.47412109375,28.276634216308594
ACRIMA,all,Im092_ACRIMA.jpg,0.0,292.0,292.0,1.0,81.00680541992188,21.36511993408203,7.883945465087891,141.35928344726562,87.78993225097656,13.871199607849121
ACRIMA,all,Im093_ACRIMA.jpg,0.0,277.0,277.0,1.0,104.5577392578125,22.772706985473633,9.328493118286133,184.17044067382812,107.88872528076172,21.614057540893555
ACRIMA,all,Im094_ACRIMA.jpg,0.0,388.0,388.0,1.0,122.11334991455078,35.462432861328125,8.397441864013672,205.89634704589844,120.0191421508789,40.42454528808594
ACRIMA,all,Im095_ACRIMA.jpg,0.0,355.0,355.0,1.0,106.50548553466797,33.22285079956055,7.824827194213867,162.21694946289062,113.01383972167969,44.285648345947266
ACRIMA,all,Im096_ACRIMA.jpg,0.0,316.0,316.0,1.0,110.65946197509766,13.834205627441406,7.356553077697754,189.5362548828125,106.12792205810547,36.31422424316406
ACRIMA,all,Im097_ACRIMA.jpg,0.0,376.0,376.0,1.0,111.36073303222656,14.54521369934082,7.280108451843262,191.4153289794922,105.15196228027344,37.5149040222168
ACRIMA,all,Im098_ACRIMA.jpg,0.0,322.0,322.0,1.0,76.39202880859375,10.45228385925293,3.1093902587890625,153.3105926513672,74.27281951904297,1.5926661491394043
ACRIMA,all,Im099_ACRIMA.jpg,0.0,349.0,349.0,1.0,75.84929656982422,13.465109825134277,4.253155708312988,153.1044921875,72.25264739990234,2.1907126903533936
ACRIMA,all,Im100_ACRIMA.jpg,0.0,364.0,364.0,1.0,126.75347137451172,20.636045455932617,9.047157287597656,223.5712127685547,117.65443420410156,39.03474044799805
ACRIMA,all,Im101_ACRIMA.jpg,0.0,358.0,358.0,1.0,109.58729553222656,20.426231384277344,3.113314390182495,222.05828857421875,102.80081176757812,3.902780771255493
ACRIMA,all,Im102_ACRIMA.jpg,0.0,394.0,394.0,1.0,97.48171997070312,24.609397888183594,4.483650207519531,196.59303283691406,92.10687255859375,3.7452523708343506
ACRIMA,all,Im103_ACRIMA.jpg,0.0,379.0,379.0,1.0,118.2415771484375,18.699356079101562,7.502536296844482,231.88694763183594,105.02452087402344,17.813257217407227
ACRIMA,all,Im104_ACRIMA.jpg,0.0,376.0,376.0,1.0,98.61257934570312,37.91690444946289,16.277629852294922,191.45164489746094,88.39531707763672,15.990790367126465
ACRIMA,all,Im105_ACRIMA.jpg,0.0,370.0,370.0,1.0,96.31035614013672,23.555843353271484,9.055305480957031,149.04534912109375,106.29383087158203,33.59188461303711
ACRIMA,all,Im106_ACRIMA.jpg,0.0,346.0,346.0,1.0,98.73308563232422,22.360376358032227,6.799320220947266,149.3214569091797,109.1940689086914,37.68370056152344
ACRIMA,all,Im107_ACRIMA.jpg,0.0,475.0,475.0,1.0,135.7963104248047,23.216215133666992,8.826452255249023,216.55068969726562,130.48704528808594,60.35120391845703
ACRIMA,all,Im108_ACRIMA.jpg,0.0,487.0,487.0,1.0,141.5849609375,20.5159854888916,8.568361282348633,225.53302001953125,136.5303497314453,62.69150924682617
ACRIMA,all,Im109_ACRIMA.jpg,0.0,364.0,364.0,1.0,104.53826141357422,20.206541061401367,6.424965858459473,174.61439514160156,107.9338150024414,31.06658363342285
ACRIMA,all,Im110_ACRIMA.jpg,0.0,370.0,370.0,1.0,96.29244995117188,15.996411323547363,5.992249488830566,151.28970336914062,103.57466888427734,34.01296615600586
ACRIMA,all,Im111_ACRIMA.jpg,0.0,331.0,331.0,1.0,100.83393096923828,20.8178768157959,6.839731216430664,166.76612854003906,108.58734130859375,27.148300170898438
ACRIMA,all,Im112_ACRIMA.jpg,0.0,364.0,364.0,1.0,91.00887298583984,17.36249542236328,5.48173713684082,154.66250610351562,97.70606994628906,20.65802001953125
ACRIMA,all,Im113_ACRIMA.jpg,0.0,310.0,310.0,1.0,139.24526977539062,23.505462646484375,5.878790855407715,200.20944213867188,151.9027099609375,65.62364959716797
ACRIMA,all,Im114_ACRIMA.jpg,0.0,355.0,355.0,1.0,124.08194732666016,22.544954299926758,5.7191691398620605,188.1118621826172,133.21084594726562,50.923133850097656
ACRIMA,all,Im115_ACRIMA.jpg,0.0,343.0,343.0,1.0,121.84251403808594,15.278929710388184,6.844914436340332,203.1612548828125,120.40235137939453,41.96392822265625
ACRIMA,all,Im116_ACRIMA.jpg,0.0,295.0,295.0,1.0,138.28237915039062,15.291410446166992,5.850508213043213,232.31398010253906,136.2373504638672,46.295833587646484
ACRIMA,all,Im117_ACRIMA.jpg,0.0,403.0,403.0,1.0,97.45597076416016,17.2335262298584,4.91925048828125,165.08248901367188,99.82501220703125,27.460418701171875
ACRIMA,all,Im118_ACRIMA.jpg,0.0,361.0,361.0,1.0,113.40628814697266,25.619699478149414,4.871325492858887,198.5067596435547,113.25315856933594,28.45894432067871
ACRIMA,all,Im119_ACRIMA.jpg,0.0,367.0,367.0,1.0,86.04024505615234,19.289762496948242,4.797062873840332,154.40219116210938,95.46666717529297,8.251883506774902
ACRIMA,all,Im120_ACRIMA.jpg,0.0,331.0,331.0,1.0,78.98516845703125,16.206995010375977,5.311934471130371,138.98829650878906,88.06965637207031,9.897573471069336
ACRIMA,all,Im121_ACRIMA.jpg,0.0,322.0,322.0,1.0,98.90579223632812,11.967719078063965,4.480853080749512,155.18896484375,107.86570739746094,33.662696838378906
ACRIMA,all,Im122_ACRIMA.jpg,0.0,319.0,319.0,1.0,128.93264770507812,15.9037504196167,5.346343040466309,202.35890197753906,135.38478088378906,49.05424499511719
ACRIMA,all,Im123_ACRIMA.jpg,0.0,367.0,367.0,1.0,123.97404479980469,26.977712631225586,9.55434513092041,178.6713104248047,132.0913543701172,61.15948486328125
ACRIMA,all,Im124_ACRIMA.jpg,0.0,409.0,409.0,1.0,85.97946166992188,22.293975830078125,7.524754524230957,124.25508880615234,94.42345428466797,39.259830474853516
ACRIMA,all,Im125_ACRIMA.jpg,0.0,466.0,466.0,1.0,128.86598205566406,28.771446228027344,8.9529390335083,212.2069854736328,137.9852752685547,36.40566635131836
ACRIMA,all,Im126_ACRIMA.jpg,0.0,346.0,346.0,1.0,121.34913635253906,19.63964080810547,5.965421676635742,201.71458435058594,128.14419555664062,34.188621520996094
ACRIMA,all,Im127_ACRIMA.jpg,0.0,343.0,343.0,1.0,88.82282257080078,13.698087692260742,5.236173629760742,166.71011352539062,89.57939910888672,10.178947448730469
ACRIMA,all,Im128_ACRIMA.jpg,0.0,343.0,343.0,1.0,107.91444396972656,16.29181671142578,6.074012756347656,179.92079162597656,109.65792846679688,34.164581298828125
ACRIMA,all,Im129_ACRIMA.jpg,0.0,361.0,361.0,1.0,106.54598999023438,14.950203895568848,6.475893020629883,188.2424774169922,112.68794250488281,18.707551956176758
ACRIMA,all,Im130_ACRIMA.jpg,0.0,469.0,469.0,1.0,154.28126525878906,20.171934127807617,5.590824127197266,243.89959716796875,164.6796417236328,54.2645378112793
ACRIMA,all,Im131_ACRIMA.jpg,0.0,310.0,310.0,1.0,118.20965576171875,21.935976028442383,6.242795467376709,189.18190002441406,120.65220642089844,44.79487991333008
ACRIMA,all,Im132_ACRIMA.jpg,0.0,361.0,361.0,1.0,110.02410125732422,22.840496063232422,6.503983020782471,194.99395751953125,108.43061828613281,26.64773178100586
ACRIMA,all,Im133_ACRIMA.jpg,0.0,343.0,343.0,1.0,102.4177017211914,22.642791748046875,8.747589111328125,181.06771850585938,105.30677032470703,20.87862205505371
ACRIMA,all,Im134_ACRIMA.jpg,0.0,343.0,343.0,1.0,130.96600341796875,15.304020881652832,9.558268547058105,219.9166259765625,126.73487854003906,46.24650573730469
ACRIMA,all,Im135_ACRIMA.jpg,0.0,349.0,349.0,1.0,127.6731948852539,18.44403839111328,8.14367389678955,212.96881103515625,125.13558959960938,44.91518783569336
ACRIMA,all,Im136_ACRIMA.jpg,0.0,304.0,304.0,1.0,122.53802490234375,19.808135986328125,7.201173782348633,186.567138671875,131.92745971679688,49.11948013305664
ACRIMA,all,Im137_ACRIMA.jpg,0.0,376.0,376.0,1.0,108.98838806152344,22.095083236694336,7.748219966888428,166.8002166748047,117.5487060546875,42.61623764038086
ACRIMA,all,Im138_ACRIMA.jpg,0.0,376.0,376.0,1.0,86.36629486083984,20.859628677368164,6.641385555267334,132.1002960205078,93.10150909423828,33.89706802368164
ACRIMA,all,Im139_ACRIMA.jpg,0.0,364.0,364.0,1.0,135.2076416015625,24.064313888549805,8.547576904296875,195.0111083984375,145.26824951171875,65.34357452392578
ACRIMA,all,Im140_ACRIMA.jpg,0.0,301.0,301.0,1.0,109.89852142333984,17.325895309448242,5.202879905700684,209.56607055664062,105.120361328125,15.009149551391602
ACRIMA,all,Im141_ACRIMA.jpg,0.0,313.0,313.0,1.0,117.71619415283203,13.129424095153809,4.652568340301514,187.67843627929688,126.25117492675781,39.21896743774414
ACRIMA,all,Im142_ACRIMA.jpg,0.0,292.0,292.0,1.0,120.6724853515625,11.585843086242676,3.8376846313476562,190.74452209472656,129.1038360595703,42.16912078857422
ACRIMA,all,Im143_ACRIMA.jpg,0.0,424.0,424.0,1.0,131.30746459960938,20.279586791992188,5.526223182678223,226.5213165283203,138.30215454101562,29.098928451538086
ACRIMA,all,Im144_ACRIMA.jpg,0.0,397.0,397.0,1.0,119.84734344482422,20.144960403442383,5.668092727661133,210.27578735351562,123.26665496826172,25.99959945678711
ACRIMA,all,Im145_ACRIMA.jpg,0.0,346.0,346.0,1.0,124.04302215576172,16.106117248535156,5.285708427429199,190.1570281982422,132.27117919921875,49.70085906982422
ACRIMA,all,Im146_ACRIMA.jpg,0.0,337.0,337.0,1.0,134.63792419433594,15.832230567932129,5.082554817199707,195.3529815673828,146.87136840820312,61.689422607421875
ACRIMA,all,Im147_ACRIMA.jpg,0.0,439.0,439.0,1.0,159.3219451904297,11.702194213867188,2.414942741394043,252.32899475097656,172.08621215820312,53.55062484741211
ACRIMA,all,Im148_ACRIMA.jpg,0.0,355.0,355.0,1.0,170.87863159179688,13.235725402832031,2.9834885597229004,253.38839721679688,188.42359924316406,70.82393646240234
ACRIMA,all,Im149_ACRIMA.jpg,0.0,376.0,376.0,1.0,104.67289733886719,20.88208770751953,4.4299468994140625,198.08984375,109.54955291748047,6.379293441772461
ACRIMA,all,Im150_ACRIMA.jpg,0.0,328.0,328.0,1.0,109.76587677001953,18.616535186767578,6.432077407836914,162.81369018554688,112.30224609375,54.181671142578125
ACRIMA,all,Im151_ACRIMA.jpg,0.0,286.0,286.0,1.0,110.90542602539062,16.836124420166016,6.170670986175537,166.15342712402344,113.9140396118164,52.64882278442383
ACRIMA,all,Im152_ACRIMA.jpg,0.0,403.0,403.0,1.0,114.9835433959961,22.057598114013672,7.0479736328125,210.52011108398438,111.78404235839844,22.646459579467773
ACRIMA,all,Im153_ACRIMA.jpg,0.0,322.0,322.0,1.0,90.03759765625,20.472213745117188,6.41462516784668,150.62953186035156,95.32718658447266,24.156070709228516
ACRIMA,all,Im154_ACRIMA.jpg,0.0,370.0,370.0,1.0,110.72824096679688,26.521024703979492,5.760978698730469,189.69493103027344,111.87448120117188,30.615325927734375
ACRIMA,all,Im155_ACRIMA.jpg,0.0,343.0,343.0,1.0,125.0531997680664,15.92693042755127,7.38529109954834,204.24261474609375,126.84386444091797,44.073123931884766
ACRIMA,all,Im156_ACRIMA.jpg,0.0,346.0,346.0,1.0,92.57783508300781,13.780265808105469,5.723750114440918,159.4149169921875,95.63330841064453,22.68525505065918
ACRIMA,all,Im157_ACRIMA.jpg,0.0,379.0,379.0,1.0,101.86454772949219,14.493672370910645,5.48577880859375,170.2495880126953,105.11693572998047,30.227136611938477
ACRIMA,all,Im158_ACRIMA.jpg,0.0,316.0,316.0,1.0,110.88743591308594,17.251983642578125,6.069192886352539,178.51141357421875,117.46713256835938,36.683753967285156
ACRIMA,all,Im159_ACRIMA.jpg,0.0,421.0,421.0,1.0,111.7079086303711,19.357688903808594,5.074948787689209,211.57876586914062,116.0140380859375,7.530938148498535
ACRIMA,all,Im160_ACRIMA.jpg,0.0,298.0,298.0,1.0,110.54621124267578,21.732324600219727,6.171058654785156,200.68653869628906,117.6948471069336,13.257240295410156
ACRIMA,all,Im161_ACRIMA.jpg,0.0,364.0,364.0,1.0,114.98597717285156,24.436460494995117,11.315929412841797,195.17564392089844,104.92424011230469,44.85804748535156
ACRIMA,all,Im162_ACRIMA.jpg,0.0,334.0,334.0,1.0,123.3736801147461,23.411766052246094,7.789734840393066,205.25576782226562,122.8012924194336,42.06394958496094
ACRIMA,all,Im163_ACRIMA.jpg,0.0,355.0,355.0,1.0,131.4984130859375,32.24880599975586,8.591753005981445,211.90602111816406,119.60597229003906,62.983219146728516
ACRIMA,all,Im164_ACRIMA.jpg,0.0,295.0,295.0,1.0,101.6201171875,17.093294143676758,6.779721260070801,175.21212768554688,104.94942474365234,24.698810577392578
ACRIMA,all,Im165_ACRIMA.jpg,0.0,319.0,319.0,1.0,103.28985595703125,13.88277530670166,4.8242645263671875,182.2464141845703,103.9551010131836,23.668045043945312
ACRIMA,all,Im166_ACRIMA.jpg,0.0,364.0,364.0,1.0,140.10964965820312,24.829938888549805,8.183856964111328,238.34349060058594,132.38421630859375,49.601226806640625
ACRIMA,all,Im167_ACRIMA.jpg,0.0,367.0,367.0,1.0,130.2869415283203,25.247573852539062,9.049104690551758,222.78248596191406,122.49098205566406,45.58736038208008
ACRIMA,all,Im168_ACRIMA.jpg,0.0,346.0,346.0,1.0,128.95787048339844,20.00935173034668,7.045106887817383,228.1575469970703,119.5424575805664,39.17361068725586
ACRIMA,all,Im169_ACRIMA.jpg,0.0,349.0,349.0,1.0,130.52357482910156,22.162334442138672,7.395674705505371,227.5968475341797,122.59832763671875,41.37556457519531
ACRIMA,all,Im170_ACRIMA.jpg,0.0,358.0,358.0,1.0,82.88134765625,15.06865406036377,4.805754661560059,160.86929321289062,79.58309936523438,8.19165325164795
ACRIMA,all,Im171_ACRIMA.jpg,0.0,343.0,343.0,1.0,104.71968078613281,29.035160064697266,11.486337661743164,189.28916931152344,95.9046630859375,28.96520233154297
ACRIMA,all,Im172_ACRIMA.jpg,0.0,361.0,361.0,1.0,86.2235107421875,23.78472137451172,9.498527526855469,167.083251953125,75.57030487060547,16.016965866088867
ACRIMA,all,Im173_ACRIMA.jpg,0.0,292.0,292.0,1.0,108.0742416381836,22.7493953704834,7.137445449829102,205.41494750976562,99.38932037353516,19.41846466064453
ACRIMA,all,Im174_ACRIMA.jpg,0.0,298.0,298.0,1.0,90.3731460571289,20.113243103027344,7.1406145095825195,168.724853515625,87.09699249267578,15.297598838806152
ACRIMA,all,Im175_ACRIMA.jpg,0.0,361.0,361.0,1.0,58.12274932861328,15.3418607711792,5.233108043670654,120.39714050292969,50.72411346435547,3.246997833251953
ACRIMA,all,Im176_ACRIMA.jpg,0.0,364.0,364.0,1.0,76.33917236328125,19.0096435546875,7.1798295974731445,145.51271057128906,73.60668182373047,9.898110389709473
ACRIMA,all,Im177_ACRIMA.jpg,0.0,364.0,364.0,1.0,88.8663558959961,22.072986602783203,7.697601318359375,161.04562377929688,85.02339935302734,20.530054092407227
ACRIMA,all,Im178_ACRIMA.jpg,0.0,307.0,307.0,1.0,133.61949157714844,26.072141647338867,8.475616455078125,224.97108459472656,129.7490692138672,46.13831329345703
ACRIMA,all,Im179_ACRIMA.jpg,0.0,322.0,322.0,1.0,128.3083038330078,31.245573043823242,8.135433197021484,212.67979431152344,122.84695434570312,49.39813232421875
ACRIMA,all,Im180_ACRIMA.jpg,0.0,355.0,355.0,1.0,85.74129486083984,15.207098960876465,3.696597099304199,172.51107788085938,82.23526000976562,2.4775402545928955
ACRIMA,all,Im181_ACRIMA.jpg,0.0,316.0,316.0,1.0,102.73689270019531,17.077238082885742,9.234176635742188,188.93389892578125,91.96587371826172,27.310897827148438
ACRIMA,all,Im182_ACRIMA.jpg,0.0,277.0,277.0,1.0,98.69673919677734,14.682969093322754,10.749640464782715,179.3466339111328,90.02767181396484,26.715896606445312
ACRIMA,all,Im183_ACRIMA.jpg,0.0,310.0,310.0,1.0,94.46087646484375,22.217599868774414,9.802950859069824,169.31036376953125,90.98844909667969,23.08378791809082
ACRIMA,all,Im184_ACRIMA.jpg,0.0,337.0,337.0,1.0,105.3204574584961,24.79509735107422,11.21068000793457,181.33656311035156,103.06884765625,31.55596160888672
ACRIMA,all,Im185_ACRIMA.jpg,0.0,307.0,307.0,1.0,84.71647644042969,20.157978057861328,9.472112655639648,157.3370361328125,82.69434356689453,14.118059158325195
ACRIMA,all,Im186_ACRIMA.jpg,0.0,337.0,337.0,1.0,81.45304107666016,27.22831153869629,10.488844871520996,148.6194305419922,82.63048553466797,13.109184265136719
ACRIMA,all,Im187_ACRIMA.jpg,0.0,355.0,355.0,1.0,120.33956909179688,17.034719467163086,5.865083694458008,229.436767578125,105.00772857666016,26.574195861816406
ACRIMA,all,Im188_ACRIMA.jpg,0.0,364.0,364.0,1.0,104.83860778808594,16.001432418823242,6.563547611236572,203.12696838378906,92.122314453125,19.266544342041016
ACRIMA,all,Im189_ACRIMA.jpg,0.0,343.0,343.0,1.0,134.106689453125,24.05037498474121,13.349032402038574,230.3859405517578,115.9479751586914,55.98618698120117
ACRIMA,all,Im190_ACRIMA.jpg,0.0,415.0,415.0,1.0,137.21514892578125,21.67868995666504,12.499359130859375,241.32496643066406,121.40370178222656,48.91679382324219
ACRIMA,all,Im191_ACRIMA.jpg,0.0,382.0,382.0,1.0,121.68220520019531,16.310749053955078,5.229581832885742,231.6209259033203,112.5020751953125,20.92361068725586
ACRIMA,all,Im192_ACRIMA.jpg,0.0,355.0,355.0,1.0,104.2119140625,17.784425735473633,5.628528594970703,211.9567108154297,93.26881408691406,7.410228252410889
ACRIMA,all,Im193_ACRIMA.jpg,0.0,343.0,343.0,1.0,95.29792785644531,23.610889434814453,6.373745918273926,186.1232452392578,90.52194213867188,9.248578071594238
ACRIMA,all,Im194_ACRIMA.jpg,0.0,343.0,343.0,1.0,106.95436096191406,10.801473617553711,5.92962646484375,170.9405059814453,103.88526916503906,46.037315368652344
ACRIMA,all,Im195_ACRIMA.jpg,0.0,358.0,358.0,1.0,113.33341979980469,14.334847450256348,5.800952434539795,176.40707397460938,112.90921783447266,50.68395233154297
ACRIMA,all,Im196_ACRIMA.jpg,0.0,382.0,382.0,1.0,92.58531188964844,20.281780242919922,8.164667129516602,160.87551879882812,90.9369125366211,25.943490982055664
ACRIMA,all,Im197_ACRIMA.jpg,0.0,355.0,355.0,1.0,117.50469207763672,25.62888526916504,7.8877854347229,190.74078369140625,118.35216522216797,43.42111587524414
ACRIMA,all,Im198_ACRIMA.jpg,0.0,328.0,328.0,1.0,99.47908782958984,24.559585571289062,7.593829154968262,171.60321044921875,99.58340454101562,27.25062370300293
ACRIMA,all,Im199_ACRIMA.jpg,0.0,325.0,325.0,1.0,101.36795043945312,28.043678283691406,8.190608978271484,171.4435577392578,102.88651275634766,29.773765563964844
ACRIMA,all,Im200_ACRIMA.jpg,0.0,337.0,337.0,1.0,106.6329345703125,26.55961799621582,10.774300575256348,172.65147399902344,106.6136245727539,40.63370132446289
ACRIMA,all,Im201_ACRIMA.jpg,0.0,349.0,349.0,1.0,87.9414291381836,24.256473541259766,11.606582641601562,150.26295471191406,87.6715087890625,25.88983726501465
ACRIMA,all,Im202_ACRIMA.jpg,0.0,376.0,376.0,1.0,113.20378112792969,22.229427337646484,12.278794288635254,204.82174682617188,102.00579071044922,32.78379821777344
ACRIMA,all,Im203_ACRIMA.jpg,0.0,394.0,394.0,1.0,117.8375473022461,32.25958251953125,13.357975006103516,199.87042236328125,112.84855651855469,40.793670654296875
ACRIMA,all,Im204_ACRIMA.jpg,0.0,337.0,337.0,1.0,108.57850646972656,31.143884658813477,12.424047470092773,186.89073181152344,106.31212615966797,32.53264617919922
ACRIMA,all,Im205_ACRIMA.jpg,0.0,343.0,343.0,1.0,108.49156188964844,29.66822052001953,10.71445083618164,184.73533630371094,107.18035125732422,33.55900955200195
ACRIMA,all,Im206_ACRIMA.jpg,0.0,304.0,304.0,1.0,118.5222396850586,12.678912162780762,5.220910549163818,232.58592224121094,104.22980499267578,18.750974655151367
ACRIMA,all,Im207_ACRIMA.jpg,0.0,337.0,337.0,1.0,122.558837890625,11.260650634765625,4.425991058349609,237.15548706054688,107.74459838867188,22.77643585205078
ACRIMA,all,Im208_ACRIMA.jpg,0.0,265.0,265.0,1.0,64.31752014160156,15.211563110351562,8.041460037231445,120.4224853515625,65.42516326904297,7.104905605316162
ACRIMA,all,Im209_ACRIMA.jpg,0.0,322.0,322.0,1.0,106.87960815429688,28.46622085571289,10.123506546020508,174.44302368164062,106.76691436767578,39.428871154785156
ACRIMA,all,Im210_ACRIMA.jpg,0.0,298.0,298.0,1.0,101.30928802490234,28.753860473632812,10.280427932739258,160.74989318847656,103.92776489257812,39.25020217895508
ACRIMA,all,Im211_ACRIMA.jpg,0.0,388.0,388.0,1.0,107.27125549316406,29.413257598876953,7.16068696975708,201.39846801757812,100.46237182617188,19.952917098999023
ACRIMA,all,Im212_ACRIMA.jpg,0.0,463.0,463.0,1.0,114.70220184326172,31.237213134765625,8.041379928588867,208.18983459472656,109.79147338867188,26.12531280517578
ACRIMA,all,Im213_ACRIMA.jpg,0.0,343.0,343.0,1.0,124.04492950439453,17.559343338012695,8.128917694091797,214.9673614501953,116.84681701660156,40.32059860229492
ACRIMA,all,Im214_ACRIMA.jpg,0.0,310.0,310.0,1.0,117.91699981689453,22.543601989746094,11.109832763671875,208.4447479248047,105.93858337402344,39.36766052246094
ACRIMA,all,Im215_ACRIMA.jpg,0.0,319.0,319.0,1.0,111.84671783447266,24.444448471069336,11.493881225585938,194.7071533203125,103.23506164550781,37.59796905517578
ACRIMA,all,Im216_ACRIMA.jpg,0.0,379.0,379.0,1.0,52.6323127746582,18.818979263305664,6.782304286956787,106.55020141601562,45.9555778503418,5.391162872314453
ACRIMA,all,Im217_ACRIMA.jpg,0.0,391.0,391.0,1.0,131.34432983398438,19.99030303955078,8.755318641662598,234.6389923095703,115.54154968261719,43.852413177490234
ACRIMA,all,Im218_ACRIMA.jpg,0.0,322.0,322.0,1.0,117.06066131591797,24.053625106811523,6.553640365600586,198.21401977539062,114.12477111816406,38.843204498291016
ACRIMA,all,Im219_ACRIMA.jpg,0.0,352.0,352.0,1.0,95.2278060913086,16.89754867553711,6.243206024169922,154.2083740234375,106.89208221435547,24.582983016967773
ACRIMA,all,Im220_ACRIMA.jpg,0.0,355.0,355.0,1.0,85.07864379882812,19.434600830078125,6.434958457946777,136.01478576660156,100.55242919921875,18.66874122619629
ACRIMA,all,Im221_ACRIMA.jpg,0.0,340.0,340.0,1.0,107.7328872680664,27.013952255249023,6.630926132202148,162.2664337158203,125.67340087890625,35.25882339477539
ACRIMA,all,Im222_ACRIMA.jpg,0.0,388.0,388.0,1.0,115.25550079345703,48.082027435302734,17.75151252746582,149.39744567871094,127.79157257080078,68.57749938964844
ACRIMA,all,Im223_ACRIMA.jpg,0.0,394.0,394.0,1.0,145.9046173095703,14.042489051818848,3.544734001159668,240.1009521484375,156.22909545898438,41.383758544921875
ACRIMA,all,Im224_ACRIMA.jpg,0.0,313.0,313.0,1.0,73.14440155029297,7.659588813781738,3.325728178024292,143.92257690429688,73.86672973632812,1.6438874006271362
ACRIMA,all,Im225_ACRIMA.jpg,0.0,334.0,334.0,1.0,74.90477752685547,10.802202224731445,3.07932448387146,143.96798706054688,79.18195343017578,1.564380168914795
ACRIMA,all,Im226_ACRIMA.jpg,0.0,289.0,289.0,1.0,76.99482727050781,22.751771926879883,7.989115238189697,120.28501892089844,93.0125503540039,17.68691635131836
ACRIMA,all,Im227_ACRIMA.jpg,0.0,298.0,298.0,1.0,79.1154556274414,22.38528060913086,9.732620239257812,116.5153579711914,95.65838623046875,25.172616958618164
ACRIMA,all,Im228_ACRIMA.jpg,0.0,352.0,352.0,1.0,83.72990417480469,12.985920906066895,4.714780807495117,117.77265930175781,99.42909240722656,33.98795700073242
ACRIMA,all,Im229_ACRIMA.jpg,0.0,364.0,364.0,1.0,84.06217193603516,23.744976043701172,11.252422332763672,123.4741439819336,98.66224670410156,30.05013656616211
ACRIMA,all,Im230_ACRIMA.jpg,0.0,331.0,331.0,1.0,83.38091278076172,33.089744567871094,11.46131706237793,132.90052795410156,97.5887680053711,19.653453826904297
ACRIMA,all,Im231_ACRIMA.jpg,0.0,307.0,307.0,1.0,87.11431121826172,11.828418731689453,5.890866756439209,136.9411163330078,103.72386932373047,20.677959442138672
ACRIMA,all,Im232_ACRIMA.jpg,0.0,382.0,382.0,1.0,115.34052276611328,11.696181297302246,4.347916126251221,172.64308166503906,131.76004028320312,41.618446350097656
ACRIMA,all,Im233_ACRIMA.jpg,0.0,358.0,358.0,1.0,103.3373031616211,8.994443893432617,5.722358703613281,152.55943298339844,119.1808853149414,38.27156448364258
ACRIMA,all,Im234_ACRIMA.jpg,0.0,358.0,358.0,1.0,96.49768829345703,21.83140754699707,7.90751838684082,159.9051513671875,107.33303833007812,22.2548770904541
ACRIMA,all,Im235_ACRIMA.jpg,0.0,331.0,331.0,1.0,119.35203552246094,23.781835556030273,6.252558708190918,157.22543334960938,130.55221557617188,70.27847290039062
ACRIMA,all,Im236_ACRIMA.jpg,0.0,391.0,391.0,1.0,115.69173431396484,32.911224365234375,8.674600601196289,179.71719360351562,124.8181381225586,42.539878845214844
ACRIMA,all,Im237_ACRIMA.jpg,0.0,343.0,343.0,1.0,97.84095001220703,31.067462921142578,8.659550666809082,156.6807098388672,104.37654876708984,32.465614318847656
ACRIMA,all,Im238_ACRIMA.jpg,0.0,652.0,652.0,1.0,123.04521942138672,27.89461326599121,13.044078826904297,205.51072692871094,129.7886199951172,33.83633041381836
ACRIMA,all,Im239_ACRIMA.jpg,0.0,355.0,355.0,1.0,124.54390716552734,20.294902801513672,11.338446617126465,210.32131958007812,128.98643493652344,34.32396697998047
ACRIMA,all,Im240_ACRIMA.jpg,0.0,439.0,439.0,1.0,131.0951385498047,28.571542739868164,6.793594837188721,208.94175720214844,143.85110473632812,40.49256134033203
ACRIMA,all,Im241_ACRIMA.jpg,0.0,382.0,382.0,1.0,128.3795623779297,23.47254753112793,6.874876976013184,204.09230041503906,140.77865600585938,40.26770782470703
ACRIMA,all,Im242_ACRIMA.jpg,0.0,277.0,277.0,1.0,103.21150970458984,33.69445037841797,11.395174026489258,180.3720703125,109.12157440185547,20.140897750854492
ACRIMA,all,Im243_ACRIMA.jpg,0.0,382.0,382.0,1.0,106.88215637207031,23.62723731994629,8.738868713378906,173.4622039794922,116.42462921142578,30.759654998779297
ACRIMA,all,Im244_ACRIMA.jpg,0.0,388.0,388.0,1.0,95.1412353515625,25.50916862487793,9.131103515625,142.429931640625,109.079345703125,33.91440963745117
ACRIMA,all,Im245_ACRIMA.jpg,0.0,322.0,322.0,1.0,113.40411376953125,23.493507385253906,8.40571403503418,194.95668029785156,118.208251953125,27.04740333557129
ACRIMA,all,Im246_ACRIMA.jpg,0.0,277.0,277.0,1.0,101.62661743164062,23.79743766784668,10.367988586425781,173.70114135742188,108.7166748046875,22.4620418548584
ACRIMA,all,Im247_ACRIMA.jpg,0.0,268.0,268.0,1.0,145.84597778320312,43.82762908935547,22.96170425415039,215.71238708496094,157.34835815429688,64.47714233398438
ACRIMA,all,Im248_ACRIMA.jpg,0.0,340.0,340.0,1.0,111.60289001464844,14.576476097106934,7.093069076538086,177.0559844970703,122.94178771972656,34.810890197753906
ACRIMA,all,Im249_ACRIMA.jpg,0.0,310.0,310.0,1.0,95.95759582519531,16.666576385498047,7.476163864135742,150.78453063964844,108.325927734375,28.762310028076172
ACRIMA,all,Im250_ACRIMA.jpg,0.0,364.0,364.0,1.0,115.53235626220703,21.555145263671875,5.597224712371826,157.6166534423828,127.4178695678711,61.562538146972656
ACRIMA,all,Im251_ACRIMA.jpg,0.0,289.0,289.0,1.0,94.22508239746094,20.37534523010254,14.287113189697266,125.77810668945312,107.12548828125,49.771636962890625
ACRIMA,all,Im252_ACRIMA.jpg,0.0,292.0,292.0,1.0,108.00212097167969,24.302734375,12.305959701538086,144.8190155029297,121.39647674560547,57.79088592529297
ACRIMA,all,Im253_ACRIMA.jpg,0.0,271.0,271.0,1.0,125.53137969970703,20.38874626159668,13.984369277954102,198.8838653564453,131.31170654296875,46.39859390258789
ACRIMA,all,Im254_ACRIMA.jpg,0.0,340.0,340.0,1.0,93.62784576416016,17.301982879638672,8.924810409545898,169.89682006835938,94.3924789428711,16.59423828125
ACRIMA,all,Im255_ACRIMA.jpg,0.0,343.0,343.0,1.0,146.25242614746094,35.934146881103516,10.152085304260254,195.62356567382812,156.37008666992188,86.76361083984375
ACRIMA,all,Im256_ACRIMA.jpg,0.0,340.0,340.0,1.0,109.36065673828125,20.324499130249023,7.898169994354248,157.9039764404297,116.30174255371094,53.87625503540039
ACRIMA,all,Im257_ACRIMA.jpg,0.0,370.0,370.0,1.0,93.73213958740234,33.66617202758789,13.272457122802734,135.1670379638672,108.65422821044922,37.37512969970703
ACRIMA,all,Im258_ACRIMA.jpg,0.0,370.0,370.0,1.0,66.38095092773438,29.031023025512695,9.168177604675293,98.30792999267578,81.82377624511719,19.011146545410156
ACRIMA,all,Im259_ACRIMA.jpg,0.0,550.0,550.0,1.0,97.6121597290039,31.79770851135254,11.238383293151855,130.90003967285156,106.44348907470703,55.492919921875
ACRIMA,all,Im260_ACRIMA.jpg,0.0,313.0,313.0,1.0,98.42379760742188,23.867530822753906,10.468090057373047,158.57748413085938,109.64248657226562,27.051424026489258
ACRIMA,all,Im261_ACRIMA.jpg,0.0,445.0,445.0,1.0,105.94769287109375,29.76650619506836,9.27691650390625,164.406005859375,116.38053131103516,37.0565299987793
ACRIMA,all,Im262_ACRIMA.jpg,0.0,397.0,397.0,1.0,95.81073760986328,28.7384090423584,8.751420021057129,151.4877166748047,106.05317687988281,29.891307830810547
ACRIMA,all,Im263_ACRIMA.jpg,0.0,292.0,292.0,1.0,93.4217529296875,21.76758575439453,11.231612205505371,134.34466552734375,108.2681884765625,37.652408599853516
ACRIMA,all,Im264_ACRIMA.jpg,0.0,337.0,337.0,1.0,116.45716857910156,23.605554580688477,8.975465774536133,155.16954040527344,133.19940185546875,61.0025634765625
ACRIMA,all,Im265_ACRIMA.jpg,0.0,370.0,370.0,1.0,125.80695343017578,29.93490982055664,11.251053810119629,192.1253204345703,135.2583465576172,50.037166595458984
ACRIMA,all,Im266_ACRIMA.jpg,0.0,355.0,355.0,1.0,113.97538757324219,30.473495483398438,9.325834274291992,167.55203247070312,125.55952453613281,48.81461715698242
ACRIMA,all,Im267_ACRIMA.jpg,0.0,340.0,340.0,1.0,108.59144592285156,20.960433959960938,14.324910163879395,164.47129821777344,116.14601135253906,45.15701675415039
ACRIMA,all,Im268_ACRIMA.jpg,0.0,265.0,265.0,1.0,98.4376220703125,16.184438705444336,12.37837028503418,141.8538055419922,109.66617584228516,43.79288101196289
ACRIMA,all,Im269_ACRIMA.jpg,0.0,328.0,328.0,1.0,110.06816864013672,23.518030166625977,10.88050651550293,171.347900390625,123.32613372802734,35.530479431152344
ACRIMA,all,Im270_ACRIMA.jpg,0.0,346.0,346.0,1.0,99.17832946777344,23.431930541992188,10.971355438232422,158.2351837158203,111.37715148925781,27.922658920288086
ACRIMA,all,Im271_ACRIMA.jpg,0.0,352.0,352.0,1.0,87.63351440429688,15.399181365966797,6.4732666015625,149.55026245117188,95.91551971435547,17.434755325317383
ACRIMA,all,Im272_ACRIMA.jpg,0.0,433.0,433.0,1.0,81.28850555419922,15.9544095993042,6.6177215576171875,145.78858947753906,89.18452453613281,8.892394065856934
ACRIMA,all,Im273_ACRIMA.jpg,0.0,271.0,271.0,1.0,81.94110870361328,14.18688678741455,11.87430477142334,115.68449401855469,94.53046417236328,35.60835266113281
ACRIMA,all,Im274_ACRIMA.jpg,0.0,280.0,280.0,1.0,76.9224624633789,13.36372184753418,10.721574783325195,106.10846710205078,90.09965515136719,34.55927276611328
ACRIMA,all,Im275_ACRIMA.jpg,0.0,349.0,349.0,1.0,79.9467544555664,48.35089111328125,11.438247680664062,115.02542114257812,92.76270294189453,32.05215835571289
ACRIMA,all,Im276_ACRIMA.jpg,0.0,310.0,310.0,1.0,90.84107971191406,29.135705947875977,10.609222412109375,132.50155639648438,106.61026000976562,33.41140365600586
ACRIMA,all,Im277_ACRIMA.jpg,0.0,265.0,265.0,1.0,128.69064331054688,21.702911376953125,6.651608467102051,194.0278778076172,139.72007751464844,52.323974609375
ACRIMA,all,Im278_ACRIMA.jpg,0.0,283.0,283.0,1.0,145.6539306640625,20.089374542236328,5.835947513580322,197.42889404296875,162.59234619140625,76.94056701660156
ACRIMA,all,Im279_ACRIMA.jpg,0.0,343.0,343.0,1.0,65.94573211669922,15.256810188293457,5.927234649658203,98.4628677368164,71.99459075927734,27.379732131958008
ACRIMA,all,Im280_ACRIMA.jpg,0.0,337.0,337.0,1.0,78.74565887451172,23.148988723754883,6.239418983459473,103.55672454833984,94.71553802490234,37.964725494384766
ACRIMA,all,Im281_ACRIMA.jpg,0.0,352.0,352.0,1.0,112.2283706665039,32.54170227050781,7.576076507568359,147.9984130859375,129.74301147460938,58.94369125366211
ACRIMA,all,Im282_ACRIMA.jpg,0.0,328.0,328.0,1.0,91.48470306396484,23.98360824584961,6.624311447143555,160.37644958496094,101.03260803222656,13.045053482055664
ACRIMA,all,Im283_ACRIMA.jpg,0.0,370.0,370.0,1.0,108.72073364257812,25.937301635742188,5.509429931640625,169.2899627685547,108.96053314208984,47.911685943603516
ACRIMA,all,Im284_ACRIMA.jpg,0.0,322.0,322.0,1.0,124.61158752441406,34.62238693237305,8.774972915649414,199.8601837158203,121.10858917236328,52.866004943847656
ACRIMA,all,Im285_ACRIMA.jpg,0.0,388.0,388.0,1.0,68.6234359741211,37.92729949951172,10.267095565795898,100.81929016113281,78.66649627685547,26.384498596191406
ACRIMA,all,Im286_ACRIMA.jpg,0.0,331.0,331.0,1.0,63.05045700073242,37.80213928222656,10.32636547088623,98.84164428710938,70.25248718261719,20.057228088378906
ACRIMA,all,Im287_ACRIMA.jpg,0.0,283.0,283.0,1.0,113.96257781982422,20.982158660888672,9.660964965820312,216.27145385742188,100.02467346191406,25.591617584228516
ACRIMA,all,Im288_ACRIMA.jpg,0.0,343.0,343.0,1.0,112.1722412109375,19.214656829833984,9.262670516967773,212.7067413330078,99.59896087646484,24.21102523803711
ACRIMA,all,Im289_ACRIMA.jpg,0.0,343.0,343.0,1.0,69.228515625,40.54070281982422,10.365425109863281,124.24360656738281,72.83898162841797,10.60297966003418
ACRIMA,all,Im290_ACRIMA.jpg,0.0,388.0,388.0,1.0,90.59161376953125,30.33854866027832,5.724024772644043,171.973876953125,90.12430572509766,9.67665958404541
ACRIMA,all,Im291_ACRIMA.jpg,0.0,463.0,463.0,1.0,73.81002807617188,26.290616989135742,5.9094696044921875,137.49356079101562,64.01803588867188,19.918500900268555
ACRIMA,all,Im292_ACRIMA.jpg,0.0,328.0,328.0,1.0,87.34159088134766,26.067407608032227,10.627822875976562,153.86204528808594,84.25025939941406,23.912487030029297
ACRIMA,all,Im293_ACRIMA.jpg,0.0,337.0,337.0,1.0,90.8746566772461,24.72692108154297,11.521470069885254,162.4202880859375,87.17858123779297,23.025094985961914
ACRIMA,all,Im294_ACRIMA.jpg,0.0,355.0,355.0,1.0,110.85990905761719,29.02497673034668,10.891860961914062,170.31353759765625,120.67765808105469,41.58852005004883
ACRIMA,all,Im295_ACRIMA.jpg,0.0,376.0,376.0,1.0,102.70501708984375,28.623376846313477,12.544353485107422,155.7394561767578,114.00692749023438,38.368648529052734
ACRIMA,all,Im296_ACRIMA.jpg,0.0,316.0,316.0,1.0,114.67320251464844,11.891310691833496,5.4272308349609375,212.60195922851562,104.33313751220703,27.084491729736328
ACRIMA,all,Im297_ACRIMA.jpg,0.0,325.0,325.0,1.0,119.56466674804688,15.912549018859863,6.492981910705566,218.68190002441406,110.24455261230469,29.767545700073242
ACRIMA,all,Im298_ACRIMA.jpg,0.0,364.0,364.0,1.0,105.8043212890625,26.983434677124023,16.129587173461914,168.5321502685547,102.0372085571289,46.84360122680664
ACRIMA,all,Im299_ACRIMA.jpg,0.0,370.0,370.0,1.0,92.90575408935547,28.920900344848633,14.28486442565918,151.08724975585938,90.44176483154297,37.188255310058594
ACRIMA,all,Im300_ACRIMA.jpg,0.0,316.0,316.0,1.0,91.64392852783203,23.453426361083984,11.789749145507812,148.67156982421875,92.29291534423828,33.96731185913086
ACRIMA,all,Im301_ACRIMA.jpg,0.0,322.0,322.0,1.0,73.84904479980469,23.374174118041992,10.87312126159668,125.8275146484375,74.54249572753906,21.1771240234375
ACRIMA,all,Im302_ACRIMA.jpg,0.0,322.0,322.0,1.0,97.61408996582031,26.854578018188477,8.010276794433594,180.65328979492188,93.7619400024414,18.42702865600586
ACRIMA,all,Im303_ACRIMA.jpg,0.0,442.0,442.0,1.0,127.98131561279297,9.592509269714355,3.7314209938049316,252.33242797851562,111.20826721191406,20.40325164794922
ACRIMA,all,Im304_ACRIMA.jpg,0.0,277.0,277.0,1.0,82.3284683227539,26.536684036254883,8.95138168334961,137.90150451660156,82.29551696777344,26.78838539123535
ACRIMA,all,Im305_ACRIMA.jpg,0.0,313.0,313.0,1.0,61.46370315551758,21.70610237121582,6.876976490020752,111.17555236816406,61.16730880737305,12.048250198364258
ACRIMA,all,Im306_ACRIMA.jpg,0.0,301.0,301.0,1.0,104.04558563232422,23.261938095092773,14.535123825073242,186.35140991210938,92.0365982055664,33.74874496459961
ACRIMA,all,Im307_ACRIMA.jpg,0.0,316.0,316.0,1.0,98.31343078613281,29.277503967285156,12.855142593383789,182.94671630859375,83.66753387451172,28.32602882385254
ACRIMA,all,Im308_ACRIMA.jpg,0.0,352.0,352.0,1.0,124.52074432373047,22.834863662719727,8.495421409606934,205.91258239746094,115.71049499511719,51.93916320800781
ACRIMA,all,Im309_ACRIMA.jpg,0.0,343.0,343.0,1.0,68.97858428955078,8.547547340393066,3.362814426422119,151.80130004882812,53.56386184692383,1.5705870389938354
ACRIMA,all,Im310_g_ACRIMA.jpg,1.0,1054.0,1054.0,1.0,122.26426696777344,10.450828552246094,1.665245771408081,212.79298400878906,119.75303649902344,34.246742248535156
ACRIMA,all,Im311_g_ACRIMA.jpg,1.0,901.0,901.0,1.0,116.54550170898438,11.516789436340332,1.912485122680664,204.36082458496094,113.40657043457031,31.86910629272461
ACRIMA,all,Im312_g_ACRIMA.jpg,1.0,535.0,535.0,1.0,88.79686737060547,24.570051193237305,3.0126583576202393,185.59756469726562,71.11371612548828,9.679336547851562
ACRIMA,all,Im313_g_ACRIMA.jpg,1.0,307.0,307.0,1.0,93.52896118164062,15.462791442871094,2.5850534439086914,205.7174530029297,71.12946319580078,3.739975929260254
ACRIMA,all,Im314_g_ACRIMA.jpg,1.0,313.0,313.0,1.0,96.19514465332031,13.331443786621094,2.885211944580078,211.22950744628906,73.64653015136719,3.709367275238037
ACRIMA,all,Im315_g_ACRIMA.jpg,1.0,607.0,607.0,1.0,91.26405334472656,18.653562545776367,1.7918167114257812,190.66152954101562,71.36809539794922,11.762526512145996
ACRIMA,all,Im316_g_ACRIMA.jpg,1.0,604.0,604.0,1.0,98.73798370361328,36.38591003417969,2.3106942176818848,189.03944396972656,85.5125961303711,21.661909103393555
ACRIMA,all,Im317_g_ACRIMA.jpg,1.0,529.0,529.0,1.0,48.961952209472656,16.56608772277832,1.6108341217041016,101.96085357666016,37.06758499145508,7.857419013977051
ACRIMA,all,Im318_g_ACRIMA.jpg,1.0,379.0,379.0,1.0,150.54940795898438,24.106185913085938,12.393993377685547,247.99095153808594,162.17385864257812,41.48343276977539
ACRIMA,all,Im319_g_ACRIMA.jpg,1.0,436.0,418.0,1.0430622009569377,101.21895599365234,18.190876007080078,10.321805000305176,210.65145874023438,83.98868560791016,9.016746520996094
ACRIMA,all,Im320_g_ACRIMA.jpg,1.0,676.0,676.0,1.0,43.12778091430664,11.09750747680664,1.017428994178772,101.44778442382812,25.772274017333984,2.163266897201538
ACRIMA,all,Im321_g_ACRIMA.jpg,1.0,532.0,532.0,1.0,76.4854965209961,12.477042198181152,2.0170392990112305,176.04299926757812,51.06626510620117,2.3472390174865723
ACRIMA,all,Im322_g_ACRIMA.jpg,1.0,796.0,796.0,1.0,124.68914794921875,14.272351264953613,2.7131097316741943,241.7845458984375,121.13531494140625,11.147587776184082
ACRIMA,all,Im323_g_ACRIMA.jpg,1.0,904.0,904.0,1.0,133.6819610595703,14.884462356567383,1.795244812965393,248.5155487060547,139.50665283203125,13.023687362670898
ACRIMA,all,Im324_g_ACRIMA.jpg,1.0,613.0,613.0,1.0,96.08977508544922,21.97518539428711,2.600040912628174,205.49305725097656,78.33595275878906,4.44034481048584
ACRIMA,all,Im325_g_ACRIMA.jpg,1.0,574.0,574.0,1.0,103.75069427490234,22.250308990478516,2.2376461029052734,216.003662109375,89.60751342773438,5.640917778015137
ACRIMA,all,Im326_g_ACRIMA.jpg,1.0,694.0,694.0,1.0,112.0417251586914,22.11859893798828,2.403327465057373,209.06573486328125,111.6097640991211,15.449682235717773
ACRIMA,all,Im327_g_ACRIMA.jpg,1.0,637.0,637.0,1.0,104.46965789794922,18.32058334350586,1.6361937522888184,207.74639892578125,95.9476089477539,9.714961051940918
ACRIMA,all,Im328_g_ACRIMA.jpg,1.0,706.0,706.0,1.0,94.32624816894531,22.49285316467285,3.6132092475891113,168.9556884765625,86.56245422363281,27.460569381713867
ACRIMA,all,Im329_g_ACRIMA.jpg,1.0,646.0,646.0,1.0,102.8368148803711,23.79668426513672,3.954474449157715,184.62542724609375,95.65562438964844,28.22939682006836
ACRIMA,all,Im330_g_ACRIMA.jpg,1.0,595.0,595.0,1.0,87.07245635986328,11.210907936096191,1.3308687210083008,203.87588500976562,55.79878234863281,1.5426791906356812
ACRIMA,all,Im331_g_ACRIMA.jpg,1.0,694.0,694.0,1.0,92.02934265136719,13.658262252807617,1.7420129776000977,212.671875,61.4728889465332,1.9432684183120728
ACRIMA,all,Im332_g_ACRIMA.jpg,1.0,244.0,244.0,1.0,121.59667205810547,15.57101058959961,2.9103996753692627,233.86471557617188,113.85010528564453,17.07518196105957
ACRIMA,all,Im333_g_ACRIMA.jpg,1.0,421.0,421.0,1.0,89.02638244628906,9.710527420043945,1.6678420305252075,183.87562561035156,73.15225219726562,10.051252365112305
ACRIMA,all,Im334_g_ACRIMA.jpg,1.0,541.0,541.0,1.0,119.15845489501953,33.029632568359375,2.9730641841888428,210.88609313964844,113.35102081298828,33.23823928833008
ACRIMA,all,Im335_g_ACRIMA.jpg,1.0,484.0,484.0,1.0,119.00227355957031,16.37042236328125,2.222358226776123,218.98866271972656,114.16409301757812,23.85405731201172
ACRIMA,all,Im336_g_ACRIMA.jpg,1.0,286.0,286.0,1.0,108.10863494873047,14.737698554992676,3.754958391189575,218.68057250976562,98.79586029052734,6.849454879760742
ACRIMA,all,Im337_g_ACRIMA.jpg,1.0,313.0,313.0,1.0,113.67481231689453,13.842784881591797,3.6850013732910156,229.6455841064453,103.1326675415039,8.246200561523438
ACRIMA,all,Im338_g_ACRIMA.jpg,1.0,337.0,337.0,1.0,128.92723083496094,27.919898986816406,6.363595008850098,215.9229736328125,128.12852478027344,42.73015594482422
ACRIMA,all,Im339_g_ACRIMA.jpg,1.0,394.0,394.0,1.0,123.13031768798828,18.471250534057617,4.706969261169434,216.05911254882812,118.6783447265625,34.65347671508789
ACRIMA,all,Im340_g_ACRIMA.jpg,1.0,310.0,310.0,1.0,64.45536041259766,24.03518295288086,4.569129943847656,149.68902587890625,39.25458908081055,4.422455787658691
ACRIMA,all,Im341_g_ACRIMA.jpg,1.0,268.0,268.0,1.0,99.400146484375,25.83799934387207,13.003870010375977,208.31915283203125,77.02256774902344,12.858695983886719
ACRIMA,all,Im342_g_ACRIMA.jpg,1.0,205.0,205.0,1.0,65.45480346679688,20.43624496459961,7.567933082580566,143.3861083984375,48.1121940612793,4.8661274909973145
ACRIMA,all,Im343_g_ACRIMA.jpg,1.0,268.0,268.0,1.0,52.375152587890625,14.524505615234375,2.6365818977355957,120.54187774658203,34.16792297363281,2.4156548976898193
ACRIMA,all,Im344_g_ACRIMA.jpg,1.0,610.0,610.0,1.0,75.27413177490234,22.497955322265625,2.700507640838623,160.07614135742188,56.470394134521484,9.275845527648926
ACRIMA,all,Im345_g_ACRIMA.jpg,1.0,535.0,535.0,1.0,73.08755493164062,12.663458824157715,1.5322437286376953,167.7388458251953,49.85688781738281,1.6669403314590454
ACRIMA,all,Im346_g_ACRIMA.jpg,1.0,553.0,553.0,1.0,106.0066909790039,16.780622482299805,2.389547348022461,221.1398162841797,84.36477661132812,12.515461921691895
ACRIMA,all,Im347_g_ACRIMA.jpg,1.0,445.0,445.0,1.0,127.2207260131836,18.147098541259766,1.5669993162155151,209.48731994628906,139.2794189453125,32.89543151855469
ACRIMA,all,Im348_g_ACRIMA.jpg,1.0,574.0,574.0,1.0,113.59249114990234,16.06386947631836,3.9620485305786133,232.38584899902344,100.63497161865234,7.756686210632324
ACRIMA,all,Im349_g_ACRIMA.jpg,1.0,580.0,580.0,1.0,108.57330322265625,15.437995910644531,2.337468147277832,224.42591857910156,93.03271484375,8.261293411254883
ACRIMA,all,Im350_g_ACRIMA.jpg,1.0,286.0,286.0,1.0,94.79078674316406,19.637670516967773,4.877538681030273,199.2023162841797,75.8871078491211,9.282947540283203
ACRIMA,all,Im351_g_ACRIMA.jpg,1.0,274.0,274.0,1.0,101.93653869628906,20.271074295043945,3.4634416103363037,208.62193298339844,86.27330017089844,10.914380073547363
ACRIMA,all,Im352_g_ACRIMA.jpg,1.0,649.0,600.0,1.0816666666666668,88.80558776855469,18.17767906188965,3.136296272277832,175.28976440429688,74.77157592773438,16.35544204711914
ACRIMA,all,Im353_g_ACRIMA.jpg,1.0,772.0,712.0,1.0842696629213484,82.98189544677734,34.368553161621094,8.383001327514648,163.02825927734375,72.12890625,13.788487434387207
ACRIMA,all,Im354_g_ACRIMA.jpg,1.0,877.0,877.0,1.0,106.57574462890625,16.252405166625977,1.7964017391204834,224.83236694335938,90.21099090576172,4.683885097503662
ACRIMA,all,Im355_g_ACRIMA.jpg,1.0,517.0,517.0,1.0,95.10447692871094,11.696123123168945,1.8093879222869873,209.40635681152344,72.83189392089844,3.075180768966675
ACRIMA,all,Im356_g_ACRIMA.jpg,1.0,190.0,190.0,1.0,108.8759994506836,14.873108863830566,11.331092834472656,234.84254455566406,87.24811553955078,4.5373406410217285
ACRIMA,all,Im357_g_ACRIMA.jpg,1.0,178.0,178.0,1.0,106.11241149902344,12.251531600952148,4.082601547241211,221.67535400390625,88.98977661132812,7.67210578918457
ACRIMA,all,Im358_g_ACRIMA.jpg,1.0,718.0,718.0,1.0,144.55384826660156,18.0076904296875,1.8864390850067139,244.09703063964844,139.4041290283203,50.16036605834961
ACRIMA,all,Im359_g_ACRIMA.jpg,1.0,799.0,799.0,1.0,119.36783599853516,24.354351043701172,2.5541725158691406,219.35647583007812,101.23856353759766,37.508480072021484
ACRIMA,all,Im360_g_ACRIMA.jpg,1.0,292.0,292.0,1.0,127.17748260498047,20.453062057495117,6.145153522491455,232.01559448242188,120.04896545410156,29.467899322509766
ACRIMA,all,Im361_g_ACRIMA.jpg,1.0,250.0,250.0,1.0,61.33696365356445,8.420903205871582,2.5580992698669434,151.65711975097656,31.273616790771484,1.0801600217819214
ACRIMA,all,Im362_g_ACRIMA.jpg,1.0,556.0,556.0,1.0,71.87483978271484,7.830348014831543,1.2536027431488037,178.69329833984375,35.769561767578125,1.161650538444519
ACRIMA,all,Im363_g_ACRIMA.jpg,1.0,421.0,421.0,1.0,91.69495391845703,5.389280796051025,1.0732358694076538,200.22076416015625,69.64057159423828,5.223520278930664
ACRIMA,all,Im364_g_ACRIMA.jpg,1.0,379.0,379.0,1.0,121.47724914550781,8.868732452392578,1.482165813446045,243.15093994140625,113.54627990722656,7.734546661376953
ACRIMA,all,Im365_g_ACRIMA.jpg,1.0,403.0,403.0,1.0,119.66792297363281,21.0955810546875,10.358890533447266,225.0744171142578,108.27601623535156,25.653350830078125
ACRIMA,all,Im366_g_ACRIMA.jpg,1.0,391.0,391.0,1.0,105.47962951660156,11.548770904541016,2.5622620582580566,210.50379943847656,85.99163055419922,19.943458557128906
ACRIMA,all,Im367_g_ACRIMA.jpg,1.0,352.0,352.0,1.0,117.55354309082031,16.11943817138672,6.525731563568115,230.83807373046875,102.80707550048828,19.01549530029297
ACRIMA,all,Im368_g_ACRIMA.jpg,1.0,286.0,286.0,1.0,108.07022094726562,23.163618087768555,6.715529441833496,220.52609252929688,89.24908447265625,14.435510635375977
ACRIMA,all,Im369_g_ACRIMA.jpg,1.0,301.0,301.0,1.0,70.05419158935547,5.334737300872803,1.320558786392212,163.8217315673828,44.82400894165039,1.5168265104293823
ACRIMA,all,Im370_g_ACRIMA.jpg,1.0,238.0,238.0,1.0,90.75837707519531,9.112608909606934,3.055086612701416,201.50486755371094,68.3372802734375,2.432967185974121
ACRIMA,all,Im371_g_ACRIMA.jpg,1.0,196.0,196.0,1.0,81.29972076416016,24.56200408935547,11.970964431762695,173.0940704345703,61.60394287109375,9.201140403747559
ACRIMA,all,Im372_g_ACRIMA.jpg,1.0,361.0,361.0,1.0,63.66521072387695,27.973995208740234,12.383155822753906,141.32540893554688,42.907657623291016,6.762570858001709
ACRIMA,all,Im373_g_ACRIMA.jpg,1.0,259.0,259.0,1.0,88.73494720458984,20.05591583251953,4.0157060623168945,194.28855895996094,67.56790924072266,4.34837007522583
ACRIMA,all,Im374_g_ACRIMA.jpg,1.0,247.0,247.0,1.0,89.89649200439453,20.60622215270996,4.328429222106934,195.55789184570312,69.46322631835938,4.668360233306885
ACRIMA,all,Im375_g_ACRIMA.jpg,1.0,220.0,220.0,1.0,147.5760498046875,18.48689842224121,9.878040313720703,245.51710510253906,153.32290649414062,43.888118743896484
ACRIMA,all,Im376_g_ACRIMA.jpg,1.0,274.0,274.0,1.0,136.95005798339844,21.981250762939453,10.02109146118164,244.09310913085938,136.8873748779297,29.869638442993164
ACRIMA,all,Im377_g_ACRIMA.jpg,1.0,616.0,616.0,1.0,58.00825881958008,18.437702178955078,1.74556565284729,121.19744110107422,47.69007110595703,5.137267589569092
ACRIMA,all,Im378_g_ACRIMA.jpg,1.0,562.0,562.0,1.0,102.74951171875,13.592044830322266,1.6649378538131714,197.04702758789062,96.92227935791016,14.279211044311523
ACRIMA,all,Im379_g_ACRIMA.jpg,1.0,370.0,370.0,1.0,94.41544342041016,11.805618286132812,2.8915457725524902,203.42401123046875,74.62828063964844,5.194032192230225
ACRIMA,all,Im380_g_ACRIMA.jpg,1.0,496.0,496.0,1.0,115.689208984375,16.316007614135742,4.597714424133301,233.0460205078125,104.04338073730469,9.978240966796875
ACRIMA,all,Im381_g_ACRIMA.jpg,1.0,1009.0,1009.0,1.0,60.46615982055664,13.580415725708008,1.5314311981201172,137.83673095703125,37.61201477050781,5.949736595153809
ACRIMA,all,Im382_g_ACRIMA.jpg,1.0,829.0,829.0,1.0,71.00057983398438,14.863749504089355,1.4179601669311523,164.06431579589844,44.24492263793945,4.6925153732299805
ACRIMA,all,Im383_g_ACRIMA.jpg,1.0,619.0,571.0,1.084063047285464,114.7809829711914,33.46974563598633,22.205604553222656,214.060546875,115.2051010131836,15.077326774597168
ACRIMA,all,Im384_g_ACRIMA.jpg,1.0,577.0,577.0,1.0,82.24019622802734,13.65927505493164,3.7650301456451416,178.82130432128906,62.241355895996094,5.657920837402344
ACRIMA,all,Im385_g_ACRIMA.jpg,1.0,379.0,379.0,1.0,111.77647399902344,21.362476348876953,2.3322935104370117,222.30184936523438,105.72120666503906,7.30635404586792
ACRIMA,all,Im386_g_ACRIMA.jpg,1.0,403.0,403.0,1.0,106.58771514892578,23.974016189575195,2.5592010021209717,216.7098846435547,96.62158203125,6.431712627410889
ACRIMA,all,Im387_g_ACRIMA.jpg,1.0,196.0,196.0,1.0,87.0836410522461,10.51511287689209,1.9466509819030762,185.380126953125,69.91909790039062,5.951712608337402
ACRIMA,all,Im388_g_ACRIMA.jpg,1.0,208.0,208.0,1.0,94.09574890136719,12.823800086975098,3.8649563789367676,205.4335174560547,73.35699462890625,3.4967410564422607
ACRIMA,all,Im389_g_ACRIMA.jpg,1.0,364.0,364.0,1.0,116.56747436523438,16.439090728759766,4.120782375335693,222.44007873535156,113.5445556640625,13.71781063079834
ACRIMA,all,Im390_g_ACRIMA.jpg,1.0,514.0,514.0,1.0,108.0362777709961,18.652141571044922,2.466022491455078,209.16966247558594,103.94548797607422,10.993667602539062
ACRIMA,all,Im391_g_ACRIMA.jpg,1.0,691.0,691.0,1.0,58.53575897216797,14.734776496887207,1.9752196073532104,128.74928283691406,42.6851921081543,4.172781944274902
ACRIMA,all,Im392_g_ACRIMA.jpg,1.0,535.0,535.0,1.0,129.5330047607422,13.88616943359375,2.133704662322998,247.4284210205078,130.6400146484375,10.530561447143555
ACRIMA,all,Im393_g_ACRIMA.jpg,1.0,634.0,634.0,1.0,136.62539672851562,13.49282169342041,2.2421517372131348,252.38352966308594,144.2150115966797,13.277642250061035
ACRIMA,all,Im394_g_ACRIMA.jpg,1.0,283.0,283.0,1.0,89.94855499267578,13.789678573608398,4.275478363037109,190.60655212402344,71.46136474609375,7.777759552001953
ACRIMA,all,Im395_g_ACRIMA.jpg,1.0,292.0,292.0,1.0,103.20423889160156,18.118759155273438,5.792828559875488,217.72865295410156,83.2823715209961,8.601696014404297
ACRIMA,all,Im396_g_ACRIMA.jpg,1.0,229.0,229.0,1.0,92.0041732788086,15.30582046508789,2.347776174545288,198.01571655273438,74.56211853027344,3.4347171783447266
ACRIMA,all,Im397_g_ACRIMA.jpg,1.0,208.0,208.0,1.0,88.91236114501953,17.447221755981445,2.193680763244629,194.5277099609375,69.24382781982422,2.9655370712280273
ACRIMA,all,Im398_g_ACRIMA.jpg,1.0,523.0,523.0,1.0,75.48184967041016,23.457918167114258,2.275203227996826,165.3597869873047,55.87417984008789,5.211575508117676
ACRIMA,all,Im399_g_ACRIMA.jpg,1.0,412.0,412.0,1.0,78.64768981933594,18.529308319091797,2.0149335861206055,170.73060607910156,60.109195709228516,5.10328483581543
ACRIMA,all,Im400_g_ACRIMA.jpg,1.0,289.0,289.0,1.0,116.10355377197266,21.306385040283203,3.1960976123809814,228.91737365722656,108.38428497314453,11.008992195129395
ACRIMA,all,Im401_g_ACRIMA.jpg,1.0,202.0,202.0,1.0,112.97840881347656,20.93666648864746,6.988553047180176,227.03521728515625,101.88013458251953,10.019850730895996
ACRIMA,all,Im402_g_ACRIMA.jpg,1.0,364.0,364.0,1.0,143.40371704101562,14.346096992492676,6.404427528381348,249.35379028320312,151.19671630859375,29.660615921020508
ACRIMA,all,Im403_g_ACRIMA.jpg,1.0,385.0,385.0,1.0,117.72822570800781,15.451028823852539,5.564272403717041,231.93687438964844,108.02716064453125,13.220643997192383
ACRIMA,all,Im404_g_ACRIMA.jpg,1.0,238.0,238.0,1.0,134.35279846191406,19.654935836791992,10.075325965881348,248.46803283691406,124.07772827148438,30.512605667114258
ACRIMA,all,Im405_g_ACRIMA.jpg,1.0,283.0,283.0,1.0,86.37235260009766,19.711217880249023,7.009002685546875,197.26553344726562,55.11115264892578,6.740388870239258
ACRIMA,all,Im406_g_ACRIMA.jpg,1.0,265.0,265.0,1.0,84.6766128540039,16.42744255065918,5.838180065155029,187.36862182617188,61.21493911743164,5.446280002593994
ACRIMA,all,Im407_g_ACRIMA.jpg,1.0,319.0,319.0,1.0,79.27629089355469,11.24461555480957,4.952030181884766,178.48031616210938,53.70930099487305,5.639243125915527
ACRIMA,all,Im408_g_ACRIMA.jpg,1.0,445.0,445.0,1.0,117.28106689453125,22.607559204101562,2.9651293754577637,206.6190185546875,119.64286041259766,25.58134651184082
ACRIMA,all,Im409_g_ACRIMA.jpg,1.0,454.0,454.0,1.0,118.65560150146484,22.646831512451172,3.2212631702423096,214.13743591308594,120.56670379638672,21.262666702270508
ACRIMA,all,Im410_g_ACRIMA.jpg,1.0,508.0,508.0,1.0,103.48863220214844,33.48036575317383,13.022247314453125,193.7686767578125,91.91880798339844,24.778392791748047
ACRIMA,all,Im411_g_ACRIMA.jpg,1.0,331.0,331.0,1.0,105.9863052368164,17.5611629486084,5.661308288574219,222.36233520507812,90.21221923828125,5.3843793869018555
ACRIMA,all,Im412_g_ACRIMA.jpg,1.0,427.0,427.0,1.0,125.30607604980469,15.033926963806152,2.9366631507873535,225.9784393310547,125.32431030273438,24.615447998046875
ACRIMA,all,Im413_g_ACRIMA.jpg,1.0,502.0,502.0,1.0,132.45632934570312,16.630760192871094,4.280938148498535,236.23843383789062,135.35934448242188,25.771183013916016
ACRIMA,all,Im414_g_ACRIMA.jpg,1.0,406.0,406.0,1.0,124.47615814208984,16.834671020507812,8.58495044708252,226.82521057128906,124.67359161376953,21.929676055908203
ACRIMA,all,Im415_g_ACRIMA.jpg,1.0,427.0,427.0,1.0,119.68134307861328,15.494356155395508,5.135879039764404,220.61167907714844,119.6681137084961,18.764249801635742
ACRIMA,all,Im416_g_ACRIMA.jpg,1.0,529.0,529.0,1.0,56.145469665527344,17.947206497192383,2.697279214859009,121.26034545898438,38.769474029541016,8.406591415405273
ACRIMA,all,Im417_g_ACRIMA.jpg,1.0,568.0,568.0,1.0,69.07330322265625,12.837024688720703,1.6573548316955566,137.53125,53.58021545410156,16.108457565307617
ACRIMA,all,Im418_g_ACRIMA.jpg,1.0,208.0,208.0,1.0,120.74808502197266,12.071539878845215,6.628755569458008,239.8215789794922,111.09166717529297,11.3309907913208
ACRIMA,all,Im419_g_ACRIMA.jpg,1.0,178.0,178.0,1.0,127.88053894042969,11.792826652526855,6.481715202331543,243.30642700195312,122.6449966430664,17.690221786499023
ACRIMA,all,Im420_g_ACRIMA.jpg,1.0,190.0,190.0,1.0,79.00530242919922,13.966300964355469,2.205051898956299,171.69789123535156,56.401302337646484,8.916703224182129
ACRIMA,all,Im421_g_ACRIMA.jpg,1.0,217.0,217.0,1.0,130.01931762695312,18.55224609375,3.385779857635498,236.3795166015625,124.13941955566406,29.539043426513672
ACRIMA,all,Im422_g_ACRIMA.jpg,1.0,241.0,241.0,1.0,92.83509063720703,8.445173263549805,3.2814016342163086,191.3660125732422,79.71600341796875,7.423271179199219
ACRIMA,all,Im423_g_ACRIMA.jpg,1.0,247.0,247.0,1.0,107.90494537353516,8.964778900146484,1.9247676134109497,207.58688354492188,102.32475280761719,13.80320930480957
ACRIMA,all,Im424_g_ACRIMA.jpg,1.0,310.0,310.0,1.0,138.54574584960938,9.56408405303955,1.2448759078979492,247.82730102539062,144.13682556152344,23.6730899810791
ACRIMA,all,Im425_g_ACRIMA.jpg,1.0,298.0,298.0,1.0,127.70784759521484,19.67173957824707,7.141448020935059,229.4749298095703,122.63412475585938,31.014514923095703
ACRIMA,all,Im426_g_ACRIMA.jpg,1.0,262.0,262.0,1.0,115.1322250366211,20.668699264526367,5.607526779174805,207.29656982421875,109.21681213378906,28.883281707763672
ACRIMA,all,Im427_g_ACRIMA.jpg,1.0,235.0,235.0,1.0,111.00386047363281,10.18297290802002,3.586763858795166,227.86509704589844,100.00304412841797,5.143431186676025
ACRIMA,all,Im428_g_ACRIMA.jpg,1.0,394.0,394.0,1.0,83.08503723144531,12.566377639770508,1.4765651226043701,196.86270141601562,50.766788482666016,1.625628113746643
ACRIMA,all,Im429_g_ACRIMA.jpg,1.0,409.0,409.0,1.0,128.11631774902344,11.553933143615723,2.0548126697540283,251.69261169433594,123.94689178466797,8.709441184997559
ACRIMA,all,Im430_g_ACRIMA.jpg,1.0,532.0,532.0,1.0,102.34813690185547,13.766190528869629,1.421604871749878,213.50852966308594,89.15079498291016,4.385108470916748
ACRIMA,all,Im431_g_ACRIMA.jpg,1.0,547.0,547.0,1.0,108.17756652832031,10.020393371582031,1.539280891418457,220.25839233398438,98.43872833251953,5.835596561431885
ACRIMA,all,Im432_g_ACRIMA.jpg,1.0,658.0,658.0,1.0,131.3213348388672,17.051170349121094,2.3091487884521484,248.9161376953125,127.72830963134766,17.31953239440918
ACRIMA,all,Im433_g_ACRIMA.jpg,1.0,499.0,499.0,1.0,101.50738525390625,14.690272331237793,2.3096630573272705,208.90625,84.24205017089844,11.373849868774414
ACRIMA,all,Im434_g_ACRIMA.jpg,1.0,688.0,686.0,1.0029154518950438,113.14655303955078,16.086145401000977,2.108675003051758,215.7812957763672,103.4396743774414,20.21868133544922
ACRIMA,all,Im435_g_ACRIMA.jpg,1.0,748.0,741.0,1.00944669365722,105.36981964111328,12.925766944885254,1.8053529262542725,202.8186798095703,94.77758026123047,18.513193130493164
ACRIMA,all,Im436_g_ACRIMA.jpg,1.0,907.0,907.0,1.0,64.74085235595703,14.987763404846191,2.7536375522613525,120.45677947998047,55.40142822265625,18.3643798828125
ACRIMA,all,Im437_g_ACRIMA.jpg,1.0,730.0,708.0,1.0310734463276836,64.25432586669922,23.28592872619629,3.0360841751098633,108.68975830078125,60.396392822265625,23.676801681518555
ACRIMA,all,Im438_g_ACRIMA.jpg,1.0,1099.0,1099.0,1.0,129.43943786621094,32.338497161865234,3.1769988536834717,205.12875366210938,129.71450805664062,53.47507858276367
ACRIMA,all,Im439_g_ACRIMA.jpg,1.0,1120.0,1120.0,1.0,145.39593505859375,27.902359008789062,2.8735790252685547,221.20997619628906,150.5353240966797,64.44248962402344
ACRIMA,all,Im440_g_ACRIMA.jpg,1.0,451.0,451.0,1.0,119.92902374267578,23.81846046447754,2.7109577655792236,212.99600219726562,118.60893249511719,28.182126998901367
ACRIMA,all,Im441_g_ACRIMA.jpg,1.0,262.0,262.0,1.0,73.47428894042969,14.962916374206543,3.680954933166504,168.81529235839844,49.36513137817383,2.242424726486206
ACRIMA,all,Im442_g_ACRIMA.jpg,1.0,469.0,469.0,1.0,112.96419525146484,19.143800735473633,2.407071113586426,218.87490844726562,111.90018463134766,8.11751651763916
ACRIMA,all,Im443_g_ACRIMA.jpg,1.0,457.0,457.0,1.0,111.7115707397461,12.105618476867676,2.2230632305145264,222.89309692382812,105.8563003540039,6.385345458984375
ACRIMA,all,Im444_g_ACRIMA.jpg,1.0,691.0,691.0,1.0,49.97058868408203,19.9228458404541,1.9323780536651611,100.99102020263672,38.55106735229492,10.369677543640137
ACRIMA,all,Im445_g_ACRIMA.jpg,1.0,628.0,628.0,1.0,99.92387390136719,24.12462043762207,2.6657097339630127,193.92340087890625,87.68090057373047,18.167329788208008
ACRIMA,all,Im446_g_ACRIMA.jpg,1.0,403.0,403.0,1.0,114.14263916015625,14.07201862335205,2.3545217514038086,229.18722534179688,104.15364837646484,9.087082862854004
ACRIMA,all,Im447_g_ACRIMA.jpg,1.0,379.0,379.0,1.0,114.1609878540039,8.97396183013916,1.6779143810272217,234.81568908691406,101.514404296875,6.152860164642334
ACRIMA,all,Im448_g_ACRIMA.jpg,1.0,775.0,596.0,1.3003355704697988,134.0059051513672,22.305051803588867,3.118288040161133,241.62449645996094,141.60035705566406,18.792871475219727
ACRIMA,all,Im449_g_ACRIMA.jpg,1.0,556.0,515.0,1.079611650485437,115.76322174072266,24.9693546295166,2.366863250732422,220.95672607421875,113.38140869140625,12.951491355895996
ACRIMA,all,Im450_g_ACRIMA.jpg,1.0,550.0,550.0,1.0,91.05226135253906,13.223337173461914,1.6491485834121704,202.08213806152344,63.91747283935547,7.157153606414795
ACRIMA,all,Im451_g_ACRIMA.jpg,1.0,541.0,541.0,1.0,112.0166015625,18.237743377685547,1.9832559823989868,225.1669158935547,93.25468444824219,17.628185272216797
ACRIMA,all,Im452_g_ACRIMA.jpg,1.0,550.0,550.0,1.0,86.7548828125,14.47976016998291,1.6853127479553223,197.9013214111328,60.15867614746094,2.204618215560913
ACRIMA,all,Im453_g_ACRIMA.jpg,1.0,433.0,433.0,1.0,73.53034973144531,13.00086784362793,1.2591218948364258,171.57501220703125,47.51617431640625,1.4998639822006226
ACRIMA,all,Im454_g_ACRIMA.jpg,1.0,574.0,574.0,1.0,126.10098266601562,19.847900390625,3.534524440765381,242.1342010498047,123.04338073730469,13.125344276428223
ACRIMA,all,Im455_g_ACRIMA.jpg,1.0,610.0,610.0,1.0,137.18064880371094,17.61879539489746,2.4047021865844727,247.2263946533203,143.48316955566406,20.832359313964844
ACRIMA,all,Im456_g_ACRIMA.jpg,1.0,715.0,715.0,1.0,126.10760498046875,31.7434024810791,3.5245094299316406,211.11740112304688,116.93012237548828,50.275291442871094
ACRIMA,all,Im457_g_ACRIMA.jpg,1.0,781.0,781.0,1.0,114.9590072631836,20.61585235595703,3.2406435012817383,212.27468872070312,102.37660217285156,30.22575569152832
ACRIMA,all,Im458_g_ACRIMA.jpg,1.0,544.0,544.0,1.0,106.68241882324219,8.27187728881836,1.2538213729858398,215.1395721435547,95.38721466064453,9.52048397064209
ACRIMA,all,Im459_g_ACRIMA.jpg,1.0,496.0,496.0,1.0,100.68522644042969,14.253157615661621,2.4315366744995117,225.80020141601562,73.1791763305664,3.0763039588928223
ACRIMA,all,Im460_g_ACRIMA.jpg,1.0,637.0,637.0,1.0,91.49439239501953,13.8416748046875,1.2465879917144775,209.70680236816406,62.254512786865234,2.5218708515167236
ACRIMA,all,Im461_g_ACRIMA.jpg,1.0,673.0,673.0,1.0,62.32612609863281,23.414907455444336,1.6192057132720947,135.91064453125,46.344154357910156,4.723567962646484
ACRIMA,all,Im462_g_ACRIMA.jpg,1.0,802.0,802.0,1.0,94.61572265625,14.116168022155762,2.7933101654052734,200.77301025390625,72.26346588134766,10.81068229675293
ACRIMA,all,Im463_g_ACRIMA.jpg,1.0,820.0,820.0,1.0,81.55140686035156,12.35668659210205,1.9381461143493652,186.85403442382812,53.59766387939453,4.202547550201416
ACRIMA,all,Im464_g_ACRIMA.jpg,1.0,676.0,676.0,1.0,108.4310302734375,25.120929718017578,1.7820467948913574,221.57620239257812,97.4254379272461,6.29147481918335
ACRIMA,all,Im465_g_ACRIMA.jpg,1.0,565.0,565.0,1.0,95.48857116699219,16.518869400024414,1.9391897916793823,206.75244140625,76.13987731933594,3.5734012126922607
ACRIMA,all,Im466_g_ACRIMA.jpg,1.0,718.0,718.0,1.0,57.68840789794922,23.912185668945312,2.845202922821045,113.87329864501953,45.14011764526367,14.051809310913086
ACRIMA,all,Im467_g_ACRIMA.jpg,1.0,1030.0,1030.0,1.0,72.19752502441406,22.931201934814453,3.4413161277770996,142.44834899902344,56.77595901489258,17.36825942993164
ACRIMA,all,Im468_g_ACRIMA.jpg,1.0,484.0,484.0,1.0,105.84107971191406,26.126110076904297,3.8168277740478516,198.03858947753906,98.33641815185547,21.148231506347656
ACRIMA,all,Im469_g_ACRIMA.jpg,1.0,469.0,469.0,1.0,96.25605773925781,16.2028865814209,2.239030361175537,190.37615966796875,83.0420150756836,15.34998893737793
ACRIMA,all,Im470_g_ACRIMA.jpg,1.0,598.0,598.0,1.0,73.91879272460938,26.675634384155273,2.3591678142547607,149.1156463623047,58.572265625,14.068480491638184
ACRIMA,all,Im471_g_ACRIMA.jpg,1.0,631.0,631.0,1.0,45.9633674621582,19.085798263549805,1.6393789052963257,96.77857971191406,33.07305145263672,8.038476943969727
ACRIMA,all,Im472_g_ACRIMA.jpg,1.0,616.0,616.0,1.0,109.47383880615234,28.44601058959961,10.871356010437012,206.88632202148438,108.46321105957031,13.071990013122559
ACRIMA,all,Im473_g_ACRIMA.jpg,1.0,634.0,634.0,1.0,63.934688568115234,19.561506271362305,1.450325846672058,144.82223510742188,44.86703872680664,2.114781141281128
ACRIMA,all,Im474_g_ACRIMA.jpg,1.0,469.0,469.0,1.0,135.9747772216797,18.451387405395508,3.4658241271972656,252.05752563476562,134.93682861328125,20.93000030517578
ACRIMA,all,Im475_g_ACRIMA.jpg,1.0,475.0,475.0,1.0,144.04931640625,13.598963737487793,1.5067543983459473,253.94239807128906,151.4203338623047,26.785213470458984
ACRIMA,all,Im476_g_ACRIMA.jpg,1.0,490.0,490.0,1.0,103.66386413574219,19.23720359802246,1.883833646774292,187.333984375,94.36813354492188,29.289491653442383
ACRIMA,all,Im477_g_ACRIMA.jpg,1.0,469.0,469.0,1.0,98.93943786621094,22.71098518371582,2.3500454425811768,186.9976043701172,87.43446350097656,22.386245727539062
ACRIMA,all,Im478_g_ACRIMA.jpg,1.0,673.0,673.0,1.0,85.6768569946289,14.652148246765137,1.8847441673278809,183.49461364746094,64.03800964355469,9.497961044311523
ACRIMA,all,Im479_g_ACRIMA.jpg,1.0,580.0,580.0,1.0,88.15991973876953,20.638994216918945,2.6291956901550293,183.87205505371094,69.46112060546875,11.14656925201416
ACRIMA,all,Im480_g_ACRIMA.jpg,1.0,682.0,682.0,1.0,59.38313293457031,12.117201805114746,2.294171094894409,132.91163635253906,41.47521209716797,3.762540817260742
ACRIMA,all,Im481_g_ACRIMA.jpg,1.0,643.0,643.0,1.0,94.20677185058594,20.34267234802246,2.0762312412261963,196.6116180419922,81.27901458740234,4.729679107666016
ACRIMA,all,Im482_g_ACRIMA.jpg,1.0,604.0,604.0,1.0,78.8615493774414,16.77152442932129,1.8499360084533691,174.69444274902344,59.64528274536133,2.2449288368225098
ACRIMA,all,Im483_g_ACRIMA.jpg,1.0,529.0,529.0,1.0,83.70809936523438,15.461644172668457,2.2392578125,149.08291625976562,81.51061248779297,20.530780792236328
ACRIMA,all,Im484_g_ACRIMA.jpg,1.0,586.0,586.0,1.0,84.53490447998047,18.443374633789062,2.3631205558776855,168.90277099609375,76.01738739013672,8.684551239013672
ACRIMA,all,Im485_g_ACRIMA.jpg,1.0,868.0,868.0,1.0,93.88526153564453,26.14112091064453,2.622640609741211,185.55397033691406,78.36750793457031,17.73430633544922
ACRIMA,all,Im486_g_ACRIMA.jpg,1.0,787.0,787.0,1.0,136.03526306152344,13.763587951660156,1.7692960500717163,231.80401611328125,133.8544158935547,42.44733428955078
ACRIMA,all,Im487_g_ACRIMA.jpg,1.0,841.0,841.0,1.0,119.28755950927734,23.99603271484375,3.061774730682373,214.98257446289062,112.29425048828125,30.58586311340332
ACRIMA,all,Im488_g_ACRIMA.jpg,1.0,652.0,652.0,1.0,48.93284606933594,25.036460876464844,1.8590890169143677,93.05706024169922,43.89298629760742,9.848477363586426
ACRIMA,all,Im489_g_ACRIMA.jpg,1.0,439.0,439.0,1.0,97.55613708496094,30.15754508972168,2.82572340965271,167.4547576904297,98.665771484375,26.54786491394043
ACRIMA,all,Im490_g_ACRIMA.jpg,1.0,721.0,721.0,1.0,66.1240234375,30.012447357177734,1.9568405151367188,133.38125610351562,55.27598571777344,9.714834213256836
ACRIMA,all,Im491_g_ACRIMA.jpg,1.0,880.0,880.0,1.0,65.11470794677734,22.054365158081055,2.3708384037017822,137.27915954589844,49.346858978271484,8.718127250671387
ACRIMA,all,Im492_g_ACRIMA.jpg,1.0,550.0,550.0,1.0,92.22217559814453,24.157644271850586,3.143028497695923,182.74998474121094,71.86571502685547,22.050832748413086
ACRIMA,all,Im493_g_ACRIMA.jpg,1.0,556.0,556.0,1.0,89.06033325195312,11.467293739318848,2.509477376937866,177.9225311279297,67.16946411132812,22.0889835357666
ACRIMA,all,Im494_g_ACRIMA.jpg,1.0,796.0,796.0,1.0,103.25176239013672,16.350358963012695,2.2174501419067383,210.8043975830078,83.2805404663086,15.670330047607422
ACRIMA,all,Im495_g_ACRIMA.jpg,1.0,871.0,871.0,1.0,102.1950454711914,11.94682502746582,2.2140562534332275,194.04891967773438,87.42023468017578,25.115982055664062
ACRIMA,all,Im496_g_ACRIMA.jpg,1.0,772.0,772.0,1.0,105.57756805419922,19.06841468811035,3.1598830223083496,207.99436950683594,88.03633880615234,20.701976776123047
ACRIMA,all,Im497_g_ACRIMA.jpg,1.0,847.0,847.0,1.0,100.64720916748047,15.761048316955566,2.490309715270996,206.091552734375,80.99667358398438,14.85340404510498
ACRIMA,all,Im498_g_ACRIMA.jpg,1.0,439.0,439.0,1.0,106.41021728515625,14.539542198181152,3.3243093490600586,214.77516174316406,86.80661010742188,17.64889144897461
ACRIMA,all,Im499_g_ACRIMA.jpg,1.0,445.0,445.0,1.0,97.31144714355469,15.615222930908203,2.736600399017334,202.14608764648438,74.71305847167969,15.075207710266113
ACRIMA,all,Im500_g_ACRIMA.jpg,1.0,907.0,907.0,1.0,109.7310791015625,16.55634117126465,2.343034267425537,204.3554229736328,100.95433807373047,23.883455276489258
ACRIMA,all,Im501_g_ACRIMA.jpg,1.0,1108.0,1108.0,1.0,112.00586700439453,16.618000030517578,2.4162845611572266,209.61856079101562,103.11370086669922,23.285303115844727
ACRIMA,all,Im502_g_ACRIMA.jpg,1.0,640.0,640.0,1.0,91.05950927734375,16.37255096435547,1.6054266691207886,174.42921447753906,73.16140747070312,25.587888717651367
ACRIMA,all,Im503_g_ACRIMA.jpg,1.0,658.0,658.0,1.0,120.38477325439453,26.345212936401367,1.3881326913833618,210.58453369140625,108.43452453613281,42.13528060913086
ACRIMA,all,Im504_g_ACRIMA.jpg,1.0,544.0,544.0,1.0,101.58346557617188,18.882123947143555,5.410185813903809,212.74981689453125,84.56078338623047,7.439791202545166
ACRIMA,all,Im505_g_ACRIMA.jpg,1.0,595.0,595.0,1.0,74.2147216796875,18.213895797729492,1.8237075805664062,153.26988220214844,58.973045349121094,10.401262283325195
ACRIMA,all,Im506_g_ACRIMA.jpg,1.0,571.0,571.0,1.0,52.32392120361328,14.683528900146484,1.9121358394622803,96.9738998413086,44.67343521118164,15.32442569732666
ACRIMA,all,Im507_g_ACRIMA.jpg,1.0,613.0,613.0,1.0,54.88663864135742,21.40064239501953,2.1806533336639404,101.4726791381836,48.27476501464844,14.91247272491455
ACRIMA,all,Im508_g_ACRIMA.jpg,1.0,1048.0,1048.0,1.0,118.76143646240234,19.594446182250977,3.4587039947509766,221.0394744873047,111.21228790283203,24.03252601623535
ACRIMA,all,Im509_g_ACRIMA.jpg,1.0,907.0,907.0,1.0,141.27633666992188,19.773115158081055,2.5049655437469482,242.2418670654297,144.5382843017578,37.048866271972656
ACRIMA,all,Im510_g_ACRIMA.jpg,1.0,538.0,538.0,1.0,52.75336837768555,13.966434478759766,2.2946279048919678,101.19893646240234,42.33911895751953,14.722049713134766
ACRIMA,all,Im511_g_ACRIMA.jpg,1.0,541.0,541.0,1.0,59.408775329589844,16.97295570373535,2.3042593002319336,119.61973571777344,45.11520767211914,13.491377830505371
ACRIMA,all,Im512_g_ACRIMA.jpg,1.0,664.0,664.0,1.0,77.0268325805664,11.834115982055664,1.4863568544387817,154.9933624267578,59.1175651550293,16.96959686279297
ACRIMA,all,Im513_g_ACRIMA.jpg,1.0,478.0,478.0,1.0,64.50387573242188,20.989866256713867,3.114929437637329,128.08349609375,48.65140914916992,16.7767333984375
ACRIMA,all,Im514_g_ACRIMA.jpg,1.0,457.0,457.0,1.0,75.232666015625,21.783830642700195,4.42433500289917,146.3418426513672,59.452762603759766,19.90338897705078
ACRIMA,all,Im515_g_ACRIMA.jpg,1.0,538.0,538.0,1.0,73.70559692382812,12.77581787109375,1.6241369247436523,147.8838348388672,55.92011260986328,17.312829971313477
ACRIMA,all,Im516_g_ACRIMA.jpg,1.0,508.0,508.0,1.0,81.87956237792969,7.571784019470215,1.3163880109786987,164.6420440673828,62.309810638427734,18.686845779418945
ACRIMA,all,Im517_g_ACRIMA.jpg,1.0,634.0,634.0,1.0,53.663902282714844,18.506593704223633,2.0069093704223633,110.7732162475586,42.73530578613281,7.483179569244385
ACRIMA,all,Im518_g_ACRIMA.jpg,1.0,511.0,511.0,1.0,51.57891845703125,20.536865234375,2.1580889225006104,107.12946319580078,39.67017364501953,7.937124729156494
ACRIMA,all,Im519_g_ACRIMA.jpg,1.0,427.0,427.0,1.0,94.64409637451172,25.20284652709961,4.24709415435791,174.22573852539062,80.56297302246094,29.143564224243164
ACRIMA,all,Im520_g_ACRIMA.jpg,1.0,478.0,478.0,1.0,109.54148864746094,17.87932586669922,2.270263910293579,206.97674560546875,91.85215759277344,29.795560836791992
ACRIMA,all,Im521_g_ACRIMA.jpg,1.0,889.0,889.0,1.0,86.6816177368164,23.18724250793457,2.675260066986084,178.00701904296875,63.39725875854492,18.64056396484375
ACRIMA,all,Im522_g_ACRIMA.jpg,1.0,1033.0,1033.0,1.0,73.12669372558594,19.91994857788086,2.4228897094726562,153.86317443847656,51.066322326660156,14.4505615234375
ACRIMA,all,Im523_g_ACRIMA.jpg,1.0,604.0,604.0,1.0,100.98229217529297,21.630207061767578,2.718709945678711,198.7554473876953,85.00762176513672,19.183788299560547
ACRIMA,all,Im524_g_ACRIMA.jpg,1.0,580.0,580.0,1.0,114.17044067382812,24.067121505737305,3.8423757553100586,212.41845703125,102.97770690917969,27.115144729614258
ACRIMA,all,Im525_g_ACRIMA.jpg,1.0,868.0,868.0,1.0,77.84820556640625,31.263864517211914,3.080923557281494,149.87123107910156,66.8506851196289,16.822715759277344
ACRIMA,all,Im526_g_ACRIMA.jpg,1.0,859.0,859.0,1.0,98.01940155029297,20.763965606689453,3.3136415481567383,189.51927185058594,83.86284637451172,20.676097869873047
ACRIMA,all,Im527_g_ACRIMA.jpg,1.0,520.0,520.0,1.0,89.68458557128906,13.401931762695312,1.1024024486541748,186.81861877441406,70.57581329345703,11.659316062927246
ACRIMA,all,Im528_g_ACRIMA.jpg,1.0,526.0,526.0,1.0,91.77320098876953,14.318031311035156,1.6929824352264404,190.58285522460938,73.28084564208984,11.455894470214844
ACRIMA,all,Im529_g_ACRIMA.jpg,1.0,556.0,556.0,1.0,88.17311096191406,11.419005393981934,1.212415099143982,190.05349731445312,66.0062026977539,8.45964241027832
ACRIMA,all,Im530_g_ACRIMA.jpg,1.0,607.0,607.0,1.0,87.70907592773438,11.742569923400879,1.3681378364562988,186.69955444335938,67.44022369384766,8.987444877624512
ACRIMA,all,Im531_g_ACRIMA.jpg,1.0,814.0,814.0,1.0,145.9770050048828,29.093795776367188,2.2581229209899902,230.0939178466797,142.33865356445312,65.49842834472656
ACRIMA,all,Im532_g_ACRIMA.jpg,1.0,991.0,991.0,1.0,148.36318969726562,25.348766326904297,2.3123457431793213,232.67929077148438,144.01206970214844,68.39820861816406
ACRIMA,all,Im533_g_ACRIMA.jpg,1.0,490.0,490.0,1.0,69.00579071044922,27.593034744262695,3.6162772178649902,134.31837463378906,51.9398307800293,20.759166717529297
ACRIMA,all,Im534_g_ACRIMA.jpg,1.0,538.0,538.0,1.0,73.15052032470703,14.119206428527832,1.7927860021591187,157.34982299804688,52.563011169433594,9.538743019104004
ACRIMA,all,Im535_g_ACRIMA.jpg,1.0,538.0,538.0,1.0,93.40736389160156,15.810074806213379,1.9897589683532715,191.79641723632812,73.55432891845703,14.871342658996582
ACRIMA,all,Im536_g_ACRIMA.jpg,1.0,547.0,547.0,1.0,101.36971282958984,21.543245315551758,3.0581531524658203,203.70660400390625,83.42131042480469,16.981229782104492
ACRIMA,all,Im537_g_ACRIMA.jpg,1.0,832.0,832.0,1.0,86.58797454833984,51.394622802734375,2.4592318534851074,155.44509887695312,80.90206909179688,23.416751861572266
ACRIMA,all,Im538_g_ACRIMA.jpg,1.0,850.0,850.0,1.0,104.86907958984375,28.833633422851562,1.882225751876831,192.2122344970703,94.84871673583984,27.546302795410156
ACRIMA,all,Im539_g_ACRIMA.jpg,1.0,586.0,586.0,1.0,71.53972625732422,20.364883422851562,2.1745405197143555,151.62852478027344,53.693946838378906,9.296712875366211
ACRIMA,all,Im540_g_ACRIMA.jpg,1.0,682.0,682.0,1.0,77.08659362792969,20.29157066345215,2.3755669593811035,164.18875122070312,57.725791931152344,9.34524154663086
ACRIMA,all,Im541_g_ACRIMA.jpg,1.0,640.0,640.0,1.0,87.16109466552734,30.996524810791016,2.761162281036377,158.15040588378906,75.07135772705078,28.261503219604492
ACRIMA,all,Im542_g_ACRIMA.jpg,1.0,691.0,691.0,1.0,92.27787017822266,32.19527816772461,4.025669574737549,169.52940368652344,77.79212951660156,29.512041091918945
ACRIMA,all,Im543_g_ACRIMA.jpg,1.0,907.0,907.0,1.0,110.28813171386719,23.6530818939209,2.4579689502716064,208.1962890625,102.01957702636719,20.648548126220703
ACRIMA,all,Im544_g_ACRIMA.jpg,1.0,850.0,850.0,1.0,91.81138610839844,22.063261032104492,2.424004077911377,185.6741943359375,77.7594223022461,12.000540733337402
ACRIMA,all,Im545_g_ACRIMA.jpg,1.0,574.0,574.0,1.0,117.4743881225586,16.494169235229492,2.578266143798828,226.09780883789062,100.52112579345703,25.804222106933594
ACRIMA,all,Im546_g_ACRIMA.jpg,1.0,583.0,583.0,1.0,120.86024475097656,13.439104080200195,2.611497640609741,223.83363342285156,108.21202087402344,30.535051345825195
ACRIMA,all,Im547_g_ACRIMA.jpg,1.0,538.0,538.0,1.0,71.07085418701172,7.8094801902771,1.5560510158538818,135.20021057128906,57.08469009399414,20.927671432495117
ACRIMA,all,Im548_g_ACRIMA.jpg,1.0,562.0,562.0,1.0,92.10552215576172,15.306013107299805,1.9274685382843018,169.11936950683594,79.3777847290039,27.81939125061035
ACRIMA,all,Im549_g_ACRIMA.jpg,1.0,562.0,562.0,1.0,63.09016418457031,42.58559799194336,3.7317447662353516,103.73495483398438,63.20102310180664,22.334516525268555
ACRIMA,all,Im550_g_ACRIMA.jpg,1.0,565.0,565.0,1.0,60.452049255371094,37.08494567871094,3.6536474227905273,107.69689178466797,55.594356536865234,18.064910888671875
ACRIMA,all,Im551_g_ACRIMA.jpg,1.0,571.0,571.0,1.0,67.63484191894531,5.615379333496094,1.4444818496704102,147.55064392089844,46.748165130615234,8.60573673248291
ACRIMA,all,Im552_g_ACRIMA.jpg,1.0,568.0,568.0,1.0,69.39859771728516,7.224224090576172,1.4711767435073853,154.20286560058594,46.482200622558594,7.5107526779174805
ACRIMA,all,Im553_g_ACRIMA.jpg,1.0,520.0,520.0,1.0,142.090087890625,12.169377326965332,1.9518234729766846,239.94088745117188,139.4346923828125,46.894683837890625
ACRIMA,all,Im554_g_ACRIMA.jpg,1.0,514.0,514.0,1.0,134.92807006835938,10.758835792541504,3.136394739151001,238.453369140625,123.51832580566406,42.81254196166992
ACRIMA,all,Im555_g_ACRIMA.jpg,1.0,574.0,574.0,1.0,119.10163116455078,21.80740737915039,5.038691520690918,188.9525604248047,118.43220520019531,49.920135498046875
ACRIMA,all,Im556_g_ACRIMA.jpg,1.0,601.0,601.0,1.0,105.86442565917969,16.79352569580078,5.147768020629883,181.3612518310547,98.38912963867188,37.842933654785156
ACRIMA,all,Im557_g_ACRIMA.jpg,1.0,871.0,871.0,1.0,94.47737884521484,11.24032211303711,2.7411956787109375,168.98243713378906,88.264892578125,26.18482208251953
ACRIMA,all,Im558_g_ACRIMA.jpg,1.0,835.0,835.0,1.0,94.1567611694336,10.95439624786377,2.5956902503967285,173.93841552734375,88.65516662597656,19.876708984375
ACRIMA,all,Im559_g_ACRIMA.jpg,1.0,862.0,862.0,1.0,101.0966567993164,21.418638229370117,2.396538257598877,194.35009765625,86.2368392944336,22.703031539916992
ACRIMA,all,Im560_g_ACRIMA.jpg,1.0,529.0,529.0,1.0,83.79495239257812,30.488353729248047,2.6071813106536865,146.99386596679688,80.9098129272461,23.48116683959961
ACRIMA,all,Im561_g_ACRIMA.jpg,1.0,610.0,610.0,1.0,100.00212860107422,33.30485153198242,2.2157554626464844,173.19210815429688,95.86083221435547,30.953405380249023
ACRIMA,all,Im562_g_ACRIMA.jpg,1.0,1012.0,1012.0,1.0,102.75696563720703,12.122345924377441,2.561288356781006,194.98683166503906,87.55022430419922,25.73382568359375
ACRIMA,all,Im563_g_ACRIMA.jpg,1.0,889.0,889.0,1.0,112.40204620361328,17.823261260986328,2.3882765769958496,204.92547607421875,104.4140396118164,27.866636276245117
ACRIMA,all,Im564_g_ACRIMA.jpg,1.0,616.0,616.0,1.0,71.42901611328125,23.365755081176758,2.9347686767578125,133.76564025878906,61.913238525390625,18.608179092407227
ACRIMA,all,Im565_g_ACRIMA.jpg,1.0,760.0,760.0,1.0,124.64872741699219,17.312549591064453,2.1835339069366455,227.5417022705078,109.97985076904297,36.42464065551758
ACRIMA,all,Im566_g_ACRIMA.jpg,1.0,751.0,751.0,1.0,139.41653442382812,20.787145614624023,2.36020827293396,239.0488739013672,130.22105407714844,48.979637145996094
ACRIMA,all,Im567_g_ACRIMA.jpg,1.0,658.0,658.0,1.0,93.08766174316406,29.41457748413086,3.585914134979248,171.90597534179688,81.30947875976562,26.047548294067383
ACRIMA,all,Im568_g_ACRIMA.jpg,1.0,733.0,733.0,1.0,75.84239196777344,26.36742401123047,3.7222788333892822,146.1336669921875,62.12391662597656,19.269596099853516
ACRIMA,all,Im569_g_ACRIMA.jpg,1.0,700.0,700.0,1.0,86.07119750976562,25.011024475097656,2.2105908393859863,176.5954132080078,68.3164291381836,13.301749229431152
ACRIMA,all,Im570_g_ACRIMA.jpg,1.0,610.0,610.0,1.0,88.62760925292969,21.059743881225586,2.5878472328186035,184.24716186523438,68.869873046875,12.765812873840332
ACRIMA,all,Im571_g_ACRIMA.jpg,1.0,772.0,772.0,1.0,102.64462280273438,21.33197784423828,2.565855026245117,196.08905029296875,91.26863861083984,20.5761775970459
ACRIMA,all,Im572_g_ACRIMA.jpg,1.0,682.0,682.0,1.0,93.89185333251953,21.541959762573242,3.334897994995117,184.3001251220703,80.08667755126953,17.288776397705078
ACRIMA,all,Im573_g_ACRIMA.jpg,1.0,973.0,973.0,1.0,98.6811294555664,24.049406051635742,2.229921340942383,194.42172241210938,80.84925842285156,20.772418975830078
ACRIMA,all,Im574_g_ACRIMA.jpg,1.0,931.0,931.0,1.0,103.38843536376953,20.458648681640625,2.7050487995147705,196.2384796142578,88.74872589111328,25.17810821533203
ACRIMA,all,Im575_g_ACRIMA.jpg,1.0,802.0,802.0,1.0,112.91412353515625,33.32373046875,2.636737823486328,188.97616577148438,103.85728454589844,45.908931732177734
ACRIMA,all,Im576_g_ACRIMA.jpg,1.0,712.0,712.0,1.0,109.62577056884766,24.5782470703125,2.730592727661133,193.58425903320312,96.27684020996094,39.016231536865234
ACRIMA,all,Im577_g_ACRIMA.jpg,1.0,844.0,844.0,1.0,93.0984115600586,11.890271186828613,2.254124164581299,196.10450744628906,68.13699340820312,15.053727149963379
ACRIMA,all,Im578_g_ACRIMA.jpg,1.0,739.0,739.0,1.0,101.95144653320312,11.414682388305664,2.0827572345733643,206.66197204589844,78.5777359008789,20.614627838134766
ACRIMA,all,Im579_g_ACRIMA.jpg,1.0,835.0,835.0,1.0,74.91362762451172,16.948749542236328,2.6157097816467285,154.6629180908203,58.32181167602539,11.756138801574707
ACRIMA,all,Im580_g_ACRIMA.jpg,1.0,955.0,955.0,1.0,72.82889556884766,16.413009643554688,2.8071367740631104,146.47557067871094,57.33285903930664,14.678279876708984
ACRIMA,all,Im581_g_ACRIMA.jpg,1.0,901.0,901.0,1.0,71.78365325927734,39.1826057434082,3.1613619327545166,136.84341430664062,63.492034912109375,15.015503883361816
ACRIMA,all,Im582_g_ACRIMA.jpg,1.0,856.0,856.0,1.0,105.75820922851562,21.784814834594727,2.463527202606201,201.49118041992188,95.3533935546875,20.430042266845703
ACRIMA,all,Im583_g_ACRIMA.jpg,1.0,850.0,850.0,1.0,129.5438690185547,20.347835540771484,2.276177406311035,234.1619873046875,124.31364440917969,30.15595245361328
ACRIMA,all,Im584_g_ACRIMA.jpg,1.0,1012.0,1012.0,1.0,98.30553436279297,12.03852653503418,2.637759208679199,206.43856811523438,76.2433090209961,12.234716415405273
ACRIMA,all,Im585_g_ACRIMA.jpg,1.0,751.0,751.0,1.0,130.3467254638672,32.157344818115234,2.726625919342041,207.2592010498047,120.69445037841797,63.08647537231445
ACRIMA,all,Im586_g_ACRIMA.jpg,1.0,811.0,811.0,1.0,121.05675506591797,26.92508316040039,2.1566317081451416,201.0135040283203,107.56144714355469,54.59529495239258
ACRIMA,all,Im587_g_ACRIMA.jpg,1.0,883.0,883.0,1.0,54.08997344970703,11.818533897399902,2.6018590927124023,98.72354888916016,47.502723693847656,16.04364776611328
ACRIMA,all,Im588_g_ACRIMA.jpg,1.0,886.0,886.0,1.0,56.771514892578125,10.450793266296387,2.773993492126465,94.96814727783203,54.215126037597656,21.131282806396484
ACRIMA,all,Im589_g_ACRIMA.jpg,1.0,1003.0,1003.0,1.0,75.75439453125,31.920188903808594,2.735823631286621,142.5173797607422,65.0907974243164,19.655010223388672
ACRIMA,all,Im590_g_ACRIMA.jpg,1.0,1054.0,1054.0,1.0,62.506629943847656,27.65178108215332,2.730862617492676,122.93852233886719,50.48261642456055,14.098763465881348
ACRIMA,all,Im591_g_ACRIMA.jpg,1.0,907.0,833.0,1.0888355342136855,110.45958709716797,12.753950119018555,2.116130828857422,210.3110809326172,101.40296936035156,19.664691925048828
ACRIMA,all,Im592_g_ACRIMA.jpg,1.0,817.0,817.0,1.0,102.66636657714844,11.188384056091309,2.1631264686584473,205.7916717529297,86.05033111572266,16.157100677490234
ACRIMA,all,Im593_g_ACRIMA.jpg,1.0,874.0,874.0,1.0,115.55998992919922,22.951892852783203,2.303755283355713,203.18605041503906,103.48731994628906,40.00659942626953
ACRIMA,all,Im594_g_ACRIMA.jpg,1.0,907.0,907.0,1.0,124.17158508300781,25.85873031616211,2.3608384132385254,214.53640747070312,112.04959869384766,45.9287223815918
ACRIMA,all,Im595_g_ACRIMA.jpg,1.0,958.0,958.0,1.0,84.8118667602539,25.631149291992188,2.714979887008667,166.44544982910156,64.44428253173828,23.545862197875977
ACRIMA,all,Im596_g_ACRIMA.jpg,1.0,856.0,856.0,1.0,87.90093994140625,19.079893112182617,5.169318675994873,183.959228515625,66.39569091796875,13.347896575927734
ACRIMA,all,Im597_g_ACRIMA.jpg,1.0,748.0,748.0,1.0,115.3600082397461,20.00974464416504,3.6501543521881104,190.95718383789062,107.8417739868164,47.281036376953125
ACRIMA,all,Im598_g_ACRIMA.jpg,1.0,721.0,721.0,1.0,125.72901153564453,18.384626388549805,4.519150257110596,197.82888793945312,121.15396881103516,58.204193115234375
ACRIMA,all,Im599_g_ACRIMA.jpg,1.0,790.0,790.0,1.0,81.33123779296875,40.89908981323242,3.275425434112549,141.2862091064453,73.36070251464844,29.3467960357666
ACRIMA,all,Im600_g_ACRIMA.jpg,1.0,751.0,751.0,1.0,74.71443176269531,29.728269577026367,3.416940212249756,138.9967803955078,63.183780670166016,21.962745666503906
ACRIMA,all,Im601_g_ACRIMA.jpg,1.0,877.0,877.0,1.0,112.7349624633789,9.01054859161377,2.077202796936035,212.2169952392578,100.23656463623047,25.75130844116211
ACRIMA,all,Im602_g_ACRIMA.jpg,1.0,742.0,742.0,1.0,133.23622131347656,9.835229873657227,1.880798578262329,238.43386840820312,128.58132934570312,32.69342803955078
ACRIMA,all,Im603_g_ACRIMA.jpg,1.0,865.0,865.0,1.0,85.02835845947266,20.08524513244629,2.2398362159729004,183.414794921875,61.549163818359375,10.121131896972656
ACRIMA,all,Im604_g_ACRIMA.jpg,1.0,919.0,919.0,1.0,80.58875274658203,14.604458808898926,2.139829635620117,180.89356994628906,53.32613754272461,7.546569347381592
ACRIMA,all,Im605_g_ACRIMA.jpg,1.0,823.0,823.0,1.0,79.26476287841797,20.81572151184082,2.777914524078369,149.88616943359375,63.967655181884766,23.940462112426758
ACRIMA,all,Im606_g_ACRIMA.jpg,1.0,1093.0,1093.0,1.0,98.14163970947266,16.039567947387695,2.4015913009643555,197.34109497070312,81.05001068115234,16.033811569213867
ACRIMA,all,Im607_g_ACRIMA.jpg,1.0,757.0,757.0,1.0,53.65973663330078,24.7037296295166,2.9052813053131104,105.2323989868164,41.71659469604492,14.030227661132812
ACRIMA,all,Im608_g_ACRIMA.jpg,1.0,736.0,736.0,1.0,37.43622589111328,17.126401901245117,2.304245948791504,72.94168090820312,28.7711124420166,10.595880508422852
ACRIMA,all,Im609_g_ACRIMA.jpg,1.0,937.0,937.0,1.0,61.81513977050781,20.9798641204834,2.658385753631592,128.1346893310547,44.61800765991211,12.692730903625488
ACRIMA,all,Im610_g_ACRIMA.jpg,1.0,817.0,817.0,1.0,77.45906829833984,28.949874877929688,3.1246917247772217,152.1441650390625,61.724727630615234,18.508302688598633
ACRIMA,all,Im611_g_ACRIMA.jpg,1.0,814.0,814.0,1.0,78.16989135742188,26.029733657836914,3.287228584289551,148.73085021972656,66.0887680053711,19.690080642700195
ACRIMA,all,Im612_g_ACRIMA.jpg,1.0,811.0,811.0,1.0,98.66301727294922,30.84170913696289,5.048224449157715,188.98236083984375,83.00979614257812,23.996915817260742
ACRIMA,all,Im613_g_ACRIMA.jpg,1.0,859.0,859.0,1.0,114.41482543945312,23.89590072631836,2.1817173957824707,198.09442138671875,101.3223648071289,43.82768630981445
ACRIMA,all,Im614_g_ACRIMA.jpg,1.0,1051.0,1051.0,1.0,113.98158264160156,25.26097869873047,2.224148750305176,206.2521514892578,96.46241760253906,39.230186462402344
ACRIMA,all,Im615_g_ACRIMA.jpg,1.0,997.0,997.0,1.0,126.10743713378906,18.805593490600586,2.709408760070801,230.1923370361328,116.31141662597656,31.818571090698242
ACRIMA,all,Im616_g_ACRIMA.jpg,1.0,1015.0,1015.0,1.0,148.02520751953125,16.58393096923828,2.2622904777526855,247.65130615234375,149.21681213378906,47.20747375488281
ACRIMA,all,Im617_g_ACRIMA.jpg,1.0,694.0,694.0,1.0,105.51895904541016,34.174217224121094,3.291571617126465,188.68702697753906,102.17561340332031,25.694232940673828
ACRIMA,all,Im618_g_ACRIMA.jpg,1.0,697.0,697.0,1.0,120.00113677978516,28.51653289794922,2.0201358795166016,209.3174285888672,120.27360534667969,30.412389755249023
ACRIMA,all,Im619_g_ACRIMA.jpg,1.0,784.0,784.0,1.0,98.67404174804688,22.770862579345703,2.9924044609069824,174.445068359375,83.82843780517578,37.74861526489258
ACRIMA,all,Im620_g_ACRIMA.jpg,1.0,760.0,760.0,1.0,72.58599853515625,35.613155364990234,4.356744289398193,118.45916748046875,65.86632537841797,33.432498931884766
ACRIMA,all,Im621_g_ACRIMA.jpg,1.0,811.0,811.0,1.0,87.38160705566406,26.93993377685547,11.993908882141113,163.3418731689453,73.806396484375,24.996540069580078
ACRIMA,all,Im622_g_ACRIMA.jpg,1.0,988.0,988.0,1.0,89.32315826416016,14.383405685424805,2.609494209289551,174.8964385986328,74.28388977050781,18.78912925720215
ACRIMA,all,Im623_g_ACRIMA.jpg,1.0,769.0,769.0,1.0,111.09605407714844,18.609294891357422,2.175503730773926,212.15118408203125,98.890380859375,22.24658203125
ACRIMA,all,Im624_g_ACRIMA.jpg,1.0,961.0,961.0,1.0,80.59494018554688,13.70793628692627,2.502730131149292,168.56838989257812,61.421958923339844,11.794480323791504
ACRIMA,all,Im625_g_ACRIMA.jpg,1.0,1096.0,1096.0,1.0,76.93660736083984,24.846874237060547,2.7273364067077637,152.1375274658203,60.060916900634766,18.611358642578125
ACRIMA,all,Im626_g_ACRIMA.jpg,1.0,934.0,934.0,1.0,97.16752624511719,27.74959373474121,4.995283603668213,196.65036010742188,75.11336517333984,19.738862991333008
ACRIMA,all,Im627_g_ACRIMA.jpg,1.0,1081.0,1081.0,1.0,98.06233215332031,15.879719734191895,2.1197564601898193,201.3245391845703,82.68054962158203,10.181904792785645
ACRIMA,all,Im628_g_ACRIMA.jpg,1.0,814.0,814.0,1.0,116.33293151855469,9.537653923034668,1.8346612453460693,212.71348571777344,115.01167297363281,21.27365493774414
ACRIMA,all,Im629_g_ACRIMA.jpg,1.0,673.0,673.0,1.0,149.37850952148438,25.301801681518555,3.331104278564453,230.60745239257812,153.1214141845703,64.40665435791016
ACRIMA,all,Im630_g_ACRIMA.jpg,1.0,760.0,760.0,1.0,158.65589904785156,21.837112426757812,2.789290428161621,244.00941467285156,160.76849365234375,71.18978881835938
ACRIMA,all,Im631_g_ACRIMA.jpg,1.0,814.0,814.0,1.0,146.7371826171875,30.584026336669922,3.4484810829162598,241.7806396484375,147.05284118652344,51.378089904785156
ACRIMA,all,Im632_g_ACRIMA.jpg,1.0,1069.0,1069.0,1.0,63.42866897583008,36.93873596191406,3.356205940246582,112.03540802001953,55.302764892578125,22.94782829284668
ACRIMA,all,Im633_g_ACRIMA.jpg,1.0,967.0,967.0,1.0,63.671173095703125,40.53471755981445,3.0621795654296875,112.28501892089844,55.95549011230469,22.772998809814453
ACRIMA,all,Im634_g_ACRIMA.jpg,1.0,769.0,769.0,1.0,91.84133911132812,27.060094833374023,3.241079568862915,179.70408630371094,79.70659637451172,16.11330223083496
ACRIMA,all,Im635_g_ACRIMA.jpg,1.0,850.0,850.0,1.0,98.0956802368164,25.981910705566406,4.058374404907227,193.01646423339844,84.8545913696289,16.415990829467773
ACRIMA,all,Im636_g_ACRIMA.jpg,1.0,1135.0,1135.0,1.0,118.0196304321289,18.967914581298828,3.2147324085235596,223.14944458007812,101.38990020751953,29.519533157348633
ACRIMA,all,Im637_g_ACRIMA.jpg,1.0,763.0,763.0,1.0,133.42236328125,21.858247756958008,3.599848508834839,227.53466796875,119.00308990478516,53.729339599609375
ACRIMA,all,Im638_g_ACRIMA.jpg,1.0,796.0,796.0,1.0,134.20477294921875,22.754718780517578,4.065009593963623,226.75204467773438,119.62191772460938,56.24032211303711
ACRIMA,all,Im639_g_ACRIMA.jpg,1.0,976.0,976.0,1.0,131.94378662109375,17.61762046813965,2.922630786895752,219.418701171875,140.23773193359375,36.1749153137207
ACRIMA,all,Im640_g_ACRIMA.jpg,1.0,1045.0,1045.0,1.0,143.34732055664062,16.122167587280273,1.9061936140060425,226.59327697753906,149.944580078125,53.504127502441406
ACRIMA,all,Im641_g_ACRIMA.jpg,1.0,853.0,853.0,1.0,136.1787872314453,25.961198806762695,2.333374261856079,226.867431640625,141.22817993164062,40.44074630737305
ACRIMA,all,Im642_g_ACRIMA.jpg,1.0,916.0,916.0,1.0,127.71968841552734,35.3315315246582,2.3387880325317383,198.10362243652344,120.55231475830078,64.50313568115234
ACRIMA,all,Im643_g_ACRIMA.jpg,1.0,880.0,880.0,1.0,124.31049346923828,22.30280113220215,1.333727240562439,212.53884887695312,118.80912017822266,41.583518981933594
ACRIMA,all,Im644_g_ACRIMA.jpg,1.0,952.0,952.0,1.0,119.17671203613281,23.987871170043945,1.971572756767273,207.31568908691406,112.34384155273438,37.87061309814453
ACRIMA,all,Im645_g_ACRIMA.jpg,1.0,1063.0,1063.0,1.0,75.04550170898438,26.29631233215332,2.7702951431274414,156.40467834472656,52.705467224121094,16.026336669921875
ACRIMA,all,Im646_g_ACRIMA.jpg,1.0,949.0,949.0,1.0,78.65247344970703,29.010204315185547,2.765392780303955,162.73020935058594,56.15129089355469,17.075908660888672
ACRIMA,all,Im647_g_ACRIMA.jpg,1.0,850.0,850.0,1.0,117.20504760742188,18.440052032470703,2.2023541927337646,205.0809326171875,115.1578369140625,31.37637710571289
ACRIMA,all,Im648_g_ACRIMA.jpg,1.0,841.0,841.0,1.0,77.98802185058594,18.860008239746094,2.94728946685791,156.81411743164062,64.18856811523438,12.961370468139648
ACRIMA,all,Im649_g_ACRIMA.jpg,1.0,814.0,814.0,1.0,107.92496490478516,27.33404541015625,2.0822362899780273,202.99136352539062,89.28665924072266,31.496850967407227
ACRIMA,all,Im650_g_ACRIMA.jpg,1.0,880.0,880.0,1.0,97.72408294677734,22.244230270385742,2.3180222511291504,187.19912719726562,78.36949157714844,27.603607177734375
ACRIMA,all,Im651_g_ACRIMA.jpg,1.0,853.0,853.0,1.0,116.54349517822266,27.65627670288086,2.9439775943756104,214.99630737304688,105.06951141357422,29.564678192138672
ACRIMA,all,Im652_g_ACRIMA.jpg,1.0,859.0,859.0,1.0,111.80268096923828,23.69093132019043,2.3539819717407227,206.51136779785156,102.06281280517578,26.833866119384766
ACRIMA,all,Im653_g_ACRIMA.jpg,1.0,1006.0,1006.0,1.0,106.43682098388672,12.562883377075195,2.2076034545898438,196.73023986816406,91.58528137207031,30.99494171142578
ACRIMA,all,Im654_g_ACRIMA.jpg,1.0,997.0,997.0,1.0,77.7855224609375,16.019336700439453,2.8150789737701416,157.0619354248047,61.44693374633789,14.84770393371582
ACRIMA,all,Im655_g_ACRIMA.jpg,1.0,898.0,898.0,1.0,41.00297927856445,14.312234878540039,4.468111991882324,81.35966491699219,31.79427719116211,9.855009078979492
ACRIMA,all,Im656_g_ACRIMA.jpg,1.0,979.0,979.0,1.0,109.24122619628906,32.525108337402344,3.944898843765259,187.95127868652344,97.94007873535156,41.83234405517578
ACRIMA,all,Im657_g_ACRIMA.jpg,1.0,832.0,832.0,1.0,108.81282043457031,35.00362014770508,2.5966899394989014,182.81219482421875,100.2192611694336,43.40700149536133
ACRIMA,all,Im658_g_ACRIMA.jpg,1.0,871.0,871.0,1.0,83.47128295898438,14.99260139465332,1.8726797103881836,146.49169921875,77.76239776611328,26.15973472595215
ACRIMA,all,Im659_g_ACRIMA.jpg,1.0,940.0,940.0,1.0,75.15921783447266,18.745784759521484,1.8459382057189941,145.16226196289062,63.94926071166992,16.36613655090332
ACRIMA,all,Im660_g_ACRIMA.jpg,1.0,883.0,883.0,1.0,95.7343521118164,9.87837028503418,2.2680678367614746,207.77883911132812,72.22853088378906,7.195672988891602
ACRIMA,all,Im661_g_ACRIMA.jpg,1.0,853.0,853.0,1.0,107.37459564208984,11.604290962219238,2.295304298400879,224.3584747314453,87.13030242919922,10.635034561157227
ACRIMA,all,Im662_g_ACRIMA.jpg,1.0,943.0,943.0,1.0,81.98881530761719,13.038018226623535,2.2611236572265625,163.75460815429688,62.23927688598633,19.972558975219727
ACRIMA,all,Im663_g_ACRIMA.jpg,1.0,922.0,922.0,1.0,99.82685852050781,15.972275733947754,2.5262489318847656,183.34133911132812,86.63424682617188,29.504989624023438
ACRIMA,all,Im664_g_ACRIMA.jpg,1.0,826.0,826.0,1.0,113.51848602294922,14.463990211486816,2.4359683990478516,202.872314453125,112.43473052978516,25.248376846313477
ACRIMA,all,Im665_g_ACRIMA.jpg,1.0,781.0,781.0,1.0,119.81348419189453,20.778928756713867,2.328113555908203,215.97543334960938,116.68289947509766,26.782100677490234
ACRIMA,all,Im666_g_ACRIMA.jpg,1.0,1156.0,1156.0,1.0,126.76670837402344,31.19497299194336,1.947533369064331,223.39219665527344,115.70124053955078,41.20669174194336
ACRIMA,all,Im667_g_ACRIMA.jpg,1.0,1231.0,1231.0,1.0,118.45347595214844,35.11191940307617,2.7564568519592285,215.96287536621094,105.07489776611328,34.322662353515625
ACRIMA,all,Im668_g_ACRIMA.jpg,1.0,772.0,772.0,1.0,89.32721710205078,21.75644874572754,6.1744465827941895,178.7033233642578,70.0831298828125,19.195192337036133
ACRIMA,all,Im669_g_ACRIMA.jpg,1.0,790.0,790.0,1.0,102.84293365478516,19.609363555908203,2.2459211349487305,200.28994750976562,83.80834197998047,24.430503845214844
ACRIMA,all,Im670_g_ACRIMA.jpg,1.0,757.0,757.0,1.0,71.20342254638672,26.920316696166992,2.9889936447143555,139.85581970214844,56.726600646972656,17.02783203125
ACRIMA,all,Im671_g_ACRIMA.jpg,1.0,865.0,865.0,1.0,81.57238006591797,27.730518341064453,3.2493677139282227,159.7978057861328,65.27508544921875,19.644245147705078
ACRIMA,all,Im672_g_ACRIMA.jpg,1.0,901.0,901.0,1.0,110.84014892578125,24.000144958496094,2.6727211475372314,207.50921630859375,95.75679016113281,29.25443458557129
ACRIMA,all,Im673_g_ACRIMA.jpg,1.0,1420.0,1420.0,1.0,104.2186508178711,18.857608795166016,2.8710246086120605,203.88046264648438,86.6617431640625,22.11372184753418
ACRIMA,all,Im674_g_ACRIMA.jpg,1.0,994.0,994.0,1.0,80.23108673095703,17.73531723022461,2.5754847526550293,164.3216094970703,60.809871673583984,15.561775207519531
ACRIMA,all,Im675_g_ACRIMA.jpg,1.0,964.0,964.0,1.0,92.94039916992188,27.05602264404297,2.6208605766296387,182.31565856933594,75.2684326171875,21.23712921142578
ACRIMA,all,Im676_g_ACRIMA.jpg,1.0,967.0,967.0,1.0,44.74716567993164,10.370171546936035,2.179300546646118,90.44185638427734,33.68226623535156,10.117378234863281
ACRIMA,all,Im677_g_ACRIMA.jpg,1.0,838.0,838.0,1.0,129.8754119873047,22.334396362304688,2.811481475830078,232.70742797851562,124.80990600585938,32.10891342163086
ACRIMA,all,Im678_g_ACRIMA.jpg,1.0,979.0,979.0,1.0,123.12007141113281,23.92316246032715,2.8242201805114746,228.10227966308594,113.27765655517578,27.98027992248535
ACRIMA,all,Im679_g_ACRIMA.jpg,1.0,982.0,982.0,1.0,91.44627380371094,25.359130859375,2.502194881439209,174.03793334960938,72.93222045898438,27.368677139282227
ACRIMA,all,Im680_g_ACRIMA.jpg,1.0,1144.0,1144.0,1.0,110.78667449951172,31.157381057739258,2.234562873840332,198.31951904296875,94.47504425048828,39.56544876098633
ACRIMA,all,Im681_g_ACRIMA.jpg,1.0,787.0,787.0,1.0,129.00262451171875,17.65132713317871,2.215040683746338,229.74887084960938,127.0644302368164,30.19455909729004
ACRIMA,all,Im682_g_ACRIMA.jpg,1.0,826.0,826.0,1.0,117.43759155273438,16.35957145690918,2.2514467239379883,221.1735382080078,108.37399291992188,22.76524543762207
ACRIMA,all,Im683_g_ACRIMA.jpg,1.0,832.0,832.0,1.0,125.22277069091797,12.306793212890625,2.089864730834961,233.5422821044922,116.96013641357422,25.165929794311523
ACRIMA,all,Im684_g_ACRIMA.jpg,1.0,793.0,793.0,1.0,133.22482299804688,12.57199478149414,2.185882091522217,244.97068786621094,128.65142822265625,26.052356719970703
ACRIMA,all,Im685_g_ACRIMA.jpg,1.0,940.0,940.0,1.0,119.1471176147461,20.409313201904297,2.283614158630371,227.86062622070312,104.1775894165039,25.403127670288086
ACRIMA,all,Im686_g_ACRIMA.jpg,1.0,1000.0,1000.0,1.0,108.56784057617188,16.330007553100586,2.426316261291504,212.10374450683594,90.8837890625,22.71596908569336
ACRIMA,all,Im687_g_ACRIMA.jpg,1.0,817.0,817.0,1.0,85.61870574951172,22.447092056274414,2.732640504837036,162.1880645751953,73.53948974609375,21.128538131713867
ACRIMA,all,Im688_g_ACRIMA.jpg,1.0,736.0,736.0,1.0,106.28112030029297,24.923423767089844,2.4002809524536133,196.25729370117188,95.12831115722656,27.457754135131836
ACRIMA,all,Im689_g_ACRIMA.jpg,1.0,601.0,601.0,1.0,126.19266510009766,15.982473373413086,3.40787410736084,237.5482940673828,129.62171936035156,11.407975196838379
ACRIMA,all,Im690_g_ACRIMA.jpg,1.0,688.0,688.0,1.0,112.38777160644531,17.838504791259766,3.545616626739502,221.42100524902344,100.10376739501953,15.638537406921387
ACRIMA,all,Im691_g_ACRIMA.jpg,1.0,694.0,694.0,1.0,86.73487854003906,27.000118255615234,4.369232177734375,188.2437744140625,64.25270080566406,7.708173751831055
ACRIMA,all,Im692_g_ACRIMA.jpg,1.0,796.0,796.0,1.0,90.73197174072266,28.89148712158203,7.386808395385742,197.00625610351562,67.93620300292969,7.253432750701904
ACRIMA,all,Im693_g_ACRIMA.jpg,1.0,898.0,898.0,1.0,83.2041244506836,14.914496421813965,1.8387587070465088,164.4532928466797,74.06912994384766,11.089974403381348
ACRIMA,all,Im694_g_ACRIMA.jpg,1.0,790.0,790.0,1.0,122.15145111083984,14.950838088989258,1.3713219165802002,221.77777099609375,121.84911346435547,22.827503204345703
ACRIMA,all,Im695_g_ACRIMA.jpg,1.0,961.0,961.0,1.0,82.6222152709961,15.029192924499512,2.9305458068847656,193.69383239746094,51.060367584228516,3.1124608516693115
ACRIMA,all,Im696_g_ACRIMA.jpg,1.0,1036.0,1036.0,1.0,77.42342376708984,12.202651977539062,2.0055155754089355,178.75839233398438,49.692081451416016,3.8197832107543945
ACRIMA,all,Im697_g_ACRIMA.jpg,1.0,904.0,904.0,1.0,103.00984191894531,34.32744598388672,3.312000274658203,198.0885467529297,88.86285400390625,22.078096389770508
ACRIMA,all,Im698_g_ACRIMA.jpg,1.0,1036.0,1036.0,1.0,73.3008041381836,22.796945571899414,2.098663330078125,154.68991088867188,53.230342864990234,11.982110977172852
ACRIMA,all,Im699_g_ACRIMA.jpg,1.0,1036.0,1036.0,1.0,60.21562194824219,12.47812557220459,1.8747451305389404,134.12918090820312,38.597991943359375,7.919686794281006
ACRIMA,all,Im700_g_ACRIMA.jpg,1.0,883.0,883.0,1.0,108.89712524414062,19.952219009399414,1.8623337745666504,216.62606811523438,90.21031951904297,19.854978561401367
ACRIMA,all,Im701_g_ACRIMA.jpg,1.0,790.0,790.0,1.0,85.39952850341797,9.933123588562012,1.3387140035629272,182.71939086914062,66.52764892578125,6.951559066772461
ACRIMA,all,Im702_g_ACRIMA.JPG,1.0,1300.0,1300.0,1.0,125.09529113769531,25.89668083190918,4.3251051902771,183.25430297851562,117.62348937988281,74.40811157226562
ACRIMA,all,Im703_g_ACRIMA.JPG,1.0,1393.0,1393.0,1.0,94.15156555175781,38.678157806396484,6.651182174682617,149.25901794433594,92.43333435058594,40.76234436035156
ACRIMA,all,Im704_g_ACRIMA.jpg,1.0,577.0,577.0,1.0,98.20237731933594,18.047767639160156,2.8749277591705322,177.71163940429688,88.58317565917969,28.312335968017578
ACRIMA,all,Im705_g_ACRIMA.jpg,1.0,580.0,580.0,1.0,75.31278228759766,22.821056365966797,9.044576644897461,146.86387634277344,64.35546112060547,14.719018936157227
ORIGA,A,001.jpg,0.0,3072.0,2048.0,1.5,78.65865325927734,52.389366149902344,6.520662307739258,121.0023422241211,76.9025650024414,38.07106018066406
ORIGA,A,002.jpg,0.0,3072.0,2048.0,1.5,80.64168548583984,56.80195617675781,6.879507064819336,118.5898666381836,80.3318099975586,43.0034065246582
ORIGA,A,003.jpg,0.0,3072.0,2048.0,1.5,95.1597671508789,64.48834228515625,5.086149215698242,145.92916870117188,94.1998519897461,45.35029602050781
ORIGA,A,004.jpg,0.0,3072.0,2048.0,1.5,68.97589874267578,45.846981048583984,8.737773895263672,105.72086334228516,64.61262512207031,36.59422302246094
ORIGA,A,005.jpg,0.0,3072.0,2048.0,1.5,68.31739044189453,47.17945098876953,8.430769920349121,100.6537094116211,64.7809066772461,39.51755905151367
ORIGA,B,006.jpg,0.0,3072.0,2048.0,1.5,78.12966918945312,51.4504280090332,5.566888809204102,133.2604217529297,75.61981964111328,25.508773803710938
ORIGA,A,007.jpg,0.0,3072.0,2048.0,1.5,72.16303253173828,50.111907958984375,6.305881023406982,119.63980102539062,74.26578521728516,22.58350944519043
ORIGA,B,008.jpg,0.0,3072.0,2048.0,1.5,70.70248413085938,48.77607727050781,5.070986270904541,106.42252349853516,68.1757583618164,37.50918960571289
ORIGA,B,009.jpg,0.0,3072.0,2048.0,1.5,70.64598083496094,49.65654754638672,4.184988498687744,112.19131469726562,69.31818389892578,30.428451538085938
ORIGA,B,010.jpg,0.0,3072.0,2048.0,1.5,64.09522247314453,43.59209060668945,7.1108317375183105,104.57501983642578,62.01459884643555,25.696044921875
ORIGA,A,011.jpg,0.0,3072.0,2048.0,1.5,56.44087600708008,37.09355926513672,7.89225435256958,101.0490493774414,52.99020004272461,15.283378601074219
ORIGA,B,012.jpg,0.0,3072.0,2048.0,1.5,70.64603424072266,48.38795471191406,3.78767991065979,105.67684936523438,69.93610382080078,36.32516098022461
ORIGA,B,013.jpg,0.0,3072.0,2048.0,1.5,72.77836608886719,50.97739028930664,3.450404167175293,106.23178100585938,72.88957977294922,39.21373748779297
ORIGA,A,014.jpg,0.0,3072.0,2048.0,1.5,76.04328155517578,51.91889953613281,8.369651794433594,113.88214874267578,78.8338394165039,35.413883209228516
ORIGA,A,015.jpg,0.0,3072.0,2048.0,1.5,79.21253204345703,55.45952224731445,8.748467445373535,112.19976806640625,75.48448944091797,49.953338623046875
ORIGA,A,016.jpg,0.0,3072.0,2048.0,1.5,70.47381591796875,48.22407531738281,7.553198337554932,112.59761810302734,64.26363372802734,34.560184478759766
ORIGA,A,017.jpg,0.0,3072.0,2048.0,1.5,74.31632232666016,52.06360626220703,7.200002670288086,106.54373931884766,71.56281280517578,44.8424186706543
ORIGA,B,018.jpg,0.0,3072.0,2048.0,1.5,59.231693267822266,38.032779693603516,8.225640296936035,88.69832611083984,56.648468017578125,32.34830093383789
ORIGA,A,019.jpg,0.0,3072.0,2048.0,1.5,76.47583770751953,51.170654296875,6.303171157836914,125.13324737548828,74.6568832397461,29.63739013671875
ORIGA,A,020.jpg,0.0,3072.0,2048.0,1.5,83.5290756225586,55.703086853027344,6.500582218170166,125.9275894165039,82.31194305419922,42.34768295288086
ORIGA,A,021.jpg,0.0,3072.0,2048.0,1.5,67.95136260986328,46.613651275634766,6.008940696716309,118.57019805908203,68.84102630615234,16.442874908447266
ORIGA,A,022.jpg,0.0,3072.0,2048.0,1.5,72.96121978759766,51.751949310302734,6.310428142547607,112.7463150024414,73.36136627197266,32.77598190307617
ORIGA,A,023.jpg,0.0,3072.0,2048.0,1.5,72.57393646240234,52.815277099609375,6.394204139709473,110.16525268554688,73.51126098632812,34.045284271240234
ORIGA,A,024.jpg,0.0,3072.0,2048.0,1.5,84.05553436279297,59.332862854003906,7.1609344482421875,128.1219024658203,84.82573699951172,39.21895217895508
ORIGA,B,025.jpg,0.0,3072.0,2048.0,1.5,80.98934936523438,49.14739990234375,6.515417098999023,140.44044494628906,71.66376495361328,30.863840103149414
ORIGA,A,026.jpg,0.0,3072.0,2048.0,1.5,70.91216278076172,48.495304107666016,5.793585300445557,111.5901870727539,72.00113677978516,29.1451358795166
ORIGA,A,027.jpg,0.0,3072.0,2048.0,1.5,73.79540252685547,49.23019027709961,5.925323963165283,115.339111328125,76.03519439697266,30.01188087463379
ORIGA,A,028.jpg,0.0,3072.0,2048.0,1.5,78.9436264038086,55.076690673828125,6.841675758361816,115.93350982666016,78.23030853271484,42.66706848144531
ORIGA,A,029.jpg,0.0,3072.0,2048.0,1.5,72.23912811279297,50.29695129394531,6.329397201538086,105.0031967163086,72.6048812866211,39.109310150146484
ORIGA,A,030.jpg,0.0,3072.0,2048.0,1.5,73.1806869506836,52.4591178894043,6.036767959594727,107.19189453125,73.20840454101562,39.14175033569336
ORIGA,B,031.jpg,0.0,3072.0,2048.0,1.5,92.71639251708984,65.19778442382812,2.95712947845459,142.33506774902344,91.9063491821289,43.90774917602539
ORIGA,A,032.jpg,0.0,3072.0,2048.0,1.5,72.7994384765625,51.639591217041016,7.235683917999268,109.61870574951172,74.23566436767578,34.54396057128906
ORIGA,B,033.jpg,0.0,3072.0,2048.0,1.5,80.40924835205078,54.31725311279297,7.845644474029541,131.3969268798828,75.43685150146484,34.39394760131836
ORIGA,B,034.jpg,0.0,3072.0,2048.0,1.5,75.50836181640625,52.86854553222656,6.377082824707031,113.08587646484375,77.05278778076172,36.38642501831055
ORIGA,B,035.jpg,0.0,3072.0,2048.0,1.5,59.56050491333008,42.1619873046875,6.280896186828613,102.35620880126953,59.57413864135742,16.75117301940918
ORIGA,A,036.jpg,1.0,3072.0,2048.0,1.5,63.32942199707031,43.80417251586914,6.040144920349121,108.41952514648438,60.721736907958984,20.847002029418945
ORIGA,A,037.jpg,1.0,3072.0,2048.0,1.5,68.70819091796875,47.072845458984375,5.802099227905273,116.91851043701172,66.07462310791016,23.131460189819336
ORIGA,A,038.jpg,0.0,3072.0,2048.0,1.5,67.47672271728516,46.1497688293457,6.435877799987793,115.63333129882812,66.04879760742188,20.74803352355957
ORIGA,A,039.jpg,0.0,3072.0,2048.0,1.5,80.75760650634766,54.224754333496094,6.617508888244629,119.69552612304688,79.0614242553711,43.515865325927734
ORIGA,A,040.jpg,0.0,3072.0,2048.0,1.5,71.90042114257812,49.04232406616211,7.012090682983398,106.5143051147461,74.1944351196289,34.99253463745117
ORIGA,B,041.jpg,1.0,3072.0,2048.0,1.5,75.04790496826172,50.28113555908203,5.966858386993408,106.01570892333984,77.56436920166016,41.563621520996094
ORIGA,B,042.jpg,0.0,3072.0,2048.0,1.5,78.07398986816406,51.233924865722656,6.146113395690918,124.5165023803711,81.52300262451172,28.182464599609375
ORIGA,B,043.jpg,0.0,3072.0,2048.0,1.5,78.6414566040039,51.279781341552734,6.957076072692871,125.7881851196289,78.6830825805664,31.453109741210938
ORIGA,A,044.jpg,0.0,3072.0,2048.0,1.5,72.96868896484375,50.048797607421875,6.956359386444092,114.67730712890625,72.09222412109375,32.136539459228516
ORIGA,B,045.jpg,0.0,3072.0,2048.0,1.5,77.85133361816406,54.504817962646484,6.471780776977539,113.08975982666016,79.69629669189453,40.767948150634766
ORIGA,B,046.jpg,0.0,3072.0,2048.0,1.5,80.51224517822266,55.92582702636719,6.7835235595703125,120.94406127929688,80.45281982421875,40.139869689941406
ORIGA,A,047.jpg,0.0,3072.0,2048.0,1.5,61.87419128417969,42.1822395324707,7.914742469787598,94.78809356689453,58.45170211791992,32.382789611816406
ORIGA,A,048.jpg,0.0,3072.0,2048.0,1.5,52.13276290893555,39.955322265625,8.609734535217285,78.70380401611328,49.969818115234375,27.724655151367188
ORIGA,A,049.jpg,0.0,3072.0,2048.0,1.5,65.8711929321289,46.52802658081055,3.3857998847961426,103.1063461303711,65.22669219970703,29.28055763244629
ORIGA,B,050.jpg,1.0,3072.0,2048.0,1.5,75.34807586669922,51.82427978515625,6.70416259765625,117.37734985351562,65.53720092773438,43.12965774536133
ORIGA,B,051.jpg,0.0,3072.0,2048.0,1.5,75.69284057617188,52.443084716796875,7.015599250793457,117.7445068359375,65.61624145507812,43.7177848815918
ORIGA,B,052.jpg,0.0,3072.0,2048.0,1.5,69.90524291992188,48.7674674987793,6.753238677978516,109.33917236328125,60.717952728271484,39.65860366821289
ORIGA,A,053.jpg,0.0,3072.0,2048.0,1.5,77.94794464111328,55.040584564208984,7.613808631896973,117.4040298461914,77.8288803100586,38.61091995239258
ORIGA,A,054.jpg,0.0,3072.0,2048.0,1.5,77.51957702636719,54.572349548339844,6.672693252563477,114.40951538085938,79.05228424072266,39.09693908691406
ORIGA,A,055.jpg,0.0,3072.0,2048.0,1.5,66.97088623046875,46.131717681884766,3.2927603721618652,106.45699310302734,67.81991577148438,26.635740280151367
ORIGA,A,056.jpg,0.0,3072.0,2048.0,1.5,65.67121124267578,45.73391342163086,3.4633402824401855,106.41647338867188,64.7412109375,25.855966567993164
ORIGA,A,057.jpg,0.0,3072.0,2048.0,1.5,63.67494583129883,45.986412048339844,9.20892333984375,105.11004638671875,60.22372817993164,25.69108009338379
ORIGA,A,058.jpg,0.0,3072.0,2048.0,1.5,65.09517669677734,47.06772232055664,7.633283615112305,105.20700073242188,61.93007278442383,28.1484375
ORIGA,B,059.jpg,0.0,3072.0,2048.0,1.5,69.09003448486328,47.19514465332031,3.610483169555664,112.82100677490234,69.84835052490234,24.600744247436523
ORIGA,B,060.jpg,0.0,3072.0,2048.0,1.5,66.29126739501953,44.9050178527832,4.12218713760376,109.544189453125,66.66101837158203,22.668588638305664
ORIGA,A,061.jpg,0.0,3072.0,2048.0,1.5,69.47159576416016,49.637107849121094,6.868203163146973,112.5439453125,67.46434783935547,28.4064998626709
ORIGA,A,062.jpg,0.0,3072.0,2048.0,1.5,67.82431030273438,46.847801208496094,6.967643737792969,112.01888275146484,65.43587493896484,26.018186569213867
ORIGA,A,063.jpg,0.0,3072.0,2048.0,1.5,61.53267288208008,43.48116683959961,8.480682373046875,100.3981704711914,59.676570892333984,24.523283004760742
ORIGA,A,064.jpg,0.0,3072.0,2048.0,1.5,68.89305877685547,49.62268829345703,8.235380172729492,106.23797607421875,64.85285949707031,35.58832550048828
ORIGA,A,065.jpg,0.0,3072.0,2048.0,1.5,62.123016357421875,44.198604583740234,8.298667907714844,101.92181396484375,56.17985153198242,28.26738929748535
ORIGA,B,066.jpg,0.0,3072.0,2048.0,1.5,64.19619750976562,45.21074676513672,3.529787063598633,93.8265380859375,65.32762908935547,33.43443298339844
ORIGA,B,067.jpg,0.0,3072.0,2048.0,1.5,63.64265441894531,45.164920806884766,3.9950647354125977,91.5762939453125,65.4146499633789,33.937007904052734
ORIGA,B,068.jpg,0.0,3072.0,2048.0,1.5,64.54727935791016,48.113739013671875,3.0861330032348633,101.6944580078125,64.8045883178711,27.142784118652344
ORIGA,B,069.jpg,1.0,3072.0,2048.0,1.5,65.49803924560547,49.36927032470703,2.8004865646362305,109.2132339477539,64.14042663574219,23.14042854309082
ORIGA,A,070.jpg,0.0,3072.0,2048.0,1.5,53.3486328125,38.56132125854492,3.204904556274414,95.43497467041016,50.407958984375,14.202961921691895
ORIGA,B,071.jpg,0.0,3072.0,2048.0,1.5,88.79242706298828,56.35948944091797,5.839736461639404,139.49269104003906,88.27200317382812,38.61259460449219
ORIGA,B,072.jpg,1.0,3072.0,2048.0,1.5,90.49365234375,57.83507537841797,5.697232246398926,141.1904296875,90.3338623046875,39.95664596557617
ORIGA,A,073.jpg,0.0,3072.0,2048.0,1.5,62.75638961791992,44.91607666015625,3.479198932647705,101.66104125976562,62.74956130981445,23.85856056213379
ORIGA,A,074.jpg,0.0,3072.0,2048.0,1.5,64.33841705322266,45.42094039916992,3.0979747772216797,104.02828216552734,64.1405258178711,24.846471786499023
ORIGA,B,075.jpg,0.0,3072.0,2048.0,1.5,71.91178131103516,51.24771499633789,2.5587306022644043,122.5775146484375,70.81690216064453,22.340951919555664
ORIGA,B,076.jpg,1.0,3072.0,2048.0,1.5,77.6274185180664,51.781864166259766,2.7425425052642822,126.77645111083984,78.69824981689453,27.40757179260254
ORIGA,A,077.jpg,0.0,3072.0,2048.0,1.5,56.20070266723633,39.42604064941406,7.870052814483643,100.98600006103516,56.04221725463867,11.573880195617676
ORIGA,A,078.jpg,0.0,3072.0,2048.0,1.5,58.392215728759766,41.70099639892578,7.231359481811523,103.5034408569336,57.88407516479492,13.789132118225098
ORIGA,A,079.jpg,0.0,3072.0,2048.0,1.5,79.54615020751953,52.69197463989258,5.717211723327637,109.64342498779297,88.23421478271484,40.760833740234375
ORIGA,A,080.jpg,0.0,3072.0,2048.0,1.5,69.64534759521484,46.87425231933594,6.5082879066467285,104.3003921508789,75.30425262451172,29.331390380859375
ORIGA,B,081.jpg,0.0,3072.0,2048.0,1.5,57.40568161010742,39.55955123901367,8.466243743896484,86.35453033447266,54.14450454711914,31.71799659729004
ORIGA,A,082.jpg,0.0,3072.0,2048.0,1.5,76.74535369873047,52.951839447021484,6.111945152282715,110.77267456054688,78.08282470703125,41.38056564331055
ORIGA,A,083.jpg,0.0,3072.0,2048.0,1.5,78.88629150390625,55.24308776855469,5.954288482666016,112.73837280273438,83.14698028564453,40.773521423339844
ORIGA,A,084.jpg,0.0,3072.0,2048.0,1.5,83.20565032958984,61.52186965942383,5.7451982498168945,129.16587829589844,85.6859359741211,34.765132904052734
ORIGA,A,085.jpg,0.0,3072.0,2048.0,1.5,63.46120071411133,47.10326385498047,6.060391426086426,110.37289428710938,60.73832702636719,19.27237892150879
ORIGA,A,086.jpg,1.0,3072.0,2048.0,1.5,76.4542236328125,54.02400207519531,5.900406837463379,124.61804962158203,74.23548126220703,30.509130477905273
ORIGA,A,087.jpg,1.0,3072.0,2048.0,1.5,77.69906616210938,51.6453857421875,6.320074081420898,121.9332046508789,78.05994415283203,33.104034423828125
ORIGA,B,088.jpg,0.0,3072.0,2048.0,1.5,75.09070587158203,49.517608642578125,6.9088897705078125,114.5827407836914,74.4184341430664,36.270938873291016
ORIGA,B,089.jpg,0.0,3072.0,2048.0,1.5,70.8143539428711,46.688682556152344,7.685304641723633,113.02584075927734,68.95618438720703,30.461027145385742
ORIGA,A,090.jpg,0.0,3072.0,2048.0,1.5,58.09040451049805,42.3328742980957,3.454681634902954,105.47539520263672,52.68947219848633,16.106348037719727
ORIGA,A,091.jpg,0.0,3072.0,2048.0,1.5,66.84195709228516,46.358421325683594,5.887479782104492,116.7951431274414,69.45911407470703,14.271618843078613
ORIGA,A,092.jpg,0.0,3072.0,2048.0,1.5,65.90328979492188,45.428775787353516,5.926459312438965,116.24737548828125,67.5113525390625,13.951152801513672
ORIGA,B,093.jpg,1.0,3072.0,2048.0,1.5,93.97199249267578,60.91563034057617,6.649726390838623,122.0589599609375,100.505859375,59.351165771484375
ORIGA,B,094.jpg,1.0,3072.0,2048.0,1.5,91.25079345703125,58.7825813293457,6.630845069885254,121.0146484375,97.43155670166016,55.306182861328125
ORIGA,A,095.jpg,0.0,3072.0,2048.0,1.5,69.0770263671875,47.96642303466797,4.527226448059082,107.92303466796875,69.36486053466797,29.94318199157715
ORIGA,A,096.jpg,0.0,3072.0,2048.0,1.5,59.17497634887695,43.076873779296875,4.119965553283691,90.1337661743164,60.18227005004883,27.208887100219727
ORIGA,B,097.jpg,1.0,3072.0,2048.0,1.5,63.88218307495117,46.47750473022461,6.181300163269043,93.4378890991211,58.709102630615234,39.499549865722656
ORIGA,A,098.jpg,0.0,3072.0,2048.0,1.5,55.56423568725586,40.59766387939453,7.280128479003906,94.89151763916016,53.21180725097656,18.589384078979492
ORIGA,A,099.jpg,0.0,3072.0,2048.0,1.5,66.73896026611328,48.381160736083984,6.3436174392700195,111.47628021240234,65.27144622802734,23.46915626525879
ORIGA,B,100.jpg,0.0,3072.0,2048.0,1.5,64.637939453125,44.70674514770508,8.76329517364502,98.21249389648438,63.8437385559082,31.857580184936523
ORIGA,B,101.jpg,0.0,3072.0,2048.0,1.5,65.74578857421875,43.37500762939453,7.410536766052246,102.69229125976562,63.89763259887695,30.64743995666504
ORIGA,A,102.jpg,0.0,3072.0,2048.0,1.5,66.65045166015625,47.68559265136719,7.842418193817139,109.8501968383789,61.27265930175781,28.8284912109375
ORIGA,A,103.jpg,0.0,3072.0,2048.0,1.5,65.9960708618164,47.27192306518555,8.85995101928711,109.30521392822266,61.00960159301758,27.67339324951172
ORIGA,A,104.jpg,0.0,3072.0,2048.0,1.5,75.52264404296875,51.64326858520508,6.042117118835449,119.54694366455078,78.46221923828125,28.558778762817383
ORIGA,A,105.jpg,0.0,3072.0,2048.0,1.5,77.81859588623047,51.693336486816406,5.728830814361572,125.17306518554688,80.54779052734375,27.73493003845215
ORIGA,B,106.jpg,0.0,3072.0,2048.0,1.5,65.15706634521484,46.00834655761719,8.275004386901855,110.71524810791016,59.1232795715332,25.63265037536621
ORIGA,B,107.jpg,0.0,3072.0,2048.0,1.5,67.53289031982422,47.73191452026367,7.851316452026367,112.13638305664062,62.0839729309082,28.378305435180664
ORIGA,B,108.jpg,0.0,3072.0,2048.0,1.5,61.04148483276367,42.20541000366211,8.421964645385742,106.11166381835938,58.51806640625,18.494722366333008
ORIGA,B,109.jpg,0.0,3072.0,2048.0,1.5,62.68892288208008,43.75518798828125,9.106468200683594,107.40924072265625,60.72013473510742,19.93739128112793
ORIGA,B,110.jpg,1.0,3072.0,2048.0,1.5,61.61798095703125,44.076690673828125,7.166736125946045,107.9124755859375,61.4416618347168,15.49979305267334
ORIGA,B,111.jpg,0.0,3072.0,2048.0,1.5,62.819400787353516,43.53153991699219,6.500627517700195,108.54263305664062,62.69606399536133,17.219511032104492
ORIGA,B,112.jpg,0.0,3072.0,2048.0,1.5,71.24822235107422,45.40558624267578,3.0981388092041016,116.33785247802734,73.09524536132812,24.311567306518555
ORIGA,B,113.jpg,0.0,3072.0,2048.0,1.5,71.3231430053711,46.01639938354492,3.0014657974243164,114.46435546875,75.64764404296875,23.857431411743164
ORIGA,A,114.jpg,0.0,3072.0,2048.0,1.5,65.62355041503906,46.448448181152344,3.4065661430358887,102.75276947021484,66.56864166259766,27.549238204956055
ORIGA,A,115.jpg,0.0,3072.0,2048.0,1.5,65.36968994140625,45.394996643066406,3.5554471015930176,102.54678344726562,66.33625030517578,27.226022720336914
ORIGA,A,116.jpg,1.0,3072.0,2048.0,1.5,73.23199462890625,51.93363571166992,3.921067476272583,122.14962005615234,70.85161590576172,26.694747924804688
ORIGA,A,117.jpg,0.0,3072.0,2048.0,1.5,73.74661254882812,51.88151168823242,3.9064064025878906,121.7154769897461,71.72245025634766,27.801916122436523
ORIGA,B,118.jpg,0.0,3072.0,2048.0,1.5,69.96572875976562,50.30356979370117,3.2304539680480957,118.15396118164062,69.515869140625,22.22736167907715
ORIGA,B,119.jpg,0.0,3072.0,2048.0,1.5,68.64107513427734,46.3702392578125,3.7811357975006104,111.3386459350586,69.0106430053711,25.57393455505371
ORIGA,B,120.jpg,0.0,3072.0,2048.0,1.5,72.8998031616211,51.53973388671875,3.393007755279541,115.02862548828125,73.81707000732422,29.853721618652344
ORIGA,B,121.jpg,0.0,3072.0,2048.0,1.5,69.62396240234375,47.43642807006836,7.8100481033325195,109.36334228515625,66.66529083251953,32.84325408935547
ORIGA,B,122.jpg,0.0,3072.0,2048.0,1.5,70.54129791259766,47.82227325439453,7.012515544891357,111.82855224609375,67.47756958007812,32.31776428222656
ORIGA,A,123.jpg,0.0,3072.0,2048.0,1.5,65.97264862060547,46.54506301879883,4.202780723571777,111.8468017578125,62.437198638916016,23.63393211364746
ORIGA,A,124.jpg,0.0,3072.0,2048.0,1.5,65.68609619140625,46.280731201171875,4.377899169921875,112.7122573852539,61.0683479309082,23.277685165405273
ORIGA,A,125.jpg,0.0,3072.0,2048.0,1.5,72.26184844970703,50.036991119384766,8.346664428710938,112.63497161865234,72.76818084716797,31.382394790649414
ORIGA,A,126.jpg,0.0,3072.0,2048.0,1.5,62.747772216796875,43.245784759521484,7.549707412719727,105.0467758178711,61.4949836730957,21.701553344726562
ORIGA,A,127.jpg,0.0,3072.0,2048.0,1.5,62.761653900146484,43.70070266723633,7.667606830596924,104.24857330322266,61.44651412963867,22.589876174926758
ORIGA,A,128.jpg,0.0,3072.0,2048.0,1.5,74.31753540039062,54.2896614074707,5.929455280303955,119.6297836303711,71.1949691772461,32.127864837646484
ORIGA,A,129.jpg,0.0,3072.0,2048.0,1.5,76.93180084228516,52.344635009765625,6.323888778686523,123.73799896240234,72.88302612304688,34.174381256103516
ORIGA,B,130.jpg,0.0,3072.0,2048.0,1.5,65.7580795288086,45.19871520996094,6.959657669067383,117.85037994384766,67.53003692626953,11.893820762634277
ORIGA,A,131.jpg,0.0,3072.0,2048.0,1.5,68.75499725341797,45.11836242675781,7.150876045227051,111.756591796875,63.8580322265625,30.650388717651367
ORIGA,A,132.jpg,0.0,3072.0,2048.0,1.5,69.34300994873047,46.50812530517578,7.984049320220947,110.38916778564453,65.52208709716797,32.117767333984375
ORIGA,A,133.jpg,0.0,3072.0,2048.0,1.5,72.90072631835938,52.02565383911133,8.285592079162598,114.82623291015625,67.21937561035156,36.65658950805664
ORIGA,A,134.jpg,0.0,3072.0,2048.0,1.5,68.763671875,48.11027145385742,8.285436630249023,112.3782958984375,62.670711517333984,31.241989135742188
ORIGA,A,135.jpg,0.0,3072.0,2048.0,1.5,66.0479507446289,45.890357971191406,7.958098411560059,112.49661254882812,63.257991790771484,22.38924217224121
ORIGA,A,136.jpg,0.0,3072.0,2048.0,1.5,65.48003387451172,45.23904800415039,7.727550506591797,111.8696517944336,62.8034782409668,21.7669677734375
ORIGA,A,137.jpg,0.0,3072.0,2048.0,1.5,75.05646514892578,49.923439025878906,6.1582932472229,122.37802124023438,78.69422149658203,24.09715461730957
ORIGA,A,138.jpg,1.0,3072.0,2048.0,1.5,72.79500579833984,45.159236907958984,5.881960391998291,124.30230712890625,76.27851867675781,17.80419921875
ORIGA,A,139.jpg,0.0,3072.0,2048.0,1.5,69.13846588134766,50.24287796020508,8.371882438659668,109.97039794921875,65.30990600585938,32.13508605957031
ORIGA,A,140.jpg,0.0,3072.0,2048.0,1.5,63.19034194946289,45.0702018737793,8.433568954467773,104.52754974365234,58.0782585144043,26.96523094177246
ORIGA,B,141.jpg,0.0,3072.0,2048.0,1.5,72.1598129272461,49.54276657104492,3.364006757736206,127.72091674804688,66.3127212524414,22.4458065032959
ORIGA,B,142.jpg,0.0,3072.0,2048.0,1.5,73.81497192382812,49.00106430053711,3.0504226684570312,128.49855041503906,69.33921813964844,23.60713768005371
ORIGA,A,143.jpg,0.0,3072.0,2048.0,1.5,71.28053283691406,49.98042297363281,7.208058834075928,115.7022705078125,69.2453384399414,28.89400291442871
ORIGA,B,144.jpg,0.0,3072.0,2048.0,1.5,75.15180206298828,52.55479049682617,7.431191444396973,127.15328216552734,69.125244140625,29.1768856048584
ORIGA,B,145.jpg,0.0,3072.0,2048.0,1.5,72.18407440185547,50.488895416259766,8.273136138916016,122.6363525390625,65.72534942626953,28.19053077697754
ORIGA,A,146.jpg,0.0,3072.0,2048.0,1.5,63.91331100463867,44.42542266845703,2.8480453491210938,112.7940902709961,64.84322357177734,14.102615356445312
ORIGA,A,147.jpg,0.0,3072.0,2048.0,1.5,73.28793334960938,48.477867126464844,2.7178726196289062,124.98548126220703,76.45111846923828,18.427202224731445
ORIGA,A,148.jpg,0.0,3072.0,2048.0,1.5,83.39859008789062,57.40863037109375,3.540571689605713,119.27115631103516,87.00959014892578,43.915008544921875
ORIGA,A,149.jpg,0.0,3072.0,2048.0,1.5,92.9371566772461,61.9744987487793,2.970097064971924,128.91456604003906,98.75707244873047,51.13982009887695
ORIGA,A,150.jpg,0.0,3072.0,2048.0,1.5,64.27898406982422,47.160030364990234,4.872626781463623,97.57022857666016,62.6226921081543,32.64402770996094
ORIGA,A,151.jpg,0.0,3072.0,2048.0,1.5,72.53134155273438,46.630348205566406,3.6110880374908447,112.20372772216797,69.90593719482422,35.484352111816406
ORIGA,A,152.jpg,0.0,3072.0,2048.0,1.5,75.6566390991211,47.99643325805664,4.206578254699707,116.2750015258789,73.38044738769531,37.314453125
ORIGA,B,153.jpg,0.0,3072.0,2048.0,1.5,76.83609771728516,53.20551681518555,7.318564414978027,110.7575912475586,78.5071029663086,41.24360275268555
ORIGA,B,154.jpg,0.0,3072.0,2048.0,1.5,71.0309066772461,47.77057647705078,8.171577453613281,115.17486572265625,69.12259674072266,28.795257568359375
ORIGA,B,155.jpg,0.0,3072.0,2048.0,1.5,69.4025650024414,47.101871490478516,8.169721603393555,112.04998779296875,68.11181640625,28.045888900756836
ORIGA,B,156.jpg,0.0,3072.0,2048.0,1.5,92.46138763427734,61.57249450683594,6.032334804534912,135.70765686035156,88.7579345703125,52.91853713989258
ORIGA,B,157.jpg,0.0,3072.0,2048.0,1.5,92.62042236328125,63.40482711791992,6.292413711547852,137.5779571533203,87.93900299072266,52.344268798828125
ORIGA,A,158.jpg,1.0,3072.0,2048.0,1.5,71.75798034667969,48.406463623046875,6.417502403259277,119.56673431396484,72.43639373779297,23.27080535888672
ORIGA,A,159.jpg,1.0,3072.0,2048.0,1.5,68.95027923583984,47.06241226196289,6.348402500152588,115.77704620361328,69.54901123046875,21.5247802734375
ORIGA,A,160.jpg,1.0,3072.0,2048.0,1.5,69.46634674072266,47.892234802246094,6.8847832679748535,115.20111083984375,69.96552276611328,23.232412338256836
ORIGA,A,161.jpg,0.0,3072.0,2048.0,1.5,84.3653793334961,57.163665771484375,7.160711288452148,128.3425750732422,79.82196044921875,44.931583404541016
ORIGA,A,162.jpg,0.0,3072.0,2048.0,1.5,89.7972412109375,60.732723236083984,7.420566558837891,134.71400451660156,85.92952728271484,48.74819564819336
ORIGA,B,163.jpg,0.0,3072.0,2048.0,1.5,59.25544357299805,44.7553596496582,6.3487229347229,99.54727935791016,56.82278823852539,21.396249771118164
ORIGA,B,164.jpg,0.0,3072.0,2048.0,1.5,80.22842407226562,56.50397491455078,5.78360652923584,130.49603271484375,79.2095947265625,30.97965431213379
ORIGA,B,165.jpg,1.0,3072.0,2048.0,1.5,80.87458038330078,57.4629020690918,4.756731033325195,146.8229522705078,75.42605590820312,20.374746322631836
ORIGA,B,166.jpg,0.0,3072.0,2048.0,1.5,77.33543395996094,55.74740219116211,5.356456756591797,141.85130310058594,70.53983306884766,19.61517906188965
ORIGA,B,167.jpg,0.0,3072.0,2048.0,1.5,86.87491607666016,59.590694427490234,6.425307750701904,129.6243438720703,84.41128540039062,46.58909225463867
ORIGA,B,168.jpg,1.0,3072.0,2048.0,1.5,90.6442642211914,63.0904541015625,6.230085372924805,138.42697143554688,88.39717864990234,45.10866165161133
ORIGA,A,169.jpg,0.0,3072.0,2048.0,1.5,76.45059204101562,52.65290832519531,5.984624862670898,113.3453369140625,78.09619140625,37.91025161743164
ORIGA,A,170.jpg,0.0,3072.0,2048.0,1.5,72.31234741210938,49.72433853149414,6.324244976043701,107.1771469116211,73.65644073486328,36.10346984863281
ORIGA,A,171.jpg,1.0,3072.0,2048.0,1.5,74.76648712158203,50.875736236572266,6.551143646240234,110.33643341064453,76.18572998046875,37.77729797363281
ORIGA,A,172.jpg,0.0,3072.0,2048.0,1.5,83.92864227294922,57.34627914428711,6.631333351135254,129.20028686523438,81.93045806884766,40.65517044067383
ORIGA,A,173.jpg,0.0,3072.0,2048.0,1.5,82.05036163330078,56.34648895263672,6.305027008056641,128.51849365234375,79.76697540283203,37.865631103515625
ORIGA,A,174.jpg,0.0,3072.0,2048.0,1.5,73.5365982055664,51.66188049316406,6.070222854614258,117.80044555664062,70.6127700805664,32.19657897949219
ORIGA,A,175.jpg,0.0,3072.0,2048.0,1.5,69.49663543701172,45.422176361083984,5.59175968170166,129.4859161376953,64.6064224243164,14.397578239440918
ORIGA,B,176.jpg,0.0,3072.0,2048.0,1.5,98.47061920166016,67.39865112304688,5.072805404663086,150.86634826660156,97.8905258178711,46.654972076416016
ORIGA,A,177.jpg,0.0,3072.0,2048.0,1.5,83.70899200439453,58.85420608520508,5.95688009262085,131.7073974609375,81.40563201904297,38.013973236083984
ORIGA,B,178.jpg,0.0,3072.0,2048.0,1.5,82.27066802978516,56.764034271240234,7.534423828125,129.33998107910156,79.49956512451172,37.97244644165039
ORIGA,B,179.jpg,0.0,3072.0,2048.0,1.5,73.30477142333984,51.23807907104492,7.364675045013428,119.99331665039062,69.50653076171875,30.414472579956055
ORIGA,B,180.jpg,1.0,3072.0,2048.0,1.5,98.16015625,64.38146209716797,5.093855857849121,157.4293670654297,95.27752685546875,41.773590087890625
ORIGA,B,181.jpg,1.0,3072.0,2048.0,1.5,97.74188232421875,63.871498107910156,4.675774574279785,157.01568603515625,94.96269989013672,41.24726867675781
ORIGA,B,182.jpg,1.0,3072.0,2048.0,1.5,93.8253402709961,61.11899185180664,4.673166751861572,153.60740661621094,90.08655548095703,37.78207015991211
ORIGA,B,183.jpg,0.0,3072.0,2048.0,1.5,86.4603271484375,58.809669494628906,5.60828161239624,135.6449737548828,88.10272216796875,35.63330078125
ORIGA,B,184.jpg,0.0,3072.0,2048.0,1.5,81.51265716552734,55.57577896118164,6.605522155761719,122.5644760131836,70.76714324951172,51.20634841918945
ORIGA,A,185.jpg,0.0,3072.0,2048.0,1.5,75.4800796508789,53.13489532470703,7.441873550415039,112.97076416015625,72.1360092163086,41.3334846496582
ORIGA,B,186.jpg,0.0,3072.0,2048.0,1.5,83.24736785888672,55.49604797363281,6.567096710205078,125.9474868774414,85.84455108642578,37.95005798339844
ORIGA,B,187.jpg,0.0,3072.0,2048.0,1.5,79.5270767211914,51.62800216674805,6.659693717956543,121.81893157958984,82.7480239868164,34.0142936706543
ORIGA,B,188.jpg,0.0,3072.0,2048.0,1.5,72.84418487548828,48.99309158325195,6.328116416931152,111.4019546508789,73.69891357421875,33.43168640136719
ORIGA,A,189.jpg,0.0,3072.0,2048.0,1.5,68.60834503173828,47.021644592285156,6.257008075714111,121.68099212646484,64.61676025390625,19.52728843688965
ORIGA,B,190.jpg,0.0,3072.0,2048.0,1.5,72.92815399169922,51.25303268432617,7.591968536376953,110.16866302490234,72.04193878173828,36.5738525390625
ORIGA,A,191.jpg,0.0,3072.0,2048.0,1.5,75.92432403564453,52.173194885253906,5.469415664672852,123.88922119140625,72.1819839477539,31.701751708984375
ORIGA,B,192.jpg,0.0,3072.0,2048.0,1.5,81.7143325805664,55.502803802490234,6.434991359710693,128.6835174560547,81.58092498779297,34.87856674194336
ORIGA,B,193.jpg,0.0,3072.0,2048.0,1.5,81.58997344970703,56.13243865966797,6.411194324493408,129.16696166992188,82.52442169189453,33.07854080200195
ORIGA,B,194.jpg,0.0,3072.0,2048.0,1.5,85.93387603759766,56.494625091552734,5.906438827514648,126.67134857177734,91.9923095703125,39.138004302978516
ORIGA,B,195.jpg,0.0,3072.0,2048.0,1.5,67.66649627685547,49.414337158203125,6.06644344329834,113.4411392211914,66.74031829833984,22.818029403686523
ORIGA,A,196.jpg,0.0,3072.0,2048.0,1.5,55.01310348510742,41.932769775390625,6.93167781829834,88.0850830078125,47.42026901245117,29.533964157104492
ORIGA,B,197.jpg,0.0,3072.0,2048.0,1.5,79.86063385009766,58.436729431152344,6.343819618225098,122.8702621459961,69.38011932373047,47.33151626586914
ORIGA,A,198.jpg,0.0,3072.0,2048.0,1.5,65.11873626708984,45.20453643798828,3.6087493896484375,115.3850326538086,64.2113265991211,15.759846687316895
ORIGA,A,199.jpg,0.0,3072.0,2048.0,1.5,64.38187408447266,45.259361267089844,3.511547565460205,112.58415985107422,65.13677215576172,15.424713134765625
ORIGA,A,200.jpg,0.0,3072.0,2048.0,1.5,82.67568969726562,59.55050277709961,5.994548797607422,114.3927230834961,75.27236938476562,58.36198043823242
ORIGA,A,201.jpg,0.0,3072.0,2048.0,1.5,73.85810089111328,52.16141891479492,6.107542991638184,120.50627899169922,76.442138671875,24.62590980529785
ORIGA,A,202.jpg,0.0,3072.0,2048.0,1.5,79.25614166259766,55.474754333496094,5.828171730041504,124.2886734008789,67.67469024658203,45.80508041381836
ORIGA,A,203.jpg,0.0,3072.0,2048.0,1.5,91.8344497680664,62.823097229003906,5.735596656799316,140.754150390625,80.17728424072266,54.57194900512695
ORIGA,A,204.jpg,0.0,3072.0,2048.0,1.5,74.70125579833984,48.985347747802734,6.161054611206055,111.87125396728516,78.83623504638672,33.39625930786133
ORIGA,A,205.jpg,0.0,3072.0,2048.0,1.5,84.84559631347656,54.85356521606445,5.89803409576416,117.6580810546875,91.6710433959961,45.20766830444336
ORIGA,A,206.jpg,0.0,3072.0,2048.0,1.5,74.47834777832031,53.159793853759766,7.200353622436523,111.39984130859375,75.66146850585938,36.37372970581055
ORIGA,A,207.jpg,0.0,3072.0,2048.0,1.5,76.43633270263672,53.82613754272461,8.0147705078125,119.08040618896484,75.77819061279297,34.45038986206055
ORIGA,B,208.jpg,1.0,3072.0,2048.0,1.5,74.29154205322266,51.818111419677734,4.427030563354492,120.6131591796875,70.66194915771484,31.59950828552246
ORIGA,B,209.jpg,0.0,3072.0,2048.0,1.5,69.21288299560547,49.80081558227539,4.4181060791015625,112.54570770263672,66.35033416748047,28.742616653442383
ORIGA,A,210.jpg,0.0,3072.0,2048.0,1.5,70.9193344116211,49.17853546142578,7.155773162841797,120.1983413696289,67.27449798583984,25.285181045532227
ORIGA,B,211.jpg,0.0,3072.0,2048.0,1.5,59.638973236083984,44.955482482910156,6.95201301574707,91.21588134765625,51.37614059448242,36.32489776611328
ORIGA,B,212.jpg,0.0,3072.0,2048.0,1.5,61.69316482543945,44.484378814697266,6.978948593139648,95.9625244140625,53.560665130615234,35.556304931640625
ORIGA,B,213.jpg,1.0,3072.0,2048.0,1.5,78.54837036132812,51.04138946533203,5.557433605194092,132.1498565673828,78.5327377319336,24.96251106262207
ORIGA,A,214.jpg,0.0,3072.0,2048.0,1.5,63.41934585571289,44.10332489013672,3.010261297225952,103.3742904663086,53.654815673828125,33.228939056396484
ORIGA,A,215.jpg,0.0,3072.0,2048.0,1.5,66.63551330566406,45.88166809082031,2.5301589965820312,106.16605377197266,56.5698127746582,37.170684814453125
ORIGA,A,216.jpg,0.0,3072.0,2048.0,1.5,74.645751953125,52.0595817565918,6.552866458892822,115.60787200927734,73.85649871826172,34.4728889465332
ORIGA,A,217.jpg,0.0,3072.0,2048.0,1.5,68.8758316040039,47.24503707885742,5.972194671630859,110.0173110961914,67.10083770751953,29.509347915649414
ORIGA,B,218.jpg,0.0,3072.0,2048.0,1.5,60.718658447265625,39.51206588745117,2.9476523399353027,99.15390014648438,61.00859069824219,21.993486404418945
ORIGA,B,219.jpg,0.0,3072.0,2048.0,1.5,61.248905181884766,42.564327239990234,3.0064163208007812,96.35809326171875,62.55733108520508,24.831300735473633
ORIGA,B,220.jpg,0.0,3072.0,2048.0,1.5,73.19847869873047,48.257667541503906,6.603586673736572,121.91927337646484,70.61178588867188,27.06437873840332
ORIGA,B,221.jpg,0.0,3072.0,2048.0,1.5,80.19091796875,53.78061294555664,6.408588409423828,128.8445587158203,79.25385284423828,32.47434616088867
ORIGA,A,222.jpg,0.0,3072.0,2048.0,1.5,74.83951568603516,48.299560546875,2.487510919570923,122.21280670166016,64.15267181396484,38.1530647277832
ORIGA,A,223.jpg,0.0,3072.0,2048.0,1.5,68.36396026611328,46.90557861328125,2.921067714691162,114.17849731445312,56.92509841918945,33.98829650878906
ORIGA,A,224.jpg,0.0,3072.0,2048.0,1.5,94.9828109741211,64.90805053710938,5.820323467254639,144.2268829345703,84.56774139404297,56.15376663208008
ORIGA,A,225.jpg,1.0,3072.0,2048.0,1.5,94.61138916015625,64.54959106445312,5.59731912612915,139.69644165039062,85.97992706298828,58.157806396484375
ORIGA,A,226.jpg,0.0,3072.0,2048.0,1.5,69.09494018554688,49.83635711669922,3.714824676513672,110.8880844116211,65.4587173461914,30.93800926208496
ORIGA,A,227.jpg,0.0,3072.0,2048.0,1.5,74.73242950439453,55.72706604003906,4.614557266235352,115.6302261352539,72.31867218017578,36.24837875366211
ORIGA,B,228.jpg,1.0,3072.0,2048.0,1.5,68.66826629638672,49.0733757019043,7.083189964294434,114.72329711914062,68.00640106201172,23.275114059448242
ORIGA,B,229.jpg,1.0,3072.0,2048.0,1.5,66.16547393798828,46.49055480957031,6.822841167449951,113.08221435546875,64.41653442382812,20.99767303466797
ORIGA,B,230.jpg,0.0,3072.0,2048.0,1.5,66.51139068603516,45.52666091918945,2.6845314502716064,107.9932861328125,68.59528350830078,22.94561767578125
ORIGA,B,231.jpg,0.0,3072.0,2048.0,1.5,64.58527374267578,44.65846633911133,2.8450183868408203,108.1729507446289,66.93933868408203,18.643535614013672
ORIGA,B,232.jpg,0.0,3072.0,2048.0,1.5,64.23612213134766,52.530731201171875,6.88886833190918,99.64090728759766,68.6953353881836,24.37212562561035
ORIGA,B,233.jpg,1.0,3072.0,2048.0,1.5,34.58650207519531,27.056447982788086,7.3876118659973145,56.144474029541016,34.7146110534668,12.900416374206543
ORIGA,B,234.jpg,0.0,3072.0,2048.0,1.5,60.984405517578125,42.05070114135742,6.976214408874512,104.52899932861328,59.979793548583984,18.444433212280273
ORIGA,B,235.jpg,0.0,3072.0,2048.0,1.5,75.85479736328125,51.17387771606445,6.500011444091797,125.05322265625,75.77058410644531,26.74059295654297
ORIGA,B,236.jpg,0.0,3072.0,2048.0,1.5,51.90671920776367,40.98591232299805,3.088371753692627,85.81372833251953,44.7114143371582,25.194992065429688
ORIGA,B,237.jpg,0.0,3072.0,2048.0,1.5,55.872745513916016,43.44355392456055,3.442500591278076,93.32427978515625,46.099395751953125,28.194570541381836
ORIGA,B,238.jpg,0.0,3072.0,2048.0,1.5,60.71803665161133,44.99357604980469,6.39078426361084,101.66045379638672,62.50358581542969,17.990081787109375
ORIGA,B,239.jpg,0.0,3072.0,2048.0,1.5,84.3154296875,59.21784973144531,5.446735382080078,118.50980377197266,93.519287109375,40.91718292236328
ORIGA,A,240.jpg,1.0,3072.0,2048.0,1.5,62.419132232666016,48.47368621826172,2.907118320465088,104.8735580444336,52.31080627441406,30.07305335998535
ORIGA,B,241.jpg,1.0,3072.0,2048.0,1.5,92.55912017822266,63.88787078857422,6.609102249145508,131.35960388183594,95.4649658203125,50.852813720703125
ORIGA,B,242.jpg,0.0,3072.0,2048.0,1.5,79.45437622070312,56.761295318603516,6.866589546203613,117.422119140625,82.92691802978516,38.01409912109375
ORIGA,B,243.jpg,0.0,3072.0,2048.0,1.5,76.53347778320312,51.371639251708984,7.573422431945801,107.03524017333984,77.06645965576172,45.49873733520508
ORIGA,B,244.jpg,0.0,3072.0,2048.0,1.5,73.20074462890625,49.36185836791992,7.900627136230469,104.8492202758789,73.53653717041016,41.21646499633789
ORIGA,B,245.jpg,1.0,3072.0,2048.0,1.5,65.6302261352539,50.666038513183594,6.259250164031982,105.3139419555664,66.7139892578125,24.862747192382812
ORIGA,B,246.jpg,1.0,3072.0,2048.0,1.5,60.6002082824707,43.98126220703125,6.215982437133789,100.20980834960938,61.72050857543945,19.870309829711914
ORIGA,A,247.jpg,1.0,3072.0,2048.0,1.5,61.28701400756836,40.62394332885742,2.774031639099121,119.23983764648438,55.775211334228516,8.845986366271973
ORIGA,A,248.jpg,0.0,3072.0,2048.0,1.5,72.4413070678711,50.672420501708984,2.613049030303955,112.5424575805664,63.68125915527344,41.1002082824707
ORIGA,A,249.jpg,0.0,3072.0,2048.0,1.5,58.420597076416016,41.20293426513672,7.472489356994629,105.377685546875,52.566646575927734,17.317472457885742
ORIGA,A,250.jpg,0.0,3072.0,2048.0,1.5,58.61629104614258,41.109249114990234,7.475666522979736,106.2644271850586,53.398284912109375,16.1861629486084
ORIGA,B,251.jpg,0.0,3072.0,2048.0,1.5,76.9183120727539,56.59678649902344,5.607186317443848,109.5738525390625,76.73030853271484,44.45078659057617
ORIGA,B,252.jpg,0.0,3072.0,2048.0,1.5,79.52185821533203,57.814796447753906,5.859879493713379,111.626953125,79.7157974243164,47.22282791137695
ORIGA,B,253.jpg,0.0,3072.0,2048.0,1.5,78.36898803710938,49.66333770751953,2.9313836097717285,123.20379638671875,80.56399536132812,31.33916473388672
ORIGA,B,254.jpg,0.0,3072.0,2048.0,1.5,87.67910766601562,56.80776596069336,5.579766273498535,140.635009765625,84.86811065673828,37.53419876098633
ORIGA,B,255.jpg,0.0,3072.0,2048.0,1.5,66.27073669433594,45.902427673339844,3.3445184230804443,98.1777572631836,68.5003662109375,32.13407516479492
ORIGA,B,256.jpg,0.0,3072.0,2048.0,1.5,58.94794845581055,40.53721618652344,3.5241570472717285,87.1146240234375,59.99949264526367,29.72972869873047
ORIGA,B,257.jpg,0.0,3072.0,2048.0,1.5,74.33783721923828,50.48070526123047,3.896353244781494,113.35701751708984,72.5235366821289,37.13297653198242
ORIGA,B,258.jpg,0.0,3072.0,2048.0,1.5,76.55268096923828,51.38042449951172,4.270558834075928,113.79927825927734,75.46561431884766,40.39316940307617
ORIGA,A,259.jpg,0.0,3072.0,2048.0,1.5,73.24188995361328,54.55971908569336,3.0545125007629395,109.94995880126953,73.1735610961914,36.602142333984375
ORIGA,A,260.jpg,0.0,3072.0,2048.0,1.5,73.15481567382812,53.58254623413086,2.8659844398498535,109.1124496459961,74.2229232788086,36.12907791137695
ORIGA,B,261.jpg,0.0,3072.0,2048.0,1.5,85.1741714477539,58.33646011352539,7.805130481719971,127.69962310791016,83.57461547851562,44.248260498046875
ORIGA,B,262.jpg,0.0,3072.0,2048.0,1.5,87.17867279052734,59.79275131225586,7.866673469543457,127.64861297607422,85.99198150634766,47.89540481567383
ORIGA,A,263.jpg,0.0,3072.0,2048.0,1.5,76.50104522705078,55.31543731689453,3.588390827178955,113.60958099365234,77.56110382080078,38.33243942260742
ORIGA,A,264.jpg,0.0,3072.0,2048.0,1.5,79.75353240966797,57.61791229248047,3.134573221206665,118.9377212524414,80.12537384033203,40.19748306274414
ORIGA,A,265.jpg,0.0,3072.0,2048.0,1.5,64.92407989501953,45.769779205322266,6.200040817260742,104.69342803955078,64.43551635742188,25.643285751342773
ORIGA,A,266.jpg,0.0,3072.0,2048.0,1.5,62.0579948425293,43.39070129394531,6.121803283691406,99.65938568115234,62.45256423950195,24.062042236328125
ORIGA,B,267.jpg,0.0,3072.0,2048.0,1.5,81.91698455810547,57.25502014160156,2.7442355155944824,125.07332611083984,80.99808502197266,39.67953109741211
ORIGA,B,268.jpg,0.0,3072.0,2048.0,1.5,84.71846008300781,60.18137741088867,2.96254301071167,127.4919204711914,84.7962875366211,41.867183685302734
ORIGA,B,269.jpg,1.0,3072.0,2048.0,1.5,81.899169921875,56.62944030761719,7.967687129974365,120.32335662841797,79.60845184326172,45.76570510864258
ORIGA,B,270.jpg,1.0,3072.0,2048.0,1.5,78.26675415039062,53.73039627075195,7.8929338455200195,117.93499755859375,75.40563201904297,41.459625244140625
ORIGA,B,271.jpg,0.0,3072.0,2048.0,1.5,67.4997787475586,46.0450553894043,8.002813339233398,106.9677963256836,64.81466674804688,30.716894149780273
ORIGA,B,272.jpg,0.0,3072.0,2048.0,1.5,70.67919158935547,46.887168884277344,7.616735458374023,110.57581329345703,68.9931869506836,32.46857833862305
ORIGA,A,273.jpg,1.0,3072.0,2048.0,1.5,75.18685913085938,52.52783203125,6.250433921813965,129.54469299316406,61.43355178833008,34.58232116699219
ORIGA,A,274.jpg,0.0,3072.0,2048.0,1.5,83.39290618896484,55.38385009765625,6.007513523101807,126.34610748291016,81.01485443115234,42.817752838134766
ORIGA,A,275.jpg,0.0,3072.0,2048.0,1.5,85.7273178100586,58.46837615966797,6.953771591186523,128.05191040039062,83.53541564941406,45.594608306884766
ORIGA,B,276.jpg,0.0,3072.0,2048.0,1.5,77.38036346435547,54.824195861816406,2.342949867248535,125.35343170166016,64.99340057373047,41.794246673583984
ORIGA,B,277.jpg,1.0,3072.0,2048.0,1.5,76.01741790771484,52.37089920043945,3.5532140731811523,115.76470947265625,75.93016815185547,36.357391357421875
ORIGA,B,278.jpg,1.0,3072.0,2048.0,1.5,75.26123046875,51.051910400390625,3.2598679065704346,115.2919692993164,76.72225189208984,33.76945877075195
ORIGA,A,279.jpg,0.0,3072.0,2048.0,1.5,67.22916412353516,47.141910552978516,4.119406700134277,105.65543365478516,62.414306640625,33.61776351928711
ORIGA,A,280.jpg,0.0,3072.0,2048.0,1.5,70.3708724975586,49.86845016479492,3.501279592514038,106.4728012084961,66.88907623291016,37.750732421875
ORIGA,B,281.jpg,0.0,3072.0,2048.0,1.5,78.71585083007812,55.95224380493164,3.2735702991485596,124.39678955078125,77.12035369873047,34.63039779663086
ORIGA,B,282.jpg,0.0,3072.0,2048.0,1.5,80.03052520751953,56.65022277832031,3.069664478302002,124.34676361083984,78.37012481689453,37.374691009521484
ORIGA,B,283.jpg,1.0,3072.0,2048.0,1.5,72.55878448486328,52.88785171508789,4.105554580688477,115.60303497314453,61.45183181762695,40.62148666381836
ORIGA,B,284.jpg,1.0,3072.0,2048.0,1.5,81.5370864868164,58.35041809082031,2.9058425426483154,127.62621307373047,68.98004150390625,48.0049934387207
ORIGA,B,285.jpg,1.0,3072.0,2048.0,1.5,74.32904052734375,45.83821487426758,2.673954486846924,119.1125259399414,75.29742431640625,28.577163696289062
ORIGA,B,286.jpg,1.0,3072.0,2048.0,1.5,75.54303741455078,46.99247741699219,2.841273784637451,119.56571197509766,76.87187957763672,30.191530227661133
ORIGA,A,287.jpg,0.0,3072.0,2048.0,1.5,97.8810806274414,65.24669647216797,2.723238468170166,144.35630798339844,99.25274658203125,50.034210205078125
ORIGA,A,288.jpg,0.0,3072.0,2048.0,1.5,93.87322998046875,62.40318298339844,2.7264914512634277,142.92054748535156,92.26688385009766,46.4322395324707
ORIGA,A,289.jpg,1.0,3072.0,2048.0,1.5,57.99910354614258,43.78480529785156,8.640697479248047,97.61156463623047,52.01274490356445,24.37300682067871
ORIGA,A,290.jpg,0.0,3072.0,2048.0,1.5,74.30046081542969,53.1622314453125,8.088075637817383,119.33968353271484,68.83094024658203,34.73074722290039
ORIGA,A,291.jpg,0.0,3072.0,2048.0,1.5,82.85821533203125,55.058013916015625,6.123502254486084,121.25310516357422,84.89380645751953,42.42775344848633
ORIGA,A,292.jpg,0.0,3072.0,2048.0,1.5,80.16948699951172,50.93065643310547,5.888121128082275,118.05171966552734,82.44916534423828,40.0075569152832
ORIGA,A,293.jpg,1.0,3072.0,2048.0,1.5,72.83230590820312,51.83378219604492,8.092893600463867,106.12203216552734,74.10125732421875,38.27363586425781
ORIGA,A,294.jpg,1.0,3072.0,2048.0,1.5,80.48307037353516,53.24275588989258,6.78241491317749,112.14701080322266,83.130615234375,46.17159652709961
ORIGA,B,295.jpg,0.0,3072.0,2048.0,1.5,72.59732055664062,52.18980026245117,8.314239501953125,105.29141998291016,69.73007202148438,42.77045822143555
ORIGA,B,296.jpg,0.0,3072.0,2048.0,1.5,72.22396850585938,50.36529541015625,3.4760849475860596,110.25173950195312,70.14700317382812,36.27315902709961
ORIGA,B,297.jpg,0.0,3072.0,2048.0,1.5,79.8692626953125,54.59456253051758,3.5792641639709473,114.41375732421875,80.62200164794922,44.572021484375
ORIGA,A,298.jpg,0.0,3072.0,2048.0,1.5,80.6417007446289,57.63630294799805,3.195866584777832,115.87191009521484,82.93333435058594,43.1198616027832
ORIGA,A,299.jpg,0.0,3072.0,2048.0,1.5,78.83330535888672,56.7642707824707,3.3143177032470703,111.29763793945312,79.95282745361328,45.24945068359375
ORIGA,B,300.jpg,1.0,3072.0,2048.0,1.5,82.67507934570312,55.392173767089844,5.84316873550415,135.5494384765625,82.7057113647461,29.77010154724121
ORIGA,B,301.jpg,1.0,3072.0,2048.0,1.5,82.00623321533203,54.9290771484375,5.458135604858398,136.7663116455078,82.09274291992188,27.159643173217773
ORIGA,B,302.jpg,0.0,3072.0,2048.0,1.5,75.60997772216797,53.103206634521484,3.5901060104370117,119.73218536376953,75.50371551513672,31.594057083129883
ORIGA,B,303.jpg,0.0,3072.0,2048.0,1.5,75.79927062988281,53.41640853881836,4.30755615234375,118.90299224853516,75.35889434814453,33.13591384887695
ORIGA,A,304.jpg,1.0,3072.0,2048.0,1.5,80.39141845703125,53.09092712402344,2.543769359588623,101.45938110351562,85.95174407958984,53.763126373291016
ORIGA,A,305.jpg,1.0,3072.0,2048.0,1.5,80.22476959228516,53.44769287109375,5.6768798828125,120.58785247802734,78.12309265136719,41.96335220336914
ORIGA,A,306.jpg,1.0,3072.0,2048.0,1.5,82.379638671875,57.52676773071289,6.117715835571289,122.50189208984375,79.67496490478516,44.96205520629883
ORIGA,A,307.jpg,0.0,3072.0,2048.0,1.5,76.7371597290039,52.16384506225586,5.695713043212891,120.6919174194336,78.0535888671875,31.465978622436523
ORIGA,A,308.jpg,0.0,3072.0,2048.0,1.5,74.58065032958984,51.358306884765625,5.884676933288574,117.75113677978516,75.10729217529297,30.883499145507812
ORIGA,A,309.jpg,0.0,3072.0,2048.0,1.5,69.5405502319336,48.019309997558594,3.1268908977508545,103.4205551147461,68.9161376953125,36.28493881225586
ORIGA,A,310.jpg,0.0,3072.0,2048.0,1.5,70.01010131835938,50.37779998779297,3.9254798889160156,101.83051300048828,69.04046630859375,39.15932846069336
ORIGA,B,311.jpg,0.0,3072.0,2048.0,1.5,65.74810028076172,43.65129470825195,6.527725696563721,118.19339752197266,65.27173614501953,13.77916431427002
ORIGA,B,312.jpg,1.0,3072.0,2048.0,1.5,68.10552978515625,44.157127380371094,6.853655815124512,121.95532989501953,67.8786849975586,14.48256778717041
ORIGA,B,313.jpg,0.0,3072.0,2048.0,1.5,76.23568725585938,54.57679748535156,6.830033779144287,113.8840560913086,67.03697204589844,47.7860221862793
ORIGA,B,314.jpg,0.0,3072.0,2048.0,1.5,74.40220642089844,51.26506805419922,6.3495378494262695,109.55535888671875,66.76481628417969,46.88645553588867
ORIGA,B,315.jpg,0.0,3072.0,2048.0,1.5,83.21192932128906,55.14262390136719,3.2501773834228516,123.11978912353516,84.95447540283203,41.561519622802734
ORIGA,B,316.jpg,0.0,3072.0,2048.0,1.5,84.69224548339844,55.83332443237305,3.1679954528808594,123.9541015625,86.45694732666016,43.665679931640625
ORIGA,A,317.jpg,1.0,3072.0,2048.0,1.5,70.0940170288086,48.98036575317383,5.8812360763549805,126.43131256103516,75.31192779541016,8.538820266723633
ORIGA,A,318.jpg,0.0,3072.0,2048.0,1.5,79.48168182373047,55.20541000366211,5.918970108032227,128.187255859375,84.87223815917969,25.385568618774414
ORIGA,B,319.jpg,0.0,3072.0,2048.0,1.5,80.36351776123047,54.058082580566406,4.619851112365723,124.7304916381836,77.31900787353516,39.04106521606445
ORIGA,B,320.jpg,0.0,3072.0,2048.0,1.5,69.65776824951172,50.569175720214844,3.937469244003296,108.19571685791016,65.96370697021484,34.81389236450195
ORIGA,A,321.jpg,0.0,3072.0,2048.0,1.5,76.49675750732422,50.564945220947266,2.961521863937378,123.00631713867188,82.86299896240234,23.6209659576416
ORIGA,A,322.jpg,1.0,3072.0,2048.0,1.5,72.3288803100586,47.15911102294922,2.6925601959228516,117.78328704833984,75.72205352783203,23.48128318786621
ORIGA,B,323.jpg,0.0,3072.0,2048.0,1.5,66.72957611083984,53.99406051635742,20.819931030273438,103.23552703857422,64.56189727783203,32.39128494262695
ORIGA,B,324.jpg,0.0,3072.0,2048.0,1.5,71.31784057617188,58.46399688720703,24.307353973388672,108.24109649658203,67.04634857177734,38.666080474853516
ORIGA,A,325.jpg,0.0,3072.0,2048.0,1.5,62.01483154296875,43.463531494140625,3.596000909805298,103.07935333251953,58.821685791015625,24.143457412719727
ORIGA,A,326.jpg,0.0,3072.0,2048.0,1.5,67.12551879882812,43.994754791259766,3.269129991531372,111.6826171875,63.16658401489258,26.5273494720459
ORIGA,B,327.jpg,1.0,3072.0,2048.0,1.5,58.21525955200195,50.065162658691406,11.59564208984375,92.64614868164062,47.892852783203125,34.106781005859375
ORIGA,B,328.jpg,0.0,3072.0,2048.0,1.5,75.87215423583984,52.46992874145508,2.733181953430176,125.98162078857422,76.91837310791016,24.716466903686523
ORIGA,B,329.jpg,0.0,3072.0,2048.0,1.5,75.66899871826172,52.41658020019531,3.179220676422119,123.1334228515625,77.41825866699219,26.455305099487305
ORIGA,A,330.jpg,1.0,3072.0,2048.0,1.5,66.7153549194336,47.40622329711914,7.844475746154785,105.37186431884766,70.00194549560547,24.772247314453125
ORIGA,A,331.jpg,0.0,3072.0,2048.0,1.5,74.04473876953125,50.85295104980469,7.844852447509766,116.390869140625,77.71640014648438,28.02693748474121
ORIGA,B,332.jpg,0.0,3072.0,2048.0,1.5,80.40978240966797,58.51173400878906,6.945570945739746,119.2718734741211,73.48681640625,48.47066116333008
ORIGA,B,333.jpg,0.0,3072.0,2048.0,1.5,84.39776611328125,60.08445358276367,6.453550815582275,124.2957534790039,75.58125305175781,53.316287994384766
ORIGA,B,334.jpg,0.0,3072.0,2048.0,1.5,58.99700927734375,39.735565185546875,3.095144748687744,106.44991302490234,59.29608154296875,11.245036125183105
ORIGA,B,335.jpg,0.0,3072.0,2048.0,1.5,60.30500793457031,41.59292221069336,3.1640098094940186,108.58573150634766,61.144256591796875,11.185025215148926
ORIGA,B,336.jpg,1.0,3072.0,2048.0,1.5,60.67903518676758,44.9580192565918,3.678173780441284,93.2998275756836,52.31314468383789,36.42413330078125
ORIGA,B,337.jpg,1.0,3072.0,2048.0,1.5,90.3465347290039,61.303829193115234,2.7096505165100098,121.6596908569336,84.33531951904297,65.0445785522461
ORIGA,B,338.jpg,0.0,3072.0,2048.0,1.5,79.02457427978516,54.15103530883789,3.529923439025879,113.5917739868164,77.57394409179688,45.90802001953125
ORIGA,B,339.jpg,0.0,3072.0,2048.0,1.5,80.80829620361328,54.399879455566406,3.8615779876708984,113.1706771850586,80.48743438720703,48.76677322387695
ORIGA,B,340.jpg,1.0,3072.0,2048.0,1.5,80.870361328125,54.25328826904297,5.594734191894531,119.04788970947266,72.93021392822266,50.63298034667969
ORIGA,B,341.jpg,0.0,3072.0,2048.0,1.5,74.8069839477539,51.14891052246094,2.9641287326812744,107.46566772460938,79.63937377929688,37.31589126586914
ORIGA,B,342.jpg,0.0,3072.0,2048.0,1.5,98.5135269165039,65.15998840332031,3.1245675086975098,132.47691345214844,108.5754623413086,54.48820877075195
ORIGA,A,343.jpg,0.0,3072.0,2048.0,1.5,70.34622955322266,42.95500564575195,3.176189661026001,108.1030502319336,66.86315155029297,36.07248306274414
ORIGA,A,344.jpg,0.0,3072.0,2048.0,1.5,71.20407104492188,42.812705993652344,3.8107244968414307,111.48043823242188,65.1526107788086,36.979183197021484
ORIGA,A,345.jpg,1.0,3072.0,2048.0,1.5,71.4485092163086,57.10149383544922,21.872920989990234,97.03021240234375,70.35620880126953,46.9591064453125
ORIGA,B,346.jpg,0.0,3072.0,2048.0,1.5,75.89684295654297,51.466331481933594,4.5237531661987305,109.50724029541016,76.08187866210938,42.10142135620117
ORIGA,B,347.jpg,0.0,3072.0,2048.0,1.5,75.2331771850586,50.62297058105469,3.5551607608795166,109.7823257446289,75.13311004638672,40.78409957885742
ORIGA,A,348.jpg,1.0,3072.0,2048.0,1.5,73.21465301513672,50.98652648925781,2.561652421951294,130.15956115722656,68.38585662841797,21.0985107421875
ORIGA,A,349.jpg,1.0,3072.0,2048.0,1.5,75.62085723876953,48.762969970703125,2.4656057357788086,126.72613525390625,76.13479614257812,24.00165367126465
ORIGA,A,350.jpg,0.0,3072.0,2048.0,1.5,69.73467254638672,56.89042282104492,18.763525009155273,107.57219696044922,66.47559356689453,35.1562385559082
ORIGA,A,351.jpg,0.0,3072.0,2048.0,1.5,60.0267333984375,50.410179138183594,17.825973510742188,91.85335540771484,58.86851119995117,29.358335494995117
ORIGA,B,352.jpg,0.0,3072.0,2048.0,1.5,84.53915405273438,57.62297439575195,3.750779390335083,126.4501724243164,81.72512817382812,45.442142486572266
ORIGA,A,353.jpg,1.0,3072.0,2048.0,1.5,71.97309112548828,49.172584533691406,3.086225986480713,109.60453033447266,73.77529907226562,32.539451599121094
ORIGA,A,354.jpg,1.0,3072.0,2048.0,1.5,68.02664947509766,48.12397766113281,3.495938539505005,103.51953125,68.89019775390625,31.67023468017578
ORIGA,A,355.jpg,0.0,3072.0,2048.0,1.5,78.6718978881836,54.07243347167969,2.6504664421081543,104.4330825805664,79.55783081054688,52.0247802734375
ORIGA,A,356.jpg,0.0,3072.0,2048.0,1.5,92.76773834228516,65.135009765625,2.43392276763916,141.2789764404297,83.92847442626953,53.09576416015625
ORIGA,B,357.jpg,0.0,3072.0,2048.0,1.5,82.0210189819336,56.95145797729492,4.874215126037598,119.96102142333984,79.85411834716797,46.2479248046875
ORIGA,B,358.jpg,0.0,3072.0,2048.0,1.5,82.2767105102539,56.9636344909668,4.15147590637207,121.7243423461914,79.10514068603516,46.00065231323242
ORIGA,A,359.jpg,1.0,3085.0,2048.0,1.50634765625,78.16187286376953,60.66329574584961,9.633185386657715,119.24099731445312,80.15425109863281,35.09037780761719
ORIGA,A,360.jpg,0.0,3072.0,2048.0,1.5,83.17432403564453,58.33749771118164,2.954291582107544,127.331298828125,83.89359283447266,38.298095703125
ORIGA,A,361.jpg,0.0,3072.0,2048.0,1.5,81.9630355834961,57.11058807373047,3.4408421516418457,127.63980865478516,81.83387756347656,36.415409088134766
ORIGA,A,362.jpg,1.0,3072.0,2048.0,1.5,60.3901481628418,42.66556930541992,3.0223264694213867,103.02218627929688,64.30622100830078,13.842048645019531
ORIGA,A,363.jpg,0.0,3072.0,2048.0,1.5,63.40321731567383,44.82375717163086,3.2393856048583984,106.50933837890625,67.01073455810547,16.689598083496094
ORIGA,A,364.jpg,0.0,3072.0,2048.0,1.5,65.59246826171875,52.74327850341797,22.93952178955078,107.86957550048828,66.07152557373047,22.8362979888916
ORIGA,A,365.jpg,0.0,3072.0,2048.0,1.5,62.51105880737305,49.801918029785156,16.097148895263672,103.20064544677734,62.90240478515625,21.430130004882812
ORIGA,B,366.jpg,1.0,3072.0,2048.0,1.5,57.24057388305664,48.38606262207031,3.8858699798583984,87.32650756835938,56.86952209472656,27.52569580078125
ORIGA,B,367.jpg,0.0,3072.0,2048.0,1.5,51.0093879699707,45.37540054321289,4.330165863037109,75.23188781738281,51.1422233581543,26.65406036376953
ORIGA,A,368.jpg,0.0,3072.0,2048.0,1.5,52.870296478271484,44.74959182739258,10.976739883422852,81.60883331298828,50.668582916259766,26.333471298217773
ORIGA,A,369.jpg,0.0,3072.0,2048.0,1.5,52.02248001098633,44.2215576171875,11.10702896118164,78.95198059082031,50.508270263671875,26.607194900512695
ORIGA,A,370.jpg,0.0,3072.0,2048.0,1.5,69.47344207763672,54.982276916503906,16.583580017089844,111.11734771728516,68.94575500488281,28.35719871520996
ORIGA,A,371.jpg,0.0,3072.0,2048.0,1.5,70.5505142211914,56.309425354003906,15.540298461914062,113.865478515625,70.60973358154297,27.17633056640625
ORIGA,B,372.jpg,0.0,3072.0,2048.0,1.5,58.216129302978516,46.82965850830078,14.931055068969727,95.3485107421875,56.441375732421875,22.85850715637207
ORIGA,B,373.jpg,0.0,3072.0,2048.0,1.5,64.81599426269531,52.33823776245117,16.961097717285156,99.8043441772461,67.77161407470703,26.872032165527344
ORIGA,B,374.jpg,0.0,3072.0,2048.0,1.5,66.15291595458984,53.57362747192383,15.824045181274414,99.97281646728516,68.91065216064453,29.575265884399414
ORIGA,B,375.jpg,0.0,3072.0,2048.0,1.5,63.84421920776367,52.277549743652344,15.940340995788574,101.29296875,60.69149398803711,29.548187255859375
ORIGA,B,376.jpg,0.0,3072.0,2048.0,1.5,63.869293212890625,52.98158264160156,20.24512481689453,98.401611328125,63.57763671875,29.62864112854004
ORIGA,B,377.jpg,1.0,3072.0,2048.0,1.5,78.57865905761719,57.572505950927734,2.710158348083496,140.1372528076172,75.12151336669922,20.477195739746094
ORIGA,B,378.jpg,0.0,3072.0,2048.0,1.5,74.6511001586914,52.883358001708984,3.327155590057373,139.16064453125,67.678466796875,17.11421012878418
ORIGA,B,379.jpg,0.0,3072.0,2048.0,1.5,72.91415405273438,57.95962905883789,24.397605895996094,101.14215850830078,71.9288101196289,45.67148208618164
ORIGA,B,380.jpg,0.0,3072.0,2048.0,1.5,68.92871856689453,54.042015075683594,20.237586975097656,97.55489349365234,67.86872100830078,41.362548828125
ORIGA,B,381.jpg,1.0,3072.0,2048.0,1.5,72.38815307617188,50.73333740234375,4.431175231933594,108.59903717041016,70.63165283203125,37.93375778198242
ORIGA,B,382.jpg,1.0,3072.0,2048.0,1.5,73.66346740722656,52.008026123046875,4.820686340332031,108.54278564453125,72.71179962158203,39.7358283996582
ORIGA,B,383.jpg,1.0,3072.0,2048.0,1.5,80.53978729248047,54.829463958740234,6.7073163986206055,128.87957763671875,78.88165283203125,33.85811233520508
ORIGA,B,384.jpg,0.0,3072.0,2048.0,1.5,76.89640045166016,52.0325927734375,2.8186099529266357,118.65059661865234,68.68804931640625,43.35056686401367
ORIGA,A,385.jpg,1.0,3072.0,2048.0,1.5,72.54183197021484,46.24443435668945,3.0175046920776367,114.52776336669922,79.56775665283203,23.52996826171875
ORIGA,A,386.jpg,1.0,3072.0,2048.0,1.5,68.45188903808594,44.976470947265625,2.922710657119751,109.5344009399414,75.63053131103516,20.19074249267578
ORIGA,B,387.jpg,0.0,3072.0,2048.0,1.5,59.5274772644043,48.61186599731445,14.218955993652344,106.96646881103516,54.31130599975586,17.304636001586914
ORIGA,B,388.jpg,0.0,3072.0,2048.0,1.5,69.0264663696289,55.50704574584961,15.588107109069824,119.23513793945312,65.17491912841797,22.669326782226562
ORIGA,B,389.jpg,1.0,3072.0,2048.0,1.5,75.64488983154297,60.58146286010742,24.120925903320312,111.1998519897461,74.2357177734375,41.499122619628906
ORIGA,B,390.jpg,1.0,3072.0,2048.0,1.5,73.4638442993164,58.827430725097656,18.977733612060547,109.38045501708984,71.76697540283203,39.24409103393555
ORIGA,A,391.jpg,0.0,3072.0,2048.0,1.5,76.63680267333984,53.06455612182617,3.510484218597412,120.6413345336914,70.93213653564453,38.33693313598633
ORIGA,B,392.jpg,0.0,3072.0,2048.0,1.5,84.56417083740234,58.652923583984375,2.7406439781188965,121.86676025390625,88.35540771484375,43.47035217285156
ORIGA,B,393.jpg,0.0,3072.0,2048.0,1.5,87.12319946289062,55.83271026611328,2.955130100250244,125.3879165649414,92.07503509521484,43.90665054321289
ORIGA,A,394.jpg,0.0,3072.0,2048.0,1.5,62.40182876586914,43.33366394042969,6.551656723022461,102.93804168701172,62.01203536987305,22.255422592163086
ORIGA,A,395.jpg,1.0,3072.0,2048.0,1.5,65.8907699584961,46.670597076416016,7.107583522796631,108.69387817382812,65.4052963256836,23.573137283325195
ORIGA,A,396.jpg,0.0,3072.0,2048.0,1.5,76.82592010498047,51.08399200439453,7.792616844177246,132.3407745361328,75.54316711425781,22.59381103515625
ORIGA,A,397.jpg,0.0,3072.0,2048.0,1.5,73.2984848022461,53.05074691772461,6.9414286613464355,124.30245208740234,72.31310272216797,23.279916763305664
ORIGA,B,398.jpg,1.0,3072.0,2048.0,1.5,65.08382415771484,43.72726058959961,6.10982608795166,101.00778198242188,67.72364044189453,26.52004051208496
ORIGA,B,399.jpg,0.0,3072.0,2048.0,1.5,70.86756896972656,49.14955520629883,6.019724369049072,107.66252899169922,74.81742095947266,30.122751235961914
ORIGA,B,400.jpg,0.0,3072.0,2048.0,1.5,73.86812591552734,51.916114807128906,6.8316755294799805,120.56238555908203,69.81167602539062,31.230310440063477
ORIGA,B,401.jpg,0.0,3072.0,2048.0,1.5,75.1014175415039,52.39134979248047,6.960565567016602,117.37775421142578,73.13299560546875,34.79351043701172
ORIGA,B,402.jpg,1.0,3072.0,2048.0,1.5,68.12471771240234,48.493324279785156,3.3424813747406006,102.59017181396484,61.95005798339844,39.833919525146484
ORIGA,B,403.jpg,0.0,3072.0,2048.0,1.5,71.23796081542969,52.22206115722656,2.78267765045166,105.45055389404297,64.10285186767578,44.16048049926758
ORIGA,A,404.jpg,0.0,3072.0,2048.0,1.5,91.64556884765625,63.502872467041016,7.345044136047363,139.53131103515625,79.64171600341797,55.76365280151367
ORIGA,A,405.jpg,0.0,3072.0,2048.0,1.5,90.70067596435547,64.0910415649414,6.259997367858887,142.26470947265625,77.47888946533203,52.35842514038086
ORIGA,A,406.jpg,0.0,3072.0,2048.0,1.5,68.36770629882812,45.65266799926758,7.311413764953613,112.62557220458984,67.3957290649414,25.081823348999023
ORIGA,A,407.jpg,1.0,3072.0,2048.0,1.5,67.6805648803711,46.43401336669922,7.337710857391357,112.5831069946289,65.65902709960938,24.799551010131836
ORIGA,B,408.jpg,0.0,3072.0,2048.0,1.5,76.930908203125,53.590553283691406,6.777829647064209,106.36034393310547,75.97998809814453,48.452392578125
ORIGA,B,409.jpg,0.0,3072.0,2048.0,1.5,80.7677993774414,57.555599212646484,7.202769756317139,110.8335952758789,79.95966339111328,51.5101318359375
ORIGA,B,410.jpg,0.0,3072.0,2048.0,1.5,85.38501739501953,59.39588928222656,5.395389080047607,146.69451904296875,76.73688507080078,32.72366714477539
ORIGA,B,411.jpg,0.0,3072.0,2048.0,1.5,85.68814849853516,59.48484420776367,5.719120979309082,140.65167236328125,80.26485443115234,36.14792251586914
ORIGA,A,412.jpg,0.0,3072.0,2048.0,1.5,74.54698181152344,48.48884582519531,3.682326316833496,113.42313385009766,72.96009063720703,37.25770950317383
ORIGA,A,413.jpg,0.0,3072.0,2048.0,1.5,74.38764190673828,48.44572448730469,3.73408842086792,112.13983154296875,72.22613525390625,38.796958923339844
ORIGA,A,414.jpg,0.0,3072.0,2048.0,1.5,74.15925598144531,50.756080627441406,3.4017155170440674,123.31441497802734,72.09922790527344,27.06412696838379
ORIGA,A,415.jpg,0.0,3072.0,2048.0,1.5,77.13158416748047,53.44053268432617,3.93550968170166,125.6829833984375,75.3622817993164,30.349496841430664
ORIGA,A,416.jpg,0.0,3072.0,2048.0,1.5,69.14978790283203,47.55399703979492,5.861433982849121,111.50371551513672,69.94287872314453,26.002761840820312
ORIGA,A,417.jpg,0.0,3072.0,2048.0,1.5,71.5092544555664,50.587711334228516,6.20082950592041,108.60558319091797,73.93283081054688,31.989364624023438
ORIGA,A,418.jpg,0.0,3072.0,2048.0,1.5,80.56929779052734,55.885963439941406,3.316178321838379,128.16664123535156,79.1658935546875,34.37533950805664
ORIGA,A,419.jpg,1.0,3072.0,2048.0,1.5,86.87567138671875,61.84000778198242,3.072305679321289,131.9516143798828,86.78128814697266,41.894100189208984
ORIGA,B,420.jpg,0.0,3072.0,2048.0,1.5,78.92009735107422,51.938499450683594,6.738426208496094,120.41312408447266,74.3710708618164,41.9760856628418
ORIGA,B,421.jpg,0.0,3072.0,2048.0,1.5,78.19091796875,51.463436126708984,6.351177215576172,120.4315185546875,73.2580795288086,40.8831672668457
ORIGA,A,422.jpg,0.0,3072.0,2048.0,1.5,70.43416595458984,48.64402770996094,4.626229286193848,113.19620513916016,65.52254486083984,32.5837516784668
ORIGA,A,423.jpg,0.0,3072.0,2048.0,1.5,70.54454040527344,48.037376403808594,3.092679738998413,109.34393310546875,66.94422149658203,35.345462799072266
ORIGA,A,424.jpg,1.0,3072.0,2048.0,1.5,71.3563003540039,48.49980163574219,6.40057373046875,115.06558990478516,72.79070281982422,26.212617874145508
ORIGA,A,425.jpg,0.0,3072.0,2048.0,1.5,79.64277648925781,52.904632568359375,6.751565456390381,124.6968002319336,82.2704086303711,31.961122512817383
ORIGA,A,426.jpg,1.0,3072.0,2048.0,1.5,70.28548431396484,50.0114631652832,6.1278076171875,121.41655731201172,57.894893646240234,31.545011520385742
ORIGA,A,427.jpg,0.0,3072.0,2048.0,1.5,90.10465240478516,64.307861328125,5.259265899658203,138.77877807617188,81.57160186767578,49.963592529296875
ORIGA,B,428.jpg,0.0,3072.0,2048.0,1.5,82.09290313720703,55.5703239440918,6.029073715209961,128.82814025878906,82.84414672851562,34.60641860961914
ORIGA,B,429.jpg,1.0,3072.0,2048.0,1.5,79.83209228515625,54.92697525024414,7.4300150871276855,127.18771362304688,79.18628692626953,33.12228012084961
ORIGA,A,430.jpg,0.0,3072.0,2048.0,1.5,67.03768920898438,48.160945892333984,7.430529594421387,113.85660552978516,64.5642318725586,22.692230224609375
ORIGA,A,431.jpg,0.0,3072.0,2048.0,1.5,65.82738494873047,46.98878860473633,8.262693405151367,110.3808364868164,64.82889556884766,22.272415161132812
ORIGA,A,432.jpg,1.0,3072.0,2048.0,1.5,69.73519897460938,48.076358795166016,5.832232475280762,100.14864349365234,76.16680145263672,32.89015197753906
ORIGA,A,433.jpg,1.0,3072.0,2048.0,1.5,57.3978385925293,41.826499938964844,6.577847480773926,81.95771026611328,61.72206497192383,28.513717651367188
ORIGA,A,434.jpg,0.0,3072.0,2048.0,1.5,80.97196960449219,57.41630935668945,4.447356224060059,118.3151626586914,81.50896453857422,43.09177780151367
ORIGA,A,435.jpg,0.0,3072.0,2048.0,1.5,83.88818359375,61.28919982910156,4.123674392700195,120.72968292236328,86.89533233642578,44.03953170776367
ORIGA,A,436.jpg,0.0,3072.0,2048.0,1.5,62.650543212890625,43.838279724121094,3.935067653656006,109.3691177368164,59.05049133300781,19.53203010559082
ORIGA,A,437.jpg,0.0,3072.0,2048.0,1.5,65.4596939086914,45.159915924072266,4.0584025382995605,111.86783599853516,62.9377555847168,21.57349395751953
ORIGA,B,438.jpg,0.0,3072.0,2048.0,1.5,72.1041259765625,50.32913589477539,3.1586835384368896,108.0774917602539,76.16206359863281,32.07282257080078
ORIGA,B,439.jpg,1.0,3072.0,2048.0,1.5,80.09122467041016,58.41794204711914,3.0417165756225586,113.68124389648438,86.33309173583984,40.25936508178711
ORIGA,B,440.jpg,1.0,3072.0,2048.0,1.5,60.01243209838867,39.72626495361328,4.282689094543457,100.3817367553711,53.51851272583008,26.137041091918945
ORIGA,B,441.jpg,1.0,3072.0,2048.0,1.5,58.664459228515625,39.22306823730469,4.105590343475342,99.21289825439453,51.88482666015625,24.895647048950195
ORIGA,B,442.jpg,1.0,3072.0,2048.0,1.5,70.66878509521484,46.25300216674805,2.8374176025390625,119.69925689697266,68.4704818725586,23.836624145507812
ORIGA,B,443.jpg,0.0,3072.0,2048.0,1.5,76.41480255126953,49.780914306640625,2.5696773529052734,126.47147369384766,71.24102783203125,31.531906127929688
ORIGA,B,444.jpg,0.0,3072.0,2048.0,1.5,66.96636199951172,47.512481689453125,3.3183534145355225,112.7704086303711,66.87147521972656,21.257198333740234
ORIGA,B,445.jpg,0.0,3072.0,2048.0,1.5,69.69363403320312,49.63673400878906,3.7903084754943848,113.7511215209961,70.22183990478516,25.107933044433594
ORIGA,B,446.jpg,0.0,3072.0,2048.0,1.5,81.34173583984375,54.77493667602539,3.0194272994995117,126.50534057617188,73.4044189453125,44.11543655395508
ORIGA,B,447.jpg,0.0,3072.0,2048.0,1.5,72.15840911865234,52.014469146728516,3.5952272415161133,116.5870590209961,61.707855224609375,38.1803092956543
ORIGA,B,448.jpg,0.0,3072.0,2048.0,1.5,73.17108917236328,49.672630310058594,3.588566780090332,121.1804428100586,71.73860168457031,26.594221115112305
ORIGA,B,449.jpg,0.0,3072.0,2048.0,1.5,72.46502685546875,48.68470001220703,2.8062448501586914,120.87939453125,70.85944366455078,25.656240463256836
ORIGA,A,450.jpg,0.0,3072.0,2048.0,1.5,67.43672943115234,46.147132873535156,2.952381134033203,113.13370513916016,67.1870346069336,21.989465713500977
ORIGA,A,451.jpg,0.0,3072.0,2048.0,1.5,69.98299407958984,48.697242736816406,2.9940896034240723,116.7851333618164,70.26610565185547,22.897741317749023
ORIGA,A,452.jpg,0.0,3072.0,2048.0,1.5,62.82728576660156,44.98560333251953,3.429504871368408,101.45609283447266,62.9317626953125,24.09400177001953
ORIGA,A,453.jpg,0.0,3072.0,2048.0,1.5,63.774227142333984,45.603397369384766,3.559478759765625,104.4427490234375,63.89475631713867,22.985177993774414
ORIGA,A,454.jpg,0.0,3072.0,2048.0,1.5,80.4859619140625,53.95047378540039,3.390219211578369,125.89423370361328,80.28685760498047,35.276798248291016
ORIGA,A,455.jpg,0.0,3072.0,2048.0,1.5,77.97909545898438,53.982688903808594,3.6864490509033203,123.7896957397461,76.47872161865234,33.66884994506836
ORIGA,A,456.jpg,0.0,3072.0,2048.0,1.5,79.38817596435547,54.60531997680664,2.527491569519043,125.434326171875,77.73641967773438,34.9937629699707
ORIGA,B,457.jpg,1.0,3072.0,2048.0,1.5,62.386322021484375,43.6199951171875,7.563544273376465,110.825439453125,56.81840515136719,19.515108108520508
ORIGA,B,458.jpg,1.0,3072.0,2048.0,1.5,67.31098175048828,47.70023727416992,7.430702209472656,118.38439178466797,62.617862701416016,20.930681228637695
ORIGA,B,459.jpg,0.0,3072.0,2048.0,1.5,67.5933609008789,47.08671951293945,2.998758316040039,115.2358627319336,66.71086883544922,20.833372116088867
ORIGA,B,460.jpg,0.0,3072.0,2048.0,1.5,71.36518096923828,50.866050720214844,3.787494659423828,118.3971176147461,70.14749908447266,25.55091667175293
ORIGA,A,461.jpg,0.0,3072.0,2048.0,1.5,69.15115356445312,49.104705810546875,3.7114572525024414,114.18634033203125,73.6542739868164,19.612844467163086
ORIGA,A,462.jpg,0.0,3072.0,2048.0,1.5,64.46602630615234,52.164695739746094,3.759256362915039,99.76607513427734,66.5797348022461,27.052268981933594
ORIGA,A,463.jpg,0.0,3072.0,2048.0,1.5,65.54265594482422,44.71828842163086,2.7408246994018555,105.28546142578125,59.2228889465332,32.119632720947266
ORIGA,A,464.jpg,0.0,3072.0,2048.0,1.5,58.17683029174805,39.893455505371094,2.818511962890625,93.3819808959961,49.847469329833984,31.301050186157227
ORIGA,B,465.jpg,1.0,3072.0,2048.0,1.5,65.96990203857422,46.20161437988281,3.1709213256835938,115.2259750366211,65.66394805908203,17.019773483276367
ORIGA,B,466.jpg,0.0,3072.0,2048.0,1.5,62.45051956176758,43.8963737487793,3.358158588409424,110.14582061767578,63.28004837036133,13.92569351196289
ORIGA,A,467.jpg,0.0,3072.0,2048.0,1.5,71.03253173828125,48.961692810058594,3.106844663619995,111.53192138671875,64.2938003540039,37.27186965942383
ORIGA,A,468.jpg,1.0,3072.0,2048.0,1.5,71.85445404052734,50.96149826049805,2.729379177093506,113.19934844970703,64.12287139892578,38.24113845825195
ORIGA,A,469.jpg,0.0,3072.0,2048.0,1.5,71.59260559082031,50.23936462402344,4.816354751586914,124.81114959716797,68.50434112548828,21.46234130859375
ORIGA,A,470.jpg,0.0,3072.0,2048.0,1.5,71.4621353149414,50.80196762084961,4.214886665344238,122.63849639892578,68.91939544677734,22.828529357910156
ORIGA,A,471.jpg,0.0,3072.0,2048.0,1.5,68.6056900024414,46.34529113769531,3.5946855545043945,118.99959564208984,68.81196594238281,18.005516052246094
ORIGA,A,472.jpg,0.0,3072.0,2048.0,1.5,67.99541473388672,46.304443359375,3.503091812133789,119.4702377319336,67.68356323242188,16.83244514465332
ORIGA,A,473.jpg,0.0,3072.0,2048.0,1.5,80.36576080322266,56.81649398803711,3.4603381156921387,122.57169342041016,78.04521942138672,40.48037338256836
ORIGA,A,474.jpg,1.0,3072.0,2048.0,1.5,77.77506256103516,54.964744567871094,2.9206323623657227,120.93194580078125,74.8302230834961,37.56301498413086
ORIGA,A,475.jpg,0.0,3072.0,2048.0,1.5,62.32060241699219,43.13239669799805,3.08962345123291,115.03357696533203,58.52656936645508,13.401652336120605
ORIGA,A,476.jpg,0.0,3072.0,2048.0,1.5,64.98479461669922,45.42818832397461,3.3980369567871094,117.97701263427734,63.0406494140625,13.936705589294434
ORIGA,B,477.jpg,0.0,3072.0,2048.0,1.5,77.90332794189453,49.95992660522461,3.0210628509521484,124.7536849975586,77.79778289794922,31.158525466918945
ORIGA,B,478.jpg,0.0,3072.0,2048.0,1.5,80.43262481689453,51.598934173583984,2.7494595050811768,125.33715057373047,81.42352294921875,34.53720474243164
ORIGA,B,479.jpg,0.0,3072.0,2048.0,1.5,75.60208892822266,52.248233795166016,4.363973617553711,128.35484313964844,68.66851043701172,29.782934188842773
ORIGA,B,480.jpg,1.0,3072.0,2048.0,1.5,74.59384155273438,51.41056442260742,3.924718141555786,126.18965911865234,68.31334686279297,29.27850341796875
ORIGA,A,481.jpg,0.0,3072.0,2048.0,1.5,75.87667846679688,53.88797378540039,3.342103958129883,120.9126205444336,72.38268280029297,34.334747314453125
ORIGA,A,482.jpg,0.0,3072.0,2048.0,1.5,81.9095230102539,56.61420440673828,3.233254909515381,132.4312286376953,82.02828216552734,31.26906394958496
ORIGA,A,483.jpg,0.0,3072.0,2048.0,1.5,89.86286163330078,59.48603439331055,2.889834403991699,140.2466278076172,95.21204376220703,34.129913330078125
ORIGA,B,484.jpg,0.0,3072.0,2048.0,1.5,71.49358367919922,48.04484176635742,3.029780626296997,109.45893096923828,74.7840576171875,30.237756729125977
ORIGA,B,485.jpg,0.0,3072.0,2048.0,1.5,77.74855041503906,57.316184997558594,3.4754018783569336,117.8590087890625,81.34051513671875,34.046138763427734
ORIGA,B,486.jpg,1.0,3072.0,2048.0,1.5,71.1605224609375,46.54897689819336,6.068084239959717,99.90814971923828,70.28863525390625,43.284793853759766
ORIGA,B,487.jpg,0.0,3072.0,2048.0,1.5,92.0478515625,55.25202941894531,5.672826766967773,130.33787536621094,89.50858306884766,56.297088623046875
ORIGA,A,488.jpg,0.0,3072.0,2048.0,1.5,69.78520965576172,48.39139938354492,7.023484230041504,116.99886322021484,64.68289184570312,27.67386817932129
ORIGA,A,489.jpg,0.0,3072.0,2048.0,1.5,76.2887191772461,51.68819808959961,6.7769012451171875,124.05233001708984,73.02328491210938,31.790550231933594
ORIGA,A,490.jpg,1.0,3072.0,2048.0,1.5,73.63187408447266,50.198123931884766,2.7665679454803467,109.2494125366211,76.94086456298828,34.70534133911133
ORIGA,A,491.jpg,0.0,3072.0,2048.0,1.5,72.36849212646484,45.659339904785156,2.7235560417175293,109.00179290771484,76.14578247070312,31.957916259765625
ORIGA,A,492.jpg,0.0,3072.0,2048.0,1.5,70.53295135498047,50.15431213378906,2.954240322113037,107.0261459350586,71.11652374267578,33.4561767578125
ORIGA,A,493.jpg,0.0,3072.0,2048.0,1.5,69.94207763671875,49.67162322998047,3.1218924522399902,106.21533203125,69.91614532470703,33.694759368896484
ORIGA,A,494.jpg,0.0,3072.0,2048.0,1.5,88.72745513916016,62.40595245361328,3.081160545349121,140.3418426513672,85.69701385498047,40.14351272583008
ORIGA,A,495.jpg,0.0,3072.0,2048.0,1.5,83.39742279052734,57.108089447021484,2.9464402198791504,135.8443145751953,81.08868408203125,33.25925827026367
ORIGA,B,496.jpg,1.0,3072.0,2048.0,1.5,59.77406692504883,51.137107849121094,2.356071710586548,98.3716049194336,55.5234375,25.42716407775879
ORIGA,B,497.jpg,0.0,3072.0,2048.0,1.5,66.25605010986328,42.87114715576172,2.7736263275146484,113.67221069335938,67.63380432128906,17.462141036987305
ORIGA,B,498.jpg,0.0,3072.0,2048.0,1.5,62.356048583984375,44.311866760253906,3.934929847717285,104.75350189208984,61.38154220581055,20.933090209960938
ORIGA,B,499.jpg,0.0,3072.0,2048.0,1.5,60.44244384765625,42.734066009521484,3.3764705657958984,105.73262786865234,57.48349380493164,18.111215591430664
ORIGA,B,500.jpg,0.0,3072.0,2048.0,1.5,72.25878143310547,49.92259979248047,2.6835098266601562,131.66995239257812,68.48052978515625,16.62586212158203
ORIGA,B,501.jpg,0.0,3072.0,2048.0,1.5,69.68328094482422,47.27232360839844,2.508193254470825,128.8167724609375,66.50738525390625,13.725687980651855
ORIGA,B,502.jpg,0.0,3072.0,2048.0,1.5,78.49175262451172,53.18192672729492,2.754668951034546,122.77413177490234,81.10123443603516,31.599884033203125
ORIGA,B,503.jpg,0.0,3072.0,2048.0,1.5,79.56783294677734,52.98143005371094,2.973113775253296,126.65081787109375,80.54289245605469,31.50977325439453
ORIGA,B,504.jpg,0.0,3072.0,2048.0,1.5,72.56645965576172,49.337772369384766,2.8636584281921387,124.35003662109375,74.25892639160156,19.09039306640625
ORIGA,B,505.jpg,1.0,3072.0,2048.0,1.5,63.389713287353516,44.8151741027832,3.097076416015625,106.1745376586914,66.05310821533203,17.941492080688477
ORIGA,B,506.jpg,1.0,3072.0,2048.0,1.5,63.62406539916992,43.08586883544922,2.639458656311035,110.66889190673828,57.86906051635742,22.3342227935791
ORIGA,B,507.jpg,1.0,3072.0,2048.0,1.5,66.90108489990234,47.31892013549805,2.588362455368042,111.28814697265625,64.53939056396484,24.87569236755371
ORIGA,A,508.jpg,1.0,3072.0,2048.0,1.5,77.89884185791016,48.1200065612793,2.6897950172424316,119.87288665771484,86.0699462890625,27.753707885742188
ORIGA,A,509.jpg,0.0,3072.0,2048.0,1.5,83.65242767333984,52.98537826538086,2.753166675567627,127.50313568115234,91.08719635009766,32.36695098876953
ORIGA,B,510.jpg,0.0,3072.0,2048.0,1.5,75.79541778564453,49.74390411376953,5.999157905578613,140.924560546875,66.73822784423828,19.723472595214844
ORIGA,B,511.jpg,1.0,3072.0,2048.0,1.5,76.19281005859375,50.88457107543945,6.538653373718262,139.6116943359375,68.3456802368164,20.62104606628418
ORIGA,B,512.jpg,1.0,3072.0,2048.0,1.5,70.85404205322266,48.64987564086914,2.5221409797668457,113.7072525024414,61.88188171386719,36.97298812866211
ORIGA,B,513.jpg,0.0,3072.0,2048.0,1.5,73.58707427978516,48.65704345703125,2.953953742980957,120.34850311279297,70.45240783691406,29.9603271484375
ORIGA,B,514.jpg,1.0,3072.0,2048.0,1.5,76.31352996826172,52.77764129638672,3.4279441833496094,122.09232330322266,73.30438232421875,33.543888092041016
ORIGA,A,515.jpg,1.0,3072.0,2048.0,1.5,76.39276123046875,50.95271682739258,3.0714826583862305,128.6580352783203,74.05612182617188,26.464126586914062
ORIGA,A,516.jpg,1.0,3072.0,2048.0,1.5,77.5389633178711,51.01719284057617,2.958950996398926,125.26061248779297,75.78836822509766,31.567903518676758
ORIGA,A,517.jpg,0.0,3072.0,2048.0,1.5,72.00476837158203,50.8670539855957,4.142223358154297,109.238525390625,71.62200927734375,35.15376281738281
ORIGA,B,518.jpg,0.0,3072.0,2048.0,1.5,70.54718017578125,47.903499603271484,2.939037799835205,121.21451568603516,69.61888122558594,20.80813980102539
ORIGA,B,519.jpg,1.0,3072.0,2048.0,1.5,65.61656951904297,45.14316940307617,2.9517312049865723,107.57495880126953,68.37165069580078,20.903074264526367
ORIGA,B,520.jpg,0.0,3072.0,2048.0,1.5,72.89328002929688,51.6152229309082,3.1920676231384277,118.19635009765625,64.2768325805664,36.20664596557617
ORIGA,B,521.jpg,0.0,3072.0,2048.0,1.5,70.9262924194336,45.13961410522461,2.8157410621643066,125.68167877197266,67.64115142822266,19.45604705810547
ORIGA,B,522.jpg,0.0,3072.0,2048.0,1.5,69.52962493896484,44.281654357910156,2.4389500617980957,122.93856048583984,66.15005493164062,19.500267028808594
ORIGA,A,523.jpg,1.0,3072.0,2048.0,1.5,84.4251708984375,57.93756103515625,2.5120339393615723,120.2298583984375,89.1213150024414,43.92433547973633
ORIGA,A,524.jpg,1.0,3072.0,2048.0,1.5,74.86238861083984,52.8556022644043,2.821500301361084,114.0534896850586,77.98902130126953,32.5446662902832
ORIGA,A,525.jpg,0.0,3072.0,2048.0,1.5,76.20589447021484,54.75249099731445,3.2359628677368164,124.51898193359375,75.00469207763672,29.094018936157227
ORIGA,A,526.jpg,0.0,3072.0,2048.0,1.5,73.55709075927734,51.011444091796875,2.8441812992095947,123.70684051513672,73.58001708984375,23.3844051361084
ORIGA,B,527.jpg,0.0,3072.0,2048.0,1.5,94.1350326538086,63.64977264404297,2.4028120040893555,127.9918441772461,100.9090576171875,53.504180908203125
ORIGA,B,528.jpg,1.0,3072.0,2048.0,1.5,70.23326873779297,46.692604064941406,2.4768927097320557,112.569580078125,60.36824417114258,37.76199722290039
ORIGA,B,529.jpg,0.0,3072.0,2048.0,1.5,70.05615997314453,50.24152374267578,2.858243942260742,116.2564697265625,70.58687591552734,23.325149536132812
ORIGA,B,530.jpg,0.0,3072.0,2048.0,1.5,70.19908905029297,50.7176628112793,3.3050522804260254,116.68067169189453,71.04739379882812,22.86919403076172
ORIGA,B,531.jpg,0.0,3072.0,2048.0,1.5,81.82557678222656,55.70954895019531,2.240497589111328,113.9085922241211,88.7221908569336,42.8459358215332
ORIGA,B,532.jpg,1.0,3072.0,2048.0,1.5,78.99864959716797,54.63874435424805,2.4915947914123535,113.2752685546875,83.47403717041016,40.24663162231445
ORIGA,A,533.jpg,1.0,3072.0,2048.0,1.5,60.835235595703125,47.23712921142578,3.0833070278167725,98.6810531616211,62.91814041137695,20.906511306762695
ORIGA,A,534.jpg,0.0,3072.0,2048.0,1.5,62.340816497802734,50.482357025146484,3.0990395545959473,100.2317123413086,65.09416198730469,21.696569442749023
ORIGA,B,535.jpg,0.0,3072.0,2048.0,1.5,63.3734016418457,43.93991470336914,2.9527060985565186,118.39682006835938,59.16339111328125,12.5599946975708
ORIGA,B,536.jpg,0.0,3072.0,2048.0,1.5,66.43953704833984,45.323455810546875,2.8459157943725586,120.11299896240234,66.02404022216797,13.181571006774902
ORIGA,A,537.jpg,0.0,3072.0,2048.0,1.5,67.47608947753906,45.51869201660156,2.860374927520752,115.2789306640625,66.16974639892578,20.979595184326172
ORIGA,A,538.jpg,0.0,3072.0,2048.0,1.5,71.64682006835938,48.595516204833984,2.9627530574798584,120.7356185913086,70.97342681884766,23.231414794921875
ORIGA,B,539.jpg,0.0,3072.0,2048.0,1.5,63.359073638916016,42.82467269897461,3.2186105251312256,107.03109741210938,60.16543960571289,22.88068199157715
ORIGA,B,540.jpg,0.0,3072.0,2048.0,1.5,66.74967193603516,45.23353576660156,3.066767692565918,108.59735107421875,64.29012298583984,27.361543655395508
ORIGA,A,541.jpg,0.0,3072.0,2048.0,1.5,71.00836944580078,51.24422836303711,6.457827568054199,113.9249267578125,71.31502532958984,27.78516387939453
ORIGA,A,542.jpg,0.0,3072.0,2048.0,1.5,66.12670135498047,47.12242889404297,6.57700252532959,108.8094253540039,64.86279296875,24.70787811279297
ORIGA,B,543.jpg,0.0,3072.0,2048.0,1.5,69.32352447509766,49.24830627441406,6.643232822418213,115.80472564697266,69.56964874267578,22.596214294433594
ORIGA,B,544.jpg,0.0,3072.0,2048.0,1.5,70.58914947509766,46.105899810791016,6.315643310546875,126.87975311279297,64.76335906982422,20.12435531616211
ORIGA,A,545.jpg,1.0,3072.0,2048.0,1.5,48.314388275146484,35.254764556884766,3.96014404296875,80.89126586914062,48.7380485534668,15.3138427734375
ORIGA,A,546.jpg,0.0,3072.0,2048.0,1.5,48.59738540649414,37.66765213012695,3.9413537979125977,76.44772338867188,50.43962478637695,18.90481948852539
ORIGA,A,547.jpg,0.0,3072.0,2048.0,1.5,95.6608657836914,63.39417266845703,3.6860833168029785,152.34771728515625,91.51551055908203,43.1193962097168
ORIGA,A,548.jpg,0.0,3072.0,2048.0,1.5,96.33875274658203,63.34742736816406,4.250947952270508,153.9529266357422,91.57881927490234,43.484527587890625
ORIGA,A,549.jpg,1.0,3072.0,2048.0,1.5,66.53058624267578,47.54105758666992,3.829318046569824,108.4931411743164,65.14281463623047,25.95578956604004
ORIGA,A,550.jpg,1.0,3072.0,2048.0,1.5,67.7308578491211,48.38242721557617,3.9798974990844727,110.67831420898438,66.90057373046875,25.613672256469727
ORIGA,A,551.jpg,0.0,3072.0,2048.0,1.5,73.56095123291016,51.690162658691406,2.8148598670959473,118.5728759765625,74.84980010986328,27.26017189025879
ORIGA,A,552.jpg,0.0,3072.0,2048.0,1.5,76.80239868164062,55.02688980102539,3.3058595657348633,118.33234405517578,78.4891357421875,33.58571243286133
ORIGA,A,553.jpg,0.0,3072.0,2048.0,1.5,78.23689270019531,54.53373718261719,3.907181739807129,120.01607513427734,78.2938003540039,36.40082931518555
ORIGA,B,554.jpg,0.0,3072.0,2048.0,1.5,68.68939971923828,47.61655044555664,3.248453140258789,117.11644744873047,66.73381805419922,22.217931747436523
ORIGA,B,555.jpg,0.0,3072.0,2048.0,1.5,71.59197235107422,49.1272087097168,3.2224278450012207,118.80340576171875,71.02841186523438,24.944089889526367
ORIGA,A,556.jpg,1.0,3072.0,2048.0,1.5,60.212493896484375,42.837093353271484,7.6974029541015625,104.50289916992188,57.4637451171875,18.670827865600586
ORIGA,B,557.jpg,1.0,3072.0,2048.0,1.5,63.58878707885742,43.35929489135742,6.884326934814453,118.87506866455078,58.94877624511719,12.94250774383545
ORIGA,B,558.jpg,1.0,3072.0,2048.0,1.5,65.17923736572266,44.70517349243164,7.01915168762207,120.90888214111328,61.2380256652832,13.390811920166016
ORIGA,B,559.jpg,0.0,3072.0,2048.0,1.5,69.3934097290039,47.81238555908203,3.9489405155181885,110.5223388671875,68.4035415649414,29.254358291625977
ORIGA,B,560.jpg,1.0,3072.0,2048.0,1.5,71.55399322509766,48.500667572021484,3.54365611076355,110.01290130615234,72.01019287109375,32.63888931274414
ORIGA,A,561.jpg,0.0,3072.0,2048.0,1.5,51.90056228637695,38.050086975097656,6.522003173828125,95.3460922241211,49.8968505859375,10.458748817443848
ORIGA,A,562.jpg,0.0,3072.0,2048.0,1.5,60.1910285949707,41.77900314331055,6.2376532554626465,111.06352996826172,58.82379150390625,10.685775756835938
ORIGA,A,563.jpg,0.0,3072.0,2048.0,1.5,67.98120880126953,49.794925689697266,3.2698922157287598,106.85696411132812,60.4093017578125,36.677371978759766
ORIGA,A,564.jpg,0.0,3072.0,2048.0,1.5,64.1233139038086,47.11526870727539,2.9966392517089844,100.12091064453125,57.565616607666016,34.683406829833984
ORIGA,A,565.jpg,0.0,3072.0,2048.0,1.5,73.09856414794922,49.809898376464844,3.7588539123535156,123.93011474609375,68.68016815185547,26.685415267944336
ORIGA,A,566.jpg,0.0,3072.0,2048.0,1.5,73.43152618408203,50.17523193359375,3.3994369506835938,124.60989379882812,69.2468032836914,26.4378662109375
ORIGA,B,567.jpg,0.0,3072.0,2048.0,1.5,85.46492767333984,57.666290283203125,4.127132415771484,132.38302612304688,80.53362274169922,43.47810745239258
ORIGA,B,568.jpg,0.0,3072.0,2048.0,1.5,77.45374298095703,52.86599349975586,3.6583385467529297,123.37503051757812,71.4462661743164,37.53995132446289
ORIGA,B,569.jpg,0.0,3072.0,2048.0,1.5,67.65251922607422,46.93967819213867,3.363785743713379,110.47481536865234,65.11773681640625,27.36501121520996
ORIGA,B,570.jpg,0.0,3072.0,2048.0,1.5,62.79368591308594,44.592491149902344,3.5014827251434326,102.02102661132812,60.462650299072266,25.897367477416992
ORIGA,B,571.jpg,1.0,3072.0,2048.0,1.5,72.66557312011719,48.09620666503906,3.183603048324585,119.93585205078125,72.20536804199219,25.855493545532227
ORIGA,B,572.jpg,1.0,3072.0,2048.0,1.5,70.55792236328125,45.23614501953125,3.101937770843506,119.74502563476562,69.84318542480469,22.08555030822754
ORIGA,A,573.jpg,0.0,3072.0,2048.0,1.5,63.96714401245117,43.71145248413086,2.7919063568115234,107.65196990966797,62.45359420776367,21.79585838317871
ORIGA,A,574.jpg,0.0,3072.0,2048.0,1.5,67.0631332397461,44.94411849975586,2.7078447341918945,107.67538452148438,74.12494659423828,19.389062881469727
ORIGA,B,575.jpg,0.0,3072.0,2048.0,1.5,76.39319610595703,53.16228485107422,3.298818588256836,130.8445587158203,68.2010269165039,30.1340274810791
ORIGA,B,576.jpg,0.0,3072.0,2048.0,1.5,74.26874542236328,51.846893310546875,4.840054035186768,122.96511840820312,68.32176971435547,31.51936149597168
ORIGA,A,577.jpg,0.0,3072.0,2048.0,1.5,72.9211196899414,50.52931213378906,3.051849842071533,135.50794982910156,69.5694351196289,13.685973167419434
ORIGA,A,578.jpg,1.0,3072.0,2048.0,1.5,72.2006607055664,50.664676666259766,2.8484601974487305,134.37901306152344,65.48504638671875,16.737945556640625
ORIGA,B,579.jpg,0.0,3072.0,2048.0,1.5,78.63949584960938,52.65836715698242,3.212218761444092,133.2686309814453,73.84231567382812,28.807558059692383
ORIGA,B,580.jpg,1.0,3072.0,2048.0,1.5,76.08491516113281,52.393714904785156,3.223414897918701,133.74290466308594,70.55602264404297,23.9558162689209
ORIGA,B,581.jpg,0.0,3072.0,2048.0,1.5,74.73856353759766,58.68037033081055,2.4226293563842773,118.38184356689453,76.90923309326172,28.92462921142578
ORIGA,B,582.jpg,1.0,3072.0,2048.0,1.5,91.67513275146484,73.77749633789062,3.0318949222564697,132.9554901123047,94.47798919677734,47.5919075012207
ORIGA,A,583.jpg,0.0,3072.0,2048.0,1.5,63.16423416137695,44.27438735961914,2.613522529602051,101.4896240234375,57.14552688598633,30.857559204101562
ORIGA,A,584.jpg,1.0,3072.0,2048.0,1.5,67.96894073486328,52.65606689453125,2.373854160308838,114.89041900634766,59.99776840209961,29.01863670349121
ORIGA,B,585.jpg,0.0,3072.0,2048.0,1.5,62.598331451416016,44.69273376464844,4.107773303985596,95.98725128173828,64.6796875,27.1280517578125
ORIGA,B,586.jpg,1.0,3072.0,2048.0,1.5,61.87223434448242,44.39971160888672,3.614849090576172,95.10418701171875,63.69797897338867,26.81453514099121
ORIGA,A,587.jpg,0.0,3072.0,2048.0,1.5,84.320068359375,57.975807189941406,4.187328338623047,121.75189208984375,82.69210815429688,48.516204833984375
ORIGA,A,588.jpg,1.0,3072.0,2048.0,1.5,71.3304443359375,50.03006362915039,3.860459327697754,104.9477767944336,68.86650848388672,40.17704772949219
ORIGA,A,589.jpg,1.0,3072.0,2048.0,1.5,81.17452239990234,54.746177673339844,2.634394645690918,115.06745147705078,83.78816986083984,44.66792678833008
ORIGA,B,590.jpg,0.0,3072.0,2048.0,1.5,49.80842971801758,37.47382736206055,3.729147434234619,84.47868347167969,47.689727783203125,17.25687599182129
ORIGA,B,591.jpg,1.0,3072.0,2048.0,1.5,55.1568717956543,41.17219543457031,3.6688575744628906,91.65573120117188,54.4027214050293,19.41216278076172
ORIGA,A,592.jpg,1.0,3072.0,2048.0,1.5,64.58362579345703,45.89361572265625,4.244843482971191,98.6480712890625,62.18980407714844,32.91300582885742
ORIGA,A,593.jpg,1.0,3072.0,2048.0,1.5,68.58258819580078,48.83730697631836,4.1161932945251465,100.3898696899414,66.6333999633789,38.72450637817383
ORIGA,A,594.jpg,0.0,3072.0,2048.0,1.5,67.91432189941406,44.4625129699707,2.552824020385742,105.782958984375,69.74185943603516,28.218154907226562
ORIGA,B,595.jpg,1.0,3072.0,2048.0,1.5,57.7443962097168,42.29905319213867,2.8490374088287354,86.77779388427734,54.29095458984375,32.164432525634766
ORIGA,B,596.jpg,0.0,3072.0,2048.0,1.5,81.15078735351562,52.42546463012695,2.5668716430664062,111.16336059570312,87.9874038696289,44.301605224609375
ORIGA,B,597.jpg,0.0,3072.0,2048.0,1.5,54.01277542114258,38.948463439941406,4.075265884399414,95.70391845703125,53.19675827026367,13.137664794921875
ORIGA,B,598.jpg,1.0,3072.0,2048.0,1.5,51.93094253540039,36.141876220703125,3.220947742462158,91.6784439086914,51.95086669921875,12.163508415222168
ORIGA,B,599.jpg,0.0,3072.0,2048.0,1.5,49.0237922668457,36.75150680541992,3.6536941528320312,78.65508270263672,41.848575592041016,26.567718505859375
ORIGA,B,600.jpg,1.0,3072.0,2048.0,1.5,47.11283493041992,34.9586067199707,2.8659210205078125,75.98395538330078,41.71358871459961,23.640966415405273
ORIGA,B,601.jpg,1.0,3072.0,2048.0,1.5,67.18297576904297,46.56046676635742,3.0349268913269043,113.9590072631836,69.66779327392578,17.922121047973633
ORIGA,B,602.jpg,0.0,3072.0,2048.0,1.5,73.5246810913086,48.53038787841797,2.6470882892608643,119.4913330078125,79.47840118408203,21.604310989379883
ORIGA,A,603.jpg,0.0,3072.0,2048.0,1.5,66.10623931884766,47.271697998046875,3.858719825744629,107.26973724365234,61.764530181884766,29.284433364868164
ORIGA,A,604.jpg,1.0,3072.0,2048.0,1.5,63.669979095458984,45.10496139526367,4.266183853149414,103.9403305053711,59.80983352661133,27.259765625
ORIGA,B,605.jpg,1.0,3072.0,2048.0,1.5,65.9758529663086,46.009944915771484,3.829489231109619,102.9695053100586,65.37711334228516,29.580917358398438
ORIGA,B,606.jpg,0.0,3072.0,2048.0,1.5,67.7728500366211,48.06372833251953,3.8399622440338135,102.09073638916016,68.47566986083984,32.752140045166016
ORIGA,A,607.jpg,0.0,3072.0,2048.0,1.5,62.513824462890625,40.1828498840332,3.9521658420562744,96.65258026123047,63.387359619140625,27.50153923034668
ORIGA,A,608.jpg,1.0,3072.0,2048.0,1.5,65.3880386352539,42.00662612915039,3.812349319458008,100.82308197021484,65.57286834716797,29.768173217773438
ORIGA,B,609.jpg,1.0,3072.0,2048.0,1.5,69.70568084716797,48.704307556152344,3.132439613342285,117.05156707763672,65.80297088623047,26.26251792907715
ORIGA,B,610.jpg,0.0,3072.0,2048.0,1.5,68.53362274169922,47.22074890136719,2.9906206130981445,113.66973876953125,64.07894134521484,27.85219383239746
ORIGA,A,611.jpg,0.0,3072.0,2048.0,1.5,40.39601135253906,29.80061149597168,2.900263547897339,70.5326156616211,33.661373138427734,16.994050979614258
ORIGA,A,612.jpg,1.0,3072.0,2048.0,1.5,42.83224868774414,31.402990341186523,2.787219524383545,73.08184814453125,35.97951889038086,19.435373306274414
ORIGA,B,613.jpg,1.0,3072.0,2048.0,1.5,73.46045684814453,46.02778244018555,2.6502554416656494,115.91671752929688,82.45719146728516,22.007461547851562
ORIGA,B,614.jpg,0.0,3072.0,2048.0,1.5,68.50658416748047,47.87767791748047,2.934798240661621,110.17214965820312,59.13834762573242,36.20924758911133
ORIGA,A,615.jpg,1.0,3072.0,2048.0,1.5,55.77066421508789,40.106689453125,5.067758560180664,88.80508422851562,51.9557991027832,26.551118850708008
ORIGA,A,616.jpg,0.0,3072.0,2048.0,1.5,60.21799850463867,42.264747619628906,3.9236154556274414,97.44388580322266,55.851837158203125,27.358245849609375
ORIGA,B,617.jpg,1.0,3072.0,2048.0,1.5,72.20265197753906,51.65980529785156,2.782421112060547,108.22737884521484,63.00722885131836,45.37334060668945
ORIGA,A,618.jpg,1.0,3072.0,2048.0,1.5,64.75114440917969,38.17694091796875,3.026559352874756,102.4445571899414,64.12322235107422,27.68566131591797
ORIGA,A,619.jpg,1.0,3072.0,2048.0,1.5,65.55866241455078,42.74015808105469,3.350208044052124,101.5887222290039,65.9471435546875,29.1401309967041
ORIGA,B,620.jpg,0.0,3072.0,2048.0,1.5,88.2492446899414,60.27333450317383,3.3287456035614014,136.26853942871094,87.7093734741211,40.76984786987305
ORIGA,B,621.jpg,1.0,3072.0,2048.0,1.5,87.4026870727539,59.25688934326172,2.8509607315063477,131.7862548828125,87.68023681640625,42.741580963134766
ORIGA,B,622.jpg,1.0,3072.0,2048.0,1.5,77.2660140991211,53.94813919067383,2.6921181678771973,124.14495849609375,77.03388214111328,30.61918830871582
ORIGA,A,623.jpg,1.0,3072.0,2048.0,1.5,67.19664764404297,46.314212799072266,4.166193008422852,101.86712646484375,63.773983001708984,35.9488525390625
ORIGA,A,624.jpg,1.0,3072.0,2048.0,1.5,69.11334991455078,48.46071243286133,4.047801971435547,100.96481323242188,67.40209197998047,38.973167419433594
ORIGA,B,625.jpg,0.0,3072.0,2048.0,1.5,61.31329345703125,43.637325286865234,3.831059455871582,97.5130386352539,58.20931625366211,28.217544555664062
ORIGA,B,626.jpg,1.0,3072.0,2048.0,1.5,64.60236358642578,46.2935676574707,3.5533974170684814,102.74393463134766,61.6104621887207,29.45270347595215
ORIGA,B,627.jpg,1.0,3072.0,2048.0,1.5,64.41708374023438,46.221927642822266,3.1300387382507324,106.4374008178711,64.20694732666016,22.60691261291504
ORIGA,B,628.jpg,1.0,3072.0,2048.0,1.5,62.65663528442383,44.034706115722656,2.8282814025878906,107.62972259521484,61.2680549621582,19.0721378326416
ORIGA,B,629.jpg,0.0,3072.0,2048.0,1.5,68.46368408203125,48.35089874267578,2.886507987976074,116.60933685302734,70.03446197509766,18.74724006652832
ORIGA,B,630.jpg,1.0,3072.0,2048.0,1.5,67.45005798339844,46.662330627441406,2.8226966857910156,115.20220947265625,68.59109497070312,18.556875228881836
ORIGA,A,631.jpg,1.0,3072.0,2048.0,1.5,68.25475311279297,45.48832702636719,3.002779245376587,115.5888442993164,68.05521392822266,21.120201110839844
ORIGA,A,632.jpg,1.0,3072.0,2048.0,1.5,68.32915496826172,46.40053176879883,3.1417555809020996,111.37359619140625,70.43205261230469,23.18181800842285
ORIGA,A,633.jpg,0.0,3072.0,2048.0,1.5,82.63724517822266,55.0717658996582,2.51294207572937,134.67591857910156,83.3897705078125,29.84605598449707
ORIGA,A,634.jpg,1.0,3072.0,2048.0,1.5,89.52779388427734,62.52444839477539,2.6779067516326904,145.7301788330078,88.7303237915039,34.12286376953125
ORIGA,B,635.jpg,0.0,3072.0,2048.0,1.5,68.10086822509766,45.737518310546875,3.03316068649292,114.2446060180664,69.27315521240234,20.78485679626465
ORIGA,B,636.jpg,1.0,3072.0,2048.0,1.5,81.1729965209961,53.188106536865234,2.4338455200195312,113.7263412475586,89.93707275390625,39.8555793762207
ORIGA,B,637.jpg,0.0,3072.0,2048.0,1.5,58.37630844116211,42.525733947753906,3.267652988433838,90.84647369384766,63.84556579589844,20.436880111694336
ORIGA,B,638.jpg,1.0,3072.0,2048.0,1.5,62.28598403930664,46.529598236083984,3.5261662006378174,94.07791900634766,68.75767517089844,24.022363662719727
ORIGA,B,639.jpg,0.0,3072.0,2048.0,1.5,68.81401062011719,46.70457458496094,3.0717687606811523,117.53146362304688,66.05669403076172,22.853872299194336
ORIGA,B,640.jpg,1.0,3072.0,2048.0,1.5,68.80280303955078,46.31539535522461,2.9128174781799316,118.1261978149414,66.86946868896484,21.412734985351562
ORIGA,B,641.jpg,1.0,3072.0,2048.0,1.5,66.37284088134766,48.14900207519531,2.851273536682129,110.69476318359375,64.47953033447266,23.944229125976562
ORIGA,B,642.jpg,0.0,3072.0,2048.0,1.5,67.04898071289062,49.265281677246094,3.4150280952453613,109.45233154296875,65.93358612060547,25.761014938354492
ORIGA,B,643.jpg,0.0,3072.0,2048.0,1.5,63.88337707519531,45.64851379394531,4.028390884399414,98.4765625,59.79985427856445,33.37369918823242
ORIGA,B,644.jpg,1.0,3072.0,2048.0,1.5,58.271942138671875,46.05865478515625,4.05692195892334,85.91353607177734,55.75539779663086,33.146888732910156
ORIGA,A,645.jpg,1.0,3072.0,2048.0,1.5,65.73571014404297,46.73197937011719,4.949532508850098,111.15835571289062,60.9162483215332,25.132522583007812
ORIGA,A,646.jpg,1.0,3072.0,2048.0,1.5,61.95767593383789,45.145301818847656,4.7824554443359375,105.99859619140625,57.66522216796875,22.209218978881836
ORIGA,A,647.jpg,1.0,3072.0,2048.0,1.5,74.27106475830078,50.244197845458984,2.5188422203063965,113.94915771484375,67.7689208984375,41.09512710571289
ORIGA,A,648.jpg,1.0,3072.0,2048.0,1.5,70.20772552490234,47.15349197387695,2.4066672325134277,118.50247955322266,69.50472259521484,22.615951538085938
ORIGA,B,649.jpg,0.0,3072.0,2048.0,1.5,75.14701843261719,51.2137451171875,3.798525333404541,117.5768051147461,77.22553253173828,30.638708114624023
ORIGA,B,650.jpg,1.0,3072.0,2048.0,1.5,80.44012451171875,56.905757904052734,3.733452081680298,125.2795181274414,81.71503448486328,34.325843811035156
